# Blender 5.1.2
# www.blender.org
mtllib Rock.mtl
o Cube
v -0.334363 -0.438871 -0.798998
v -0.321464 -0.430423 -0.814392
v -0.137056 -0.283326 -0.829807
v -0.078413 -0.240695 -0.846739
v -0.034961 -0.196485 -0.872070
v 0.045439 -0.196341 -0.893335
v -0.840629 0.166522 0.060702
v -0.874246 0.008388 -0.025062
v -0.864487 -0.015581 -0.010725
v -0.809295 -0.049079 -0.046493
v -0.768020 -0.081228 -0.055237
v -0.275545 0.157759 0.636407
v -0.306584 0.164163 0.601113
v -0.340717 0.167136 0.576501
v -0.374496 0.192253 0.550021
v -0.450816 0.207410 0.532196
v -0.471343 0.222304 0.524335
v -0.480748 0.230295 0.512222
v -0.598023 0.253537 0.351178
v -0.649945 0.269212 0.299333
v -0.678611 0.315709 0.282951
v 0.181299 -0.142017 -0.949779
v 0.178789 -0.170185 -0.933844
v 0.171314 -0.207402 -0.917099
v 0.414470 0.734718 0.066403
v 0.372621 0.794785 -0.006454
v 0.346101 0.820844 -0.036186
v 0.272294 0.866608 -0.124229
v 0.252472 0.857132 -0.136445
v 0.213984 0.818412 -0.166451
v 0.094775 0.740513 -0.206704
v 0.056651 0.645474 -0.268991
v -0.023443 0.638668 -0.276032
v -0.448416 -0.740934 -0.083730
v 0.629977 0.497105 0.333985
v 0.839461 0.435788 0.265596
v 0.918654 0.397927 0.231354
v 1.000396 0.343750 0.198062
v 1.071143 0.275889 0.179596
v 1.123287 0.216892 0.160921
v 1.176341 0.165634 0.106886
v 1.174344 0.139774 0.147577
v 1.181517 0.133646 0.108174
v 1.151701 0.079514 0.073649
v 1.118467 0.049675 0.029371
v 1.083138 -0.002604 0.003687
v 1.013806 -0.139474 -0.005518
v 0.990064 -0.057900 -0.084453
v -0.009711 0.219774 0.930183
v 0.006473 0.227913 0.931516
v 0.003985 0.252491 0.908975
v 0.385784 0.409713 0.530949
v 0.502826 0.469985 0.412479
v 0.108626 -0.007129 -1.008606
v 0.139707 0.124921 -1.077175
v 0.093690 0.290883 -1.033516
v 0.055317 0.383423 -1.009609
v 0.053373 0.401542 -0.995970
v 0.058552 0.474820 -0.836092
v 0.057915 0.493359 -0.778108
v -0.025519 0.510207 -0.718600
v -0.032206 0.538379 -0.551470
v -0.049025 0.579055 -0.354202
v -0.060587 0.595731 -0.335233
v 0.784795 -0.659193 0.063778
v -0.019172 -0.577700 0.924963
v -0.022290 -0.564420 0.944202
v -0.026912 -0.541795 0.954027
v -0.065843 -0.412590 0.970247
v -0.087969 -0.319907 0.976321
v -0.119088 -0.091767 0.988566
v -0.133528 -0.071948 0.977163
v -0.055903 0.620557 -0.302968
v -0.164042 0.701050 -0.286380
v -0.243037 0.740628 -0.288606
v -0.320042 0.778327 -0.282709
v -0.394403 0.843308 -0.226528
v -0.444949 0.889132 -0.174261
v -0.614735 0.886942 -0.204600
v -0.759306 0.893197 -0.172859
v -0.782474 0.883321 -0.157954
v -0.802498 0.844645 -0.129039
v -0.812891 0.811472 -0.103752
v -0.827308 0.757225 -0.076601
v -0.846290 0.674870 -0.044505
v -0.861231 0.594333 -0.026674
v -0.840650 0.565833 0.036547
v -0.814297 0.406911 0.119527
v -0.041124 -0.085072 1.044716
v -0.062023 -0.194323 1.017186
v -0.028809 -0.321524 1.014632
v -0.012795 -0.415000 1.001962
v -0.048125 -0.501948 0.955926
v 0.000129 -0.543814 0.968106
v 0.004752 -0.561131 0.948750
v -0.107311 0.046042 0.931414
v 0.015639 -0.520405 0.984861
v 0.040732 -0.538952 0.976750
v 0.057301 -0.546806 0.966432
v -0.015597 -0.188188 1.045930
v 0.030130 -0.407241 1.026693
v 0.068221 -0.495872 1.016613
v 0.050891 -0.520227 0.999275
v -0.001833 -0.154455 1.048566
v 0.024691 -0.265346 1.054941
v 0.074984 -0.516298 1.001601
v -0.061335 0.029453 0.978843
v -0.013894 -0.043272 1.044863
v 0.050506 -0.105478 1.047390
v 0.019156 -0.233979 1.055387
v 0.068343 -0.303139 1.064461
v 0.073517 -0.340903 1.061575
v 0.096336 -0.470328 1.036252
v 0.128059 -0.477685 1.038055
v -0.042178 -0.069341 1.039260
v 0.004737 -0.005411 1.041618
v 0.030472 -0.012998 1.046877
v 0.110635 -0.385937 1.065020
v 0.144663 -0.442672 1.060817
v 0.126843 -0.468259 1.047101
v 0.189054 -0.518727 0.976508
v 0.105327 -0.346587 1.070739
v 0.140363 -0.396075 1.072284
v 0.154881 -0.462305 1.047663
v 0.008774 0.170796 0.967681
v 0.032877 0.096957 1.017389
v 0.053255 0.044977 1.050686
v 0.083947 -0.180965 1.053445
v 0.166002 -0.384672 1.076995
v 0.173928 -0.412419 1.078113
v 0.179604 -0.436840 1.067951
v 0.050194 0.061943 1.043123
v 0.203675 -0.376094 1.077570
v 0.202376 -0.406402 1.079744
v 0.206982 -0.428701 1.065143
v 0.219988 -0.550173 0.914644
v 0.228059 -0.604306 0.834714
v 0.228863 -0.632996 0.779979
v 0.251714 -0.640067 0.755325
v 0.012504 0.196125 0.958345
v 0.032245 0.137185 0.999270
v 0.060260 0.076058 1.034019
v 0.132457 -0.104559 1.053443
v 0.228687 -0.396922 1.072199
v 0.212189 -0.469521 1.016349
v 0.250842 -0.623825 0.776527
v 0.252046 -0.660016 0.710662
v 0.032929 0.169917 0.975437
v 0.105814 0.022291 1.052418
v 0.130665 -0.003439 1.053266
v 0.225456 -0.265525 1.070277
v 0.260227 -0.333627 1.077222
v 0.250008 -0.364898 1.078806
v 0.297607 -0.344785 1.042918
v 0.250909 -0.594335 0.812070
v 0.270871 -0.636977 0.727226
v 0.272859 -0.653270 0.705282
v 0.273072 -0.671462 0.671554
v 0.145431 0.006201 1.049766
v 0.155137 -0.015438 1.056481
v 0.187680 -0.042737 1.058304
v 0.213219 -0.092770 1.061639
v 0.286423 -0.302697 1.076684
v 0.273655 -0.353015 1.064129
v 0.282459 -0.512606 0.859373
v 0.288766 -0.657155 0.672605
v 0.299551 -0.671225 0.639791
v 0.291495 -0.682578 0.630233
v 0.185581 -0.028121 1.054474
v 0.334872 -0.251354 1.078072
v 0.308134 -0.270732 1.076846
v 0.294765 -0.321318 1.072061
v 0.277766 -0.435362 0.965462
v 0.309423 -0.683494 0.611973
v 0.226688 -0.064001 1.057381
v 0.237116 -0.089556 1.064015
v 0.266625 -0.158261 1.068679
v 0.315011 -0.288707 1.078068
v 0.317384 -0.309444 1.056963
v 0.333643 -0.524452 0.740623
v 0.325324 -0.697787 0.561544
v 0.112000 0.116320 0.994045
v 0.175628 0.030296 1.027682
v 0.269737 -0.103178 1.059165
v 0.338311 -0.277617 1.065694
v 0.351444 -0.340361 0.974032
v 0.394375 -0.524442 0.608941
v 0.325021 -0.677771 0.590156
v 0.341352 -0.688004 0.555386
v 0.340691 -0.704173 0.531062
v 0.301230 -0.168976 1.071574
v 0.358171 -0.244024 1.070308
v 0.402646 -0.242597 1.023546
v 0.351116 -0.400595 0.891420
v 0.419810 -0.373428 0.804461
v 0.370757 -0.441090 0.790885
v 0.356661 -0.693501 0.527064
v 0.355605 -0.705911 0.512549
v 0.350148 -0.712195 0.493911
v 0.232576 0.065140 0.986362
v 0.266502 -0.027607 1.025888
v 0.449004 -0.293907 0.884110
v 0.407038 -0.576781 0.530592
v 0.372141 -0.697926 0.501050
v 0.369867 -0.709946 0.485595
v 0.386703 -0.713221 0.457662
v 0.125645 0.207677 0.915280
v 0.365273 -0.097346 1.017154
v 0.439369 -0.200834 1.020635
v 0.395379 -0.702066 0.466803
v 0.321894 0.003678 0.986636
v 0.438427 -0.261035 0.948955
v 0.402950 -0.711330 0.452139
v 0.399686 -0.714189 0.442804
v 0.218381 0.133203 0.944349
v 0.440552 -0.148734 1.001758
v 0.444979 -0.459709 0.595047
v 0.417927 -0.701408 0.438211
v 0.344848 0.075097 0.932160
v 0.486102 -0.304158 0.800997
v 0.449637 -0.494519 0.540484
v 0.448970 -0.535835 0.499442
v 0.453721 -0.591195 0.453642
v 0.433577 -0.710299 0.416128
v 0.426367 -0.718454 0.399539
v 0.443350 -0.052526 0.958456
v 0.505028 -0.186282 0.955701
v 0.483732 -0.413769 0.597100
v 0.448960 -0.700892 0.403022
v 0.446555 -0.716172 0.389338
v 0.516370 -0.156826 0.963958
v 0.527300 -0.217818 0.879541
v 0.496725 -0.596517 0.403813
v 0.470766 -0.709044 0.376054
v 0.457373 -0.719519 0.360992
v 0.217999 0.251624 0.835163
v 0.546094 -0.163984 0.929816
v 0.493672 -0.714649 0.346927
v 0.448309 0.031263 0.909322
v 0.565508 -0.124823 0.923213
v 0.511949 -0.422151 0.537387
v 0.501469 -0.469785 0.491559
v 0.487378 -0.528088 0.456213
v 0.517493 -0.705961 0.333289
v 0.299879 0.169088 0.880870
v 0.535141 -0.027422 0.895151
v 0.538337 -0.361448 0.598815
v 0.404822 0.140459 0.855140
v 0.591787 -0.139333 0.902981
v 0.627330 -0.168809 0.811635
v 0.522564 -0.507515 0.434293
v 0.348517 0.209724 0.821044
v 0.609320 -0.106207 0.888201
v 0.546589 -0.443779 0.469392
v 0.561739 -0.709239 0.291261
v 0.485459 0.074118 0.861828
v 0.629667 -0.118384 0.880026
v 0.643907 -0.129359 0.848146
v 0.587270 -0.235113 0.759374
v 0.565681 -0.391795 0.514005
v 0.544084 -0.564023 0.379356
v 0.562047 -0.696272 0.300776
v 0.266287 0.302071 0.752974
v 0.381649 0.261408 0.751263
v 0.648644 -0.105038 0.861836
v 0.589517 -0.333809 0.577468
v 0.592626 -0.511116 0.375403
v 0.632392 -0.688262 0.251021
v 0.668470 -0.117505 0.834065
v 0.594397 -0.406114 0.467760
v 0.566408 -0.469006 0.426954
v 0.582911 -0.556808 0.354809
v 0.588945 -0.708506 0.254356
v 0.594466 0.020381 0.832027
v 0.680568 -0.082553 0.830150
v 0.706908 -0.097580 0.814127
v 0.678955 -0.229832 0.646534
v 0.628373 -0.699548 0.235429
v 0.265892 0.346891 0.685413
v 0.461700 0.222461 0.752407
v 0.508332 0.148522 0.793577
v 0.611857 0.132497 0.744517
v 0.683502 -0.068731 0.822324
v 0.719824 -0.111059 0.780690
v 0.719406 -0.171846 0.692615
v 0.645205 -0.382621 0.455160
v 0.649302 -0.415957 0.416796
v 0.644217 -0.462126 0.378815
v 0.648234 0.068099 0.767195
v 0.734451 -0.003413 0.752348
v 0.729223 -0.083342 0.796341
v 0.669995 -0.673028 0.232695
v 0.760553 -0.059880 0.762106
v 0.750545 -0.094390 0.767261
v 0.633966 -0.340512 0.518893
v 0.715566 -0.597763 0.246580
v 0.388262 0.371910 0.594829
v 0.773744 -0.083473 0.755057
v 0.792930 -0.071430 0.743076
v 0.719058 -0.675369 0.185816
v 0.459592 0.344415 0.609045
v 0.705726 0.111045 0.698406
v 0.813518 -0.082218 0.713370
v 0.845998 -0.085821 0.674924
v 0.756146 -0.239532 0.555400
v 0.780628 -0.506103 0.268238
v 0.761241 -0.646260 0.184812
v 0.767878 -0.657023 0.158984
v 0.837001 -0.070758 0.702694
v 0.832479 -0.430807 0.297568
v 0.821792 -0.047895 0.708981
v 0.854899 -0.058501 0.686913
v 0.797141 -0.139463 0.655514
v 0.845149 -0.168506 0.571504
v 0.831189 -0.246452 0.485840
v 0.509623 0.392695 0.520727
v 0.622448 0.278202 0.605116
v 0.615926 0.219183 0.667591
v 0.900716 -0.054584 0.645547
v 0.844099 -0.359868 0.353429
v 0.663681 0.373542 0.475994
v 0.757704 0.155945 0.627468
v 0.779246 0.070224 0.674135
v 0.861685 0.021259 0.638766
v 0.851932 -0.283226 0.428123
v 0.824123 -0.628742 0.151719
v 0.801767 -0.644392 0.132770
v 0.933668 0.017695 0.576958
v 0.924277 -0.038825 0.616480
v 0.923052 -0.066501 0.618772
v 0.878530 -0.070054 0.660192
v 0.855191 -0.530970 0.203170
v 0.847339 -0.619419 0.137264
v 0.819480 -0.640027 0.091834
v 0.473131 0.421804 0.490169
v 0.698244 0.219685 0.615444
v 0.909298 0.095710 0.549778
v 0.945642 -0.055457 0.604228
v 0.870532 -0.594477 0.143294
v 0.789538 -0.653049 0.050895
v 0.771971 0.218731 0.564614
v 0.968139 -0.033213 0.570904
v 0.968914 -0.065879 0.575184
v 0.930514 -0.160524 0.505593
v 0.954185 -0.213003 0.427777
v 0.907894 -0.331400 0.339301
v 0.908188 -0.427498 0.251752
v 0.904761 -0.546851 0.155395
v 0.864372 -0.609027 0.123091
v 0.866121 0.161438 0.538677
v 0.989244 -0.052993 0.559451
v 0.913170 -0.522018 0.169475
v 0.913824 -0.541510 0.152958
v 0.900432 -0.552516 0.133424
v 0.824788 -0.623105 0.075817
v 0.999757 -0.041718 0.543031
v 1.015658 -0.063527 0.531368
v 0.936966 -0.483305 0.183880
v 0.936800 -0.495949 0.173305
v 0.934149 -0.513763 0.156476
v 0.917562 -0.523583 0.136771
v 0.650860 0.453575 0.382449
v 0.699396 0.321151 0.513461
v 0.785631 0.269199 0.507492
v 1.036606 -0.044616 0.503574
v 1.036896 -0.073575 0.499854
v 0.988396 -0.071662 0.549277
v 0.977653 -0.349438 0.271372
v 0.962286 -0.455431 0.188236
v 0.961440 -0.469750 0.176568
v 0.950622 -0.483760 0.158421
v 0.934152 -0.494324 0.139237
v 0.981661 0.087614 0.483689
v 1.029143 0.032330 0.468879
v 1.059796 -0.060459 0.483991
v 1.011862 -0.248596 0.342417
v 0.995812 -0.408082 0.203580
v 0.982660 -0.441318 0.178212
v 0.966534 -0.453431 0.159408
v 0.875199 0.229256 0.472188
v 1.084346 -0.022604 0.433774
v 1.071524 -0.046300 0.462217
v 1.085061 -0.070698 0.453408
v 1.084466 -0.280472 0.244925
v 1.023926 -0.362688 0.221589
v 1.013641 -0.396360 0.196043
v 0.997869 -0.409954 0.177625
v 1.102971 -0.051200 0.423909
v 1.106821 -0.080558 0.420632
v 1.067151 -0.079682 0.463178
v 1.060564 -0.305808 0.243321
v 1.043552 -0.349016 0.211935
v 1.028137 -0.364015 0.193856
v 0.966418 -0.405933 0.118074
v 0.758319 0.344156 0.449070
v 0.960728 0.179800 0.434122
v 1.124970 -0.066583 0.400855
v 1.128600 -0.090331 0.387370
v 1.094106 -0.243695 0.271317
v 1.057340 -0.315745 0.208217
v 1.014264 -0.343882 0.147346
v 0.858973 0.293492 0.424023
v 1.021251 0.138666 0.400526
v 1.062879 0.094805 0.383663
v 1.097740 0.048934 0.370139
v 1.133478 -0.053717 0.382333
v 1.150133 -0.076550 0.368259
v 1.150305 -0.100027 0.353532
v 1.138730 -0.151757 0.315735
v 1.132939 -0.175023 0.299132
v 1.130048 -0.188263 0.289091
v 1.125093 -0.209486 0.273379
v 1.100087 -0.247547 0.238442
v 1.073069 -0.298928 0.226886
v 1.159875 -0.061634 0.344541
v 1.176281 -0.084864 0.329206
v 1.171835 -0.109649 0.319045
v 1.165020 -0.135181 0.299425
v 1.140313 -0.173760 0.266945
v 1.112459 -0.232007 0.253377
v 0.947766 0.253493 0.377845
v 1.004270 0.212652 0.354177
v 1.178949 -0.029733 0.292747
v 1.062791 -0.238264 0.144350
v 0.911971 -0.445372 0.067068
v 0.732028 0.415890 0.382028
v 0.809944 0.383842 0.363226
v 1.140709 0.030689 0.317750
v 1.187509 -0.056672 0.285878
v 0.869132 0.347079 0.354230
v 1.052339 0.192227 0.311505
v 1.095812 0.149060 0.290065
v 1.128773 0.105601 0.276782
v 1.181126 0.025351 0.249250
v 1.184660 -0.040222 0.256964
v 1.156755 -0.084096 0.215411
v 1.109720 -0.154744 0.166079
v 0.926701 0.319488 0.327742
v 0.981652 0.278623 0.311149
v 1.192831 -0.001668 0.246121
v 1.023147 0.274860 0.260545
v 1.180610 0.089501 0.191422
v 1.189225 0.013376 0.218542
v 1.121233 -0.072559 0.119426
v 0.759666 0.452152 0.313989
v 1.190540 0.051947 0.205682
v 1.183383 0.021555 0.192917
v 0.891310 0.385432 0.282406
v 1.087770 0.214629 0.232199
v 1.149960 0.143079 0.198893
v 1.190933 0.066635 0.178902
v 1.168000 0.022803 0.151253
v 1.044723 -0.164876 0.054677
v 0.892326 -0.397253 0.012909
v 0.696070 0.490320 0.305236
v 0.964596 0.336023 0.260801
v 1.184638 0.080819 0.151215
v 1.188186 0.119485 0.138023
v -0.028568 0.595664 -0.316004
v 0.174527 0.768166 -0.202658
v 0.272993 0.846551 -0.151968
v 0.280864 0.856417 -0.136853
v 0.317457 0.839362 -0.070361
v 0.365147 0.800167 -0.038498
v 0.399798 0.782324 -0.002968
v 0.412920 0.767732 0.016689
v 0.523725 0.635908 0.169826
v -0.000924 0.612896 -0.292419
v 0.412177 0.769831 -0.007066
v 0.441504 0.757918 0.017959
v 0.451533 0.746311 0.031451
v -0.004544 0.590732 -0.314981
v 0.179976 0.738099 -0.230431
v 0.293803 0.796454 -0.212146
v 0.308838 0.811986 -0.177089
v 0.370306 0.762674 -0.102711
v 0.418830 0.729257 -0.067278
v 0.448364 0.747072 0.008767
v 0.468873 0.739732 0.022223
v 0.479072 0.735818 0.030212
v 0.486557 0.727299 0.043448
v 0.601726 0.532195 0.296884
v 0.046621 0.618473 -0.289119
v 0.306919 0.806919 -0.203652
v 0.502834 0.721902 0.033031
v 0.521515 0.710904 0.050929
v 0.647185 0.561001 0.228774
v 0.027672 0.595566 -0.308798
v 0.091637 0.636633 -0.286127
v 0.209108 0.707334 -0.271227
v 0.386875 0.732258 -0.136738
v 0.526000 0.707009 0.031800
v 0.543935 0.703071 0.044749
v 0.550361 0.695103 0.059924
v -0.004329 0.567969 -0.350699
v 0.013198 0.579195 -0.328966
v 0.334470 0.771001 -0.241696
v 0.354257 0.760127 -0.163259
v 0.567462 0.692089 0.046886
v 0.576296 0.685353 0.058990
v 0.650294 0.608359 0.146709
v 0.278935 0.727681 -0.282564
v 0.321924 0.766234 -0.254772
v 0.493889 0.688276 -0.035015
v 0.577182 0.679808 0.033636
v 0.596023 0.677396 0.048512
v 0.605086 0.671818 0.062793
v -0.039902 0.566572 -0.377766
v 0.085265 0.589393 -0.338692
v 0.081852 0.606361 -0.313078
v 0.393834 0.714745 -0.182490
v 0.421557 0.702288 -0.126460
v 0.457274 0.678706 -0.113100
v 0.502283 0.666086 -0.072372
v 0.624352 0.664805 0.049818
v 0.632324 0.658923 0.064999
v 0.618290 0.659286 0.076454
v 0.718284 0.524976 0.236873
v 0.048132 0.577422 -0.338427
v 0.232031 0.667636 -0.331192
v 0.370598 0.732959 -0.297771
v 0.657151 0.650554 0.051720
v 0.659402 0.645163 0.067816
v 0.682125 0.636958 0.063257
v -0.018600 0.552686 -0.411005
v 0.001758 0.553671 -0.393501
v 0.027679 0.563385 -0.360606
v 0.392387 0.711835 -0.226038
v 0.428248 0.682683 -0.199190
v 0.454006 0.667271 -0.170236
v 0.679264 0.641384 0.055810
v 0.050627 0.555651 -0.394944
v 0.089280 0.575010 -0.370499
v 0.337768 0.703435 -0.344033
v 0.358362 0.738005 -0.305728
v 0.393508 0.711283 -0.285489
v 0.501094 0.649556 -0.121498
v 0.562315 0.645183 -0.050498
v 0.730182 0.613046 0.060507
v 0.748515 0.554923 0.158226
v 0.247855 0.631989 -0.400229
v 0.348313 0.720677 -0.324114
v 0.366732 0.723629 -0.318664
v 0.504465 0.636025 -0.179158
v 0.697608 0.630242 0.042571
v 0.729469 0.617944 0.045809
v 0.793084 0.494817 0.220221
v 0.080961 0.559510 -0.410039
v 0.280949 0.653006 -0.387697
v 0.359129 0.701506 -0.345327
v 0.417994 0.687218 -0.337450
v 0.440943 0.670916 -0.250195
v 0.489923 0.640405 -0.216539
v 0.547959 0.623617 -0.135218
v 0.607970 0.612276 -0.092501
v 0.767985 0.598503 0.043603
v 0.776505 0.586260 0.061454
v 0.018613 0.547124 -0.424360
v 0.392887 0.671578 -0.366500
v 0.416462 0.694316 -0.320223
v 0.784895 0.589647 0.030960
v 0.202864 0.577916 -0.490404
v 0.198980 0.597751 -0.427913
v 0.334650 0.666166 -0.398788
v 0.428442 0.685171 -0.337187
v 0.758532 0.577168 -0.036078
v 0.814687 0.571424 0.040449
v 0.843916 0.490727 0.170649
v 0.342945 0.663206 -0.402158
v 0.452316 0.668039 -0.336849
v 0.562704 0.606140 -0.203643
v 0.630716 0.588702 -0.155327
v 0.262114 0.604933 -0.469393
v 0.329458 0.642299 -0.439011
v 0.337664 0.650830 -0.427828
v 0.515147 0.625775 -0.282221
v 0.841286 0.556427 0.002861
v 0.174032 0.560342 -0.522766
v 0.458437 0.657277 -0.361515
v 0.469166 0.658126 -0.357515
v 0.487283 0.646876 -0.355056
v 0.858903 0.550579 0.014393
v 0.923631 0.425349 0.179705
v 0.092232 0.533086 -0.589854
v 0.143768 0.544859 -0.563547
v 0.330082 0.620537 -0.482790
v 0.338666 0.621159 -0.483093
v 0.437261 0.616804 -0.432566
v 0.487994 0.636707 -0.384082
v 0.543701 0.615569 -0.386218
v 0.894737 0.489847 0.099113
v 0.354362 0.629513 -0.453669
v 0.519300 0.627726 -0.388123
v 0.800471 0.514812 -0.230097
v 0.787156 0.538164 -0.136706
v 0.838590 0.529676 -0.092756
v 0.915426 0.512043 0.004704
v 0.956000 0.440431 0.097875
v 0.275240 0.581144 -0.541694
v 0.335119 0.600506 -0.530202
v 0.342589 0.605116 -0.520812
v 0.556444 0.603050 -0.417505
v 0.693958 0.543579 -0.351724
v 0.754388 0.521672 -0.310706
v 0.566392 0.604635 -0.411498
v 0.890155 0.531398 -0.006687
v 0.978419 0.471804 -0.036056
v 1.003778 0.372039 0.145041
v 0.049625 0.525880 -0.624084
v 0.224698 0.555486 -0.584242
v 0.424809 0.584570 -0.505066
v 0.633171 0.527267 -0.530852
v 0.642360 0.556846 -0.470721
v 0.608156 0.576539 -0.447130
v 0.594824 0.589350 -0.413361
v 1.002936 0.431971 0.015286
v 0.355274 0.581856 -0.572989
v 0.623911 0.574041 -0.444990
v 0.960016 0.484645 -0.054141
v 1.040744 0.372996 0.065775
v 0.148714 0.519012 -0.689565
v 0.199048 0.530184 -0.665532
v 0.273434 0.548314 -0.637752
v 0.348203 0.569052 -0.613414
v 0.654680 0.558543 -0.448741
v 0.077813 0.508775 -0.719645
v 0.568313 0.520808 -0.577236
v 0.878823 0.481923 -0.228462
v 1.034090 0.426254 -0.065506
v 1.084982 0.302433 0.107157
v 0.374238 0.548981 -0.658274
v 0.518901 0.507937 -0.640162
v 0.680424 0.543233 -0.479355
v 0.784603 0.495299 -0.432007
v 0.851669 0.471195 -0.361655
v 1.076666 0.370142 -0.031689
v 0.179861 0.501163 -0.760280
v 0.299061 0.524144 -0.715195
v 0.760434 0.495859 -0.528833
v 0.730853 0.516491 -0.498409
v 0.932160 0.446991 -0.276271
v 1.012540 0.410057 -0.246373
v 1.063275 0.408770 -0.126948
v 0.383486 0.518817 -0.742246
v 0.791745 0.480695 -0.525494
v 0.879342 0.446686 -0.426122
v 0.981000 0.420095 -0.280040
v 1.045900 0.398910 -0.210169
v 1.076177 0.387873 -0.175751
v 1.090482 0.378088 -0.152033
v 1.100758 0.363872 -0.120951
v 1.110361 0.340937 -0.074530
v 1.115810 0.326210 -0.044471
v 1.105952 0.308397 0.038307
v 0.261125 0.491577 -0.795212
v 0.678154 0.484180 -0.595027
v 0.835894 0.462447 -0.475698
v 0.906657 0.436958 -0.397678
v 0.933527 0.427813 -0.369146
v 0.973875 0.413562 -0.325115
v 1.008088 0.394284 -0.275160
v 1.045186 0.375970 -0.219214
v 1.107236 0.329190 -0.111864
v 1.132387 0.308676 -0.062595
v 1.136122 0.295679 -0.036795
v 1.143045 0.267896 0.012886
v 1.144391 0.235463 0.079564
v 0.488815 0.468442 -0.771026
v 0.586332 0.468259 -0.687823
v 0.759712 0.470002 -0.576084
v 0.785309 0.468828 -0.563494
v 0.803145 0.463487 -0.548011
v 0.865215 0.434051 -0.465202
v 0.896387 0.418217 -0.422728
v 0.927948 0.401891 -0.379057
v 1.125893 0.313966 -0.076565
v 1.136658 0.268932 -0.042434
v 1.156728 0.248087 0.002373
v 1.160208 0.234870 0.028648
v 1.162666 0.205647 0.079087
v 0.217865 0.455822 -0.880449
v 0.387908 0.496201 -0.790849
v 0.679581 0.445475 -0.673707
v 0.700867 0.458208 -0.633737
v 0.733685 0.456148 -0.616955
v 0.750525 0.453789 -0.605289
v 0.777121 0.441622 -0.570378
v 1.048390 0.313843 -0.195898
v 1.094412 0.241249 -0.104167
v 1.158915 0.207707 0.022474
v 1.176164 0.185159 0.069369
v 0.580496 0.425808 -0.789927
v 0.644834 0.447915 -0.692150
v 0.697273 0.443325 -0.661760
v 1.173748 0.166954 0.072633
v 0.553406 0.429778 -0.804877
v 0.598408 0.438333 -0.748010
v 0.628533 0.435372 -0.731320
v 0.639907 0.433567 -0.724445
v 0.668313 0.422658 -0.688295
v 0.722735 0.431647 -0.629748
v 0.933043 0.332061 -0.348155
v 1.013640 0.270104 -0.225835
v 1.125220 0.165886 -0.022653
v 0.422699 0.452639 -0.874735
v 0.518422 0.433004 -0.827600
v 0.598417 0.418853 -0.767644
v 0.614192 0.411756 -0.746929
v 0.636177 0.398815 -0.716472
v 1.054766 0.146429 -0.118339
v 0.073390 0.404644 -0.990534
v 0.441318 0.429298 -0.908560
v 0.483798 0.423886 -0.880179
v 0.506018 0.420933 -0.866118
v 0.532125 0.412606 -0.839877
v 0.718564 0.355664 -0.600717
v 0.802328 0.302144 -0.478267
v 0.987347 0.144946 -0.199279
v 0.085004 0.389209 -1.016051
v 0.111095 0.391908 -1.010169
v 0.396494 0.408823 -0.953229
v 0.424572 0.413186 -0.941563
v 0.447781 0.410794 -0.928087
v 0.466603 0.404800 -0.907118
v 0.484783 0.398602 -0.886096
v 0.565555 0.398770 -0.797543
v 1.071418 0.084120 -0.063788
v 0.089319 0.367296 -1.025013
v 0.117330 0.375946 -1.035424
v 0.143753 0.378695 -1.030041
v 0.163684 0.381191 -1.025922
v 0.354667 0.391442 -0.986633
v 0.381287 0.394248 -0.978446
v 0.404955 0.392212 -0.965305
v 0.424618 0.386751 -0.944497
v 0.130187 0.354675 -1.042358
v 0.149515 0.360056 -1.049363
v 0.185952 0.363018 -1.051152
v 0.286658 0.371064 -1.027906
v 0.337227 0.374798 -1.015159
v 0.381709 0.368049 -0.980981
v 0.451133 0.316730 -0.892907
v 0.161789 0.352126 -1.054456
v 0.211191 0.349443 -1.068922
v 0.237957 0.350902 -1.064564
v 0.292155 0.354559 -1.051658
v 0.361561 0.372659 -1.000886
v 1.031951 -0.001310 -0.068125
v 0.214936 0.326237 -1.077226
v 0.245514 0.332777 -1.086488
v 0.269695 0.330832 -1.069660
v 0.317549 0.352622 -1.035211
v 0.219630 0.291332 -1.083717
v 0.245965 0.305536 -1.082416
v 0.371246 0.327913 -0.979970
v 0.241706 0.272984 -1.077757
v 0.195142 0.241944 -1.081891
v 0.222523 0.253360 -1.087316
v 0.267860 0.194166 -1.030960
v 0.222490 0.227144 -1.079927
v 0.360075 0.237292 -0.956861
v 0.187644 0.202419 -1.085124
v 0.199912 0.202588 -1.089871
v 0.230496 0.193839 -1.063028
v 0.200269 0.177587 -1.082351
v 0.439785 0.224654 -0.859422
v 0.151707 0.148744 -1.078971
v 0.178194 0.153162 -1.089354
v 0.179156 0.131283 -1.084150
v 0.275143 0.117065 -0.990317
v 0.180282 0.047340 -1.050029
v 0.268393 0.033029 -0.952729
v 0.125931 0.108007 -1.068115
v 0.190066 -0.063934 -0.986851
v 0.334511 0.051436 -0.877817
v 0.170567 -0.103724 -0.977641
v 0.268230 -0.057284 -0.890080
v 0.177781 -0.120563 -0.967287
v 0.166706 -0.149922 -0.954684
v 0.169805 -0.161893 -0.950619
v 0.159892 -0.178693 -0.940049
v 0.163253 -0.195726 -0.934038
v 0.152617 -0.212490 -0.923232
v 0.154889 -0.230703 -0.916957
v 0.156381 -0.256558 -0.900463
v 0.144413 -0.265920 -0.899979
v 0.147569 -0.290247 -0.888968
v 0.152721 -0.305989 -0.869884
v 0.132692 -0.309240 -0.881463
v 0.022117 -0.245021 -0.865471
v 0.137333 -0.329252 -0.875055
v 0.122638 -0.346036 -0.867837
v 0.036501 -0.287439 -0.856061
v 0.126456 -0.369684 -0.861415
v 0.143314 -0.344528 -0.855271
v 0.112614 -0.383773 -0.856327
v -0.040315 -0.289283 -0.836836
v 0.010334 -0.338295 -0.835867
v 0.115013 -0.411665 -0.847843
v 0.131431 -0.385980 -0.842387
v 0.099392 -0.429190 -0.843244
v 0.116038 -0.422644 -0.838476
v 0.082460 -0.447289 -0.835817
v -0.028717 -0.369057 -0.821878
v 0.069583 -0.512187 -0.823351
v -0.092963 -0.320394 -0.822426
v 0.090568 -0.500781 -0.819872
v 0.102445 -0.456437 -0.833354
v -0.070845 -0.397681 -0.812083
v 0.076539 -0.522040 -0.823215
v -0.126347 -0.367837 -0.811896
v 0.046251 -0.553783 -0.812863
v 0.077503 -0.548055 -0.804937
v 0.728335 -0.683313 -0.002393
v 0.754440 -0.662003 0.013037
v 0.062768 -0.570606 -0.807980
v 0.622760 -0.698490 -0.102855
v 0.653130 -0.703761 -0.070414
v 0.687663 -0.682956 -0.046740
v 0.043611 -0.596077 -0.806308
v 0.596693 -0.692814 -0.129046
v 0.681673 -0.698726 -0.032359
v 0.705652 -0.691759 -0.000782
v -0.024125 -0.567853 -0.800117
v 0.048434 -0.620533 -0.791181
v 0.071872 -0.582798 -0.788805
v 0.520797 -0.702059 -0.193790
v 0.575676 -0.714836 -0.139582
v 0.600898 -0.714483 -0.104735
v 0.632154 -0.709973 -0.065873
v -0.179570 -0.400480 -0.807942
v -0.031132 -0.637356 -0.790344
v 0.014596 -0.625739 -0.797870
v 0.034454 -0.642000 -0.791640
v 0.072827 -0.652448 -0.740908
v 0.106913 -0.657348 -0.694299
v 0.141076 -0.661652 -0.647752
v 0.173612 -0.659163 -0.604893
v 0.301873 -0.703657 -0.418249
v 0.370980 -0.695534 -0.341467
v 0.425009 -0.701645 -0.284147
v 0.473997 -0.715457 -0.233237
v 0.518823 -0.719735 -0.177777
v -0.002143 -0.643398 -0.792872
v 0.015106 -0.649955 -0.774208
v 0.045749 -0.660296 -0.740822
v 0.090647 -0.673340 -0.688839
v 0.175683 -0.690987 -0.584747
v 0.231668 -0.695048 -0.509367
v 0.354261 -0.711414 -0.352796
v 0.425727 -0.717075 -0.264590
v 0.448695 -0.719712 -0.232388
v -0.019251 -0.650532 -0.775817
v 0.312357 -0.712046 -0.365833
v -0.135966 -0.610634 -0.785516
v -0.064940 -0.634283 -0.787281
v -0.053656 -0.650653 -0.777322
v -0.104924 -0.632092 -0.784743
v -0.088135 -0.650295 -0.778649
v -0.074087 -0.656664 -0.763353
v 0.216568 -0.703129 -0.488101
v -0.277654 -0.526857 -0.796374
v -0.255788 -0.556228 -0.791431
v -0.207422 -0.627390 -0.781507
v -0.138918 -0.628796 -0.783202
v -0.122718 -0.649431 -0.779709
v -0.104677 -0.656774 -0.761316
v 0.134310 -0.684002 -0.636265
v -0.292754 -0.466604 -0.805866
v -0.173007 -0.625793 -0.782225
v -0.157308 -0.647415 -0.779708
v -0.139073 -0.655803 -0.762223
v -0.114417 -0.671262 -0.719823
v -0.325654 -0.456062 -0.799371
v -0.191890 -0.644522 -0.778894
v -0.173587 -0.654288 -0.762724
v -0.301494 -0.494328 -0.801761
v -0.293339 -0.527341 -0.777629
v -0.259024 -0.584869 -0.775536
v -0.225536 -0.635944 -0.772472
v -0.208185 -0.652167 -0.762747
v -0.206820 -0.666887 -0.724044
v -0.223788 -0.657870 -0.744785
v -0.244137 -0.658096 -0.705855
v -0.234140 -0.675876 -0.690541
v -0.248966 -0.676250 -0.670100
v -0.236133 -0.687504 -0.650087
v -0.261717 -0.672709 -0.647537
v -0.246671 -0.699669 -0.597474
v -0.329775 -0.521196 -0.690633
v -0.260265 -0.693027 -0.620054
v -0.272448 -0.691276 -0.592131
v -0.277851 -0.705301 -0.555526
v -0.268803 -0.711671 -0.531340
v -0.315960 -0.638095 -0.548022
v -0.293997 -0.702038 -0.519929
v -0.294912 -0.715027 -0.499343
v -0.295657 -0.721732 -0.460694
v -0.314460 -0.708695 -0.454177
v -0.303872 -0.727274 -0.413793
v -0.315813 -0.722672 -0.433569
v -0.326913 -0.715473 -0.410680
v -0.333394 -0.728306 -0.376502
v -0.338399 -0.736883 -0.305879
v -0.328094 -0.733216 -0.351005
v -0.349409 -0.718292 -0.345625
v -0.352150 -0.733168 -0.322260
v -0.356077 -0.737744 -0.288389
v -0.369234 -0.723242 -0.286167
v -0.362334 -0.739912 -0.250950
v -0.373443 -0.734548 -0.265887
v -0.383966 -0.728828 -0.243298
v -0.387883 -0.740795 -0.224587
v -0.377709 -0.742394 -0.205554
v -0.402098 -0.727575 -0.199870
v -0.401310 -0.742874 -0.181381
v -0.412919 -0.736606 -0.167744
v -0.423391 -0.729973 -0.147583
v -0.408328 -0.744104 -0.148873
v -0.430432 -0.738908 -0.126140
v -0.416227 -0.744477 -0.113771
v -0.431442 -0.743879 -0.100292
v -0.887503 0.034940 -0.036943
v -0.892428 0.049307 -0.026010
v -0.884565 0.021639 -0.016997
v -0.796542 0.352535 0.146584
v -0.839473 0.049858 -0.140043
v -0.902597 0.060148 -0.044613
v -0.899370 0.077832 -0.034697
v -0.881559 0.061369 -0.083667
v -0.900378 0.070521 -0.062625
v -0.904117 0.109478 -0.041487
v -0.895135 0.140046 -0.023881
v -0.844357 0.308955 0.071815
v -0.780807 -0.008362 -0.145239
v -0.860815 0.055264 -0.111344
v -0.888971 0.077547 -0.075803
v -0.902899 0.105537 -0.046959
v -0.894583 0.137587 -0.047362
v -0.898144 0.155071 -0.037849
v -0.899158 0.170455 -0.029429
v -0.891188 0.195144 -0.013731
v -0.868964 0.072130 -0.104478
v -0.892947 0.198780 -0.034632
v -0.896172 0.210358 -0.028309
v -0.891508 0.235714 -0.012884
v -0.820315 0.049732 -0.172590
v -0.852854 0.064595 -0.129196
v -0.853964 0.081414 -0.119623
v -0.888356 0.180652 -0.044225
v -0.890381 0.233004 -0.032317
v -0.894447 0.254623 -0.024094
v -0.890981 0.274818 -0.012054
v -0.859676 0.340026 0.046188
v -0.837750 0.057300 -0.153506
v -0.838276 0.073957 -0.143819
v -0.815124 0.130982 -0.149380
v -0.890198 0.269892 -0.027552
v -0.892580 0.302649 -0.021226
v -0.889652 0.310048 -0.010182
v -0.798724 0.042018 -0.198172
v -0.823711 0.066744 -0.167734
v -0.890567 0.329495 -0.022535
v -0.888797 0.342622 -0.010463
v -0.802101 0.060762 -0.202251
v -0.888133 0.358805 -0.024315
v -0.887845 0.372423 -0.012946
v -0.798606 0.052952 -0.215609
v -0.776616 0.112638 -0.214623
v -0.792176 0.184332 -0.168420
v -0.886461 0.388899 -0.026184
v -0.885961 0.401904 -0.012965
v -0.883527 0.434609 -0.014536
v -0.850605 0.424780 0.055830
v -0.785658 0.047254 -0.229322
v -0.783679 0.061929 -0.233855
v -0.780921 0.149254 -0.193442
v -0.884145 0.426498 -0.029212
v -0.720710 0.007436 -0.273139
v -0.777223 0.056052 -0.254037
v -0.841856 0.354101 -0.096779
v -0.856734 0.422347 -0.075845
v -0.885922 0.449940 -0.026103
v -0.879839 0.459794 -0.011375
v -0.762191 0.049015 -0.276901
v -0.763128 0.069585 -0.273446
v -0.879710 0.461148 -0.036192
v -0.881540 0.481067 -0.024149
v -0.877824 0.493806 -0.019171
v -0.759858 0.059582 -0.294023
v -0.752332 0.133483 -0.252236
v -0.761769 0.199774 -0.216324
v -0.792151 0.229830 -0.165049
v -0.876393 0.506535 -0.039920
v -0.748577 0.050361 -0.308250
v -0.746542 0.075362 -0.317888
v -0.741039 0.095690 -0.312421
v -0.811362 0.400429 -0.153579
v -0.877179 0.532120 -0.034546
v -0.873027 0.538157 -0.026830
v -0.746286 0.063564 -0.336560
v -0.738085 0.201251 -0.266491
v -0.758469 0.269816 -0.225071
v -0.870053 0.553451 -0.049429
v -0.730239 0.052587 -0.354828
v -0.739185 0.073963 -0.352600
v -0.730586 0.143937 -0.308247
v -0.810858 0.503478 -0.170436
v -0.831061 0.537556 -0.131216
v -0.867838 0.591115 -0.048518
v -0.732160 0.066370 -0.379079
v -0.725161 0.188170 -0.309996
v -0.859211 0.633359 -0.049323
v -0.730243 0.077548 -0.395952
v -0.724143 0.261473 -0.312158
v -0.718297 0.069292 -0.421439
v -0.719950 0.099363 -0.434657
v -0.715516 0.182526 -0.354508
v -0.714923 0.254571 -0.348759
v -0.737954 0.320220 -0.287742
v -0.783932 0.459804 -0.220254
v -0.853284 0.664613 -0.069749
v -0.718693 0.088926 -0.457246
v -0.842384 0.711362 -0.070923
v -0.706276 0.216361 -0.398058
v -0.756060 0.480685 -0.294272
v -0.716624 0.131145 -0.393639
v -0.798874 0.637577 -0.206709
v -0.852169 0.636822 -0.078817
v -0.835144 0.741995 -0.091074
v -0.704376 0.131831 -0.533994
v -0.704647 0.094416 -0.508561
v -0.701922 0.124559 -0.568501
v -0.724898 0.445163 -0.375696
v -0.772005 0.568587 -0.270411
v -0.816441 0.785921 -0.122628
v -0.689312 0.209787 -0.563761
v -0.687984 0.342949 -0.517412
v -0.700058 0.397870 -0.461463
v -0.834355 0.716654 -0.103656
v -0.687111 0.166873 -0.644287
v -0.676043 0.324789 -0.597303
v -0.730641 0.534762 -0.380871
v -0.744575 0.638833 -0.350134
v -0.619319 0.031963 -0.644392
v -0.763624 0.816815 -0.255877
v -0.483948 -0.168766 -0.742532
v -0.655232 0.092922 -0.642624
v -0.769065 0.853893 -0.219046
v -0.769187 0.879006 -0.197484
v -0.396525 -0.336718 -0.768792
v -0.566908 -0.011735 -0.732697
v -0.673223 0.248070 -0.660012
v -0.696621 0.506583 -0.491905
v -0.713963 0.609126 -0.439060
v -0.754956 0.822371 -0.276026
v -0.756824 0.848518 -0.256529
v -0.741380 0.876092 -0.210156
v -0.352402 -0.408216 -0.794792
v -0.665403 0.216925 -0.733737
v -0.677655 0.422944 -0.568998
v -0.739671 0.787942 -0.332555
v -0.742375 0.816962 -0.312485
v -0.728572 0.846397 -0.266798
v -0.351068 -0.390637 -0.821527
v -0.373531 -0.348876 -0.818429
v -0.610909 0.086624 -0.748012
v -0.724550 0.760265 -0.382722
v -0.727281 0.785794 -0.366098
v -0.715249 0.814386 -0.322074
v -0.333389 -0.376646 -0.825684
v -0.348983 -0.356448 -0.832204
v -0.364078 -0.338676 -0.838211
v -0.374145 -0.326961 -0.842361
v -0.395939 -0.286778 -0.838892
v -0.552849 0.007053 -0.796353
v -0.664583 0.189614 -0.735957
v -0.656253 0.354034 -0.692808
v -0.655826 0.462198 -0.659424
v -0.675040 0.535135 -0.569661
v -0.714304 0.702765 -0.425865
v -0.709014 0.730385 -0.433667
v -0.711522 0.754900 -0.417709
v -0.699301 0.782582 -0.374937
v -0.201902 -0.337855 -0.819271
v -0.370020 -0.300270 -0.848737
v -0.390064 -0.270338 -0.859658
v -0.399444 -0.258943 -0.863248
v -0.420123 -0.215004 -0.863875
v -0.533518 0.002217 -0.836478
v -0.581141 0.096879 -0.824933
v -0.644061 0.227967 -0.806747
v -0.647926 0.251751 -0.792492
v -0.648555 0.266113 -0.780624
v -0.690588 0.677530 -0.498576
v -0.693955 0.706278 -0.480864
v -0.694403 0.723653 -0.467266
v -0.683177 0.751273 -0.424961
v -0.663423 0.824948 -0.308799
v -0.392753 -0.230281 -0.872643
v -0.410810 -0.209117 -0.881816
v -0.424098 -0.188605 -0.883857
v -0.434696 -0.166974 -0.882425
v -0.468918 -0.100591 -0.875265
v -0.488211 -0.060639 -0.871970
v -0.512251 -0.014982 -0.865787
v -0.529167 0.027544 -0.853824
v -0.545340 0.069462 -0.842590
v -0.587340 0.151229 -0.823050
v -0.628771 0.263015 -0.805900
v -0.640172 0.288310 -0.801961
v -0.641480 0.328662 -0.772620
v -0.655562 0.591117 -0.625752
v -0.673656 0.635366 -0.557969
v -0.676881 0.660748 -0.541942
v -0.678605 0.673803 -0.534140
v -0.676454 0.692691 -0.515436
v -0.669811 0.707227 -0.493297
v -0.407676 -0.183036 -0.890622
v -0.421940 -0.157945 -0.900994
v -0.440603 -0.129808 -0.907317
v -0.459556 -0.087227 -0.897076
v -0.474728 -0.043101 -0.880432
v -0.487922 -0.008309 -0.868418
v -0.623588 0.318325 -0.802359
v -0.633628 0.346615 -0.795193
v -0.634264 0.364577 -0.782189
v -0.658522 0.610927 -0.609620
v -0.663768 0.647207 -0.584982
v -0.657724 0.662110 -0.562614
v -0.651489 0.676651 -0.540358
v -0.663675 0.718921 -0.475901
v -0.572098 0.838140 -0.281890
v -0.201113 -0.279051 -0.833395
v -0.417907 -0.107220 -0.910941
v -0.609231 0.355420 -0.802610
v -0.620904 0.382008 -0.799122
v -0.626189 0.423704 -0.783752
v -0.641541 0.561704 -0.678655
v -0.646563 0.599204 -0.651684
v -0.644360 0.617198 -0.631474
v -0.408256 -0.120020 -0.914405
v -0.441984 0.147831 -0.841129
v -0.576645 0.294022 -0.810947
v -0.605867 0.416377 -0.800353
v -0.617549 0.443956 -0.796732
v -0.621293 0.490691 -0.772734
v -0.624766 0.511810 -0.751694
v -0.629712 0.552749 -0.720706
v -0.628485 0.571693 -0.701575
v -0.623319 0.587148 -0.678347
v -0.638976 0.633671 -0.606493
v -0.383043 0.030862 -0.873379
v -0.602528 0.479187 -0.798356
v -0.612696 0.506772 -0.792667
v -0.611148 0.525595 -0.772221
v -0.606610 0.541792 -0.748423
v -0.550013 0.716762 -0.467184
v -0.227444 -0.237275 -0.849702
v -0.372400 -0.101923 -0.919071
v -0.394041 0.101667 -0.854910
v -0.393429 0.208482 -0.842014
v -0.565166 0.416372 -0.808381
v -0.551279 0.494393 -0.809138
v -0.583875 0.511930 -0.795424
v -0.597782 0.564803 -0.713860
v -0.550523 0.637358 -0.596462
v -0.416602 0.769063 -0.342348
v -0.191708 -0.174859 -0.872472
v -0.304509 -0.003083 -0.901313
v -0.552660 0.514548 -0.794082
v -0.545439 0.578629 -0.691843
v -0.465584 0.705947 -0.459600
v -0.141833 -0.219551 -0.851643
v -0.244419 -0.039676 -0.933040
v -0.335647 0.071334 -0.872513
v -0.351820 0.159266 -0.853993
v -0.487053 0.481815 -0.823752
v -0.497250 0.503513 -0.814498
v -0.475450 0.627355 -0.597849
v -0.381509 0.712846 -0.410642
v -0.465072 0.505878 -0.811239
v -0.379719 0.666812 -0.488543
v -0.272958 -0.076221 -0.924825
v -0.289990 0.099259 -0.877563
v -0.349192 0.261467 -0.848868
v -0.422942 0.469937 -0.838523
v -0.438504 0.493389 -0.832530
v -0.452582 0.525138 -0.777767
v -0.391487 0.627006 -0.570177
v -0.249434 0.027345 -0.909105
v -0.287115 0.180177 -0.867180
v -0.409259 0.495431 -0.828851
v -0.457087 0.573014 -0.691921
v -0.123305 -0.155397 -0.881629
v -0.241760 0.114079 -0.890367
v -0.262010 0.233053 -0.872164
v -0.295592 0.312002 -0.863776
v -0.382603 0.483158 -0.849167
v -0.303864 0.612511 -0.551867
v -0.290871 0.666230 -0.430391
v -0.323037 0.728548 -0.352101
v -0.164927 -0.000267 -0.952479
v -0.198597 0.051139 -0.921521
v -0.380336 0.470803 -0.849392
v -0.353933 0.485014 -0.844908
v -0.376698 0.564977 -0.689695
v -0.188418 0.134176 -0.907862
v -0.207655 0.196305 -0.893218
v -0.325610 0.462132 -0.863744
v -0.327271 0.472918 -0.863862
v -0.227064 0.671078 -0.371256
v -0.231602 0.700044 -0.332230
v -0.170994 -0.025742 -0.952503
v -0.223415 0.298545 -0.886658
v -0.300471 0.476112 -0.860973
v -0.337285 0.514754 -0.786421
v -0.319416 0.577602 -0.641263
v -0.248486 0.576187 -0.605325
v -0.208819 0.640956 -0.406093
v -0.058356 -0.135298 -0.899336
v -0.271694 0.453333 -0.879473
v -0.273576 0.464127 -0.879648
v -0.234059 0.478336 -0.852104
v -0.266722 0.526692 -0.745803
v -0.244033 0.614830 -0.497558
v -0.013675 0.042638 -1.010452
v -0.087782 0.032737 -0.980983
v -0.179466 0.264480 -0.903277
v -0.205045 0.439917 -0.901823
v -0.247264 0.467235 -0.876051
v -0.227956 0.551818 -0.662768
v 0.027103 -0.112750 -0.931078
v -0.127783 0.216548 -0.928448
v -0.220870 0.456484 -0.896473
v -0.191931 0.578797 -0.548345
v -0.152016 0.652770 -0.333783
v -0.128738 0.125675 -0.937874
v -0.106026 0.410340 -0.939727
v -0.194570 0.458801 -0.890811
v -0.172752 0.603559 -0.447254
v -0.162340 0.425401 -0.917262
v -0.167854 0.448243 -0.911290
v -0.158346 0.525404 -0.711370
v -0.130972 0.574508 -0.486533
v 0.037636 -0.019881 -0.985773
v -0.038100 0.395958 -0.969359
v -0.139640 0.435149 -0.926711
v -0.142087 0.450689 -0.905444
v -0.152869 0.483231 -0.832637
v -0.148272 0.552355 -0.602164
v -0.083717 0.578631 -0.396843
v -0.110614 0.420333 -0.938148
v -0.114844 0.440224 -0.925987
v -0.073279 0.529078 -0.651511
v -0.016106 0.062941 -1.012525
v 0.012100 0.231160 -1.000262
v 0.007380 0.389484 -0.989304
v -0.081665 0.405897 -0.950155
v -0.086943 0.429540 -0.946554
v -0.088650 0.440884 -0.924930
v -0.105635 0.550171 -0.566721
v 0.037677 0.155187 -1.023634
v -0.057789 0.415777 -0.960524
v -0.061463 0.432319 -0.940623
v -0.089712 0.495073 -0.789725
v 0.051009 0.082935 -1.042971
v -0.028294 0.401479 -0.973354
v -0.032691 0.421518 -0.961162
v -0.052012 0.559697 -0.420838
v -0.003088 0.410305 -0.981605
v -0.006410 0.422845 -0.959088
v 0.001031 0.520459 -0.661865
v -0.055473 0.551417 -0.475994
v 0.098430 0.117649 -1.059734
v 0.027282 0.396812 -0.997367
v 0.022587 0.413212 -0.975677
v -0.547624 0.271361 0.428916
v -0.513474 0.229017 0.454415
v -0.491227 0.247095 0.504120
v -0.482287 0.244476 0.518292
v -0.471138 0.236413 0.522139
v -0.380924 0.212107 0.541377
v -0.328459 0.187128 0.571471
v -0.162573 0.148106 0.800544
v -0.589756 0.308145 0.388311
v -0.503275 0.282737 0.502924
v -0.487919 0.264049 0.514356
v -0.293247 0.195798 0.592241
v -0.246335 0.188742 0.649747
v -0.123341 0.108343 0.877346
v -0.786574 0.270644 0.148371
v -0.515572 0.316062 0.497673
v -0.490264 0.283913 0.512123
v -0.389587 0.247728 0.531749
v -0.341618 0.216746 0.553355
v -0.311889 0.228371 0.567026
v -0.566590 0.342142 0.432131
v -0.502344 0.310416 0.507836
v -0.250456 0.219101 0.628716
v -0.697407 0.373348 0.274767
v -0.526460 0.355416 0.493249
v -0.513802 0.334923 0.502961
v -0.371692 0.276634 0.535131
v -0.284117 0.228518 0.589269
v -0.541214 0.376803 0.477377
v -0.510770 0.355840 0.502197
v -0.332368 0.261126 0.552049
v -0.251650 0.249632 0.618702
v -0.142734 0.208851 0.787844
v -0.097479 0.181872 0.860301
v -0.636697 0.419936 0.358025
v -0.538313 0.406224 0.486405
v -0.524534 0.382966 0.497124
v -0.261002 0.278745 0.605708
v -0.158758 0.256955 0.741015
v -0.763446 0.428731 0.194824
v -0.479188 0.354750 0.508200
v -0.296975 0.287850 0.574037
v -0.093826 0.242077 0.833235
v -0.662520 0.496163 0.327461
v -0.533229 0.423147 0.491494
v -0.423419 0.429996 0.524699
v -0.158889 0.304421 0.724401
v -0.052166 0.157442 0.920450
v -0.792852 0.497444 0.143740
v -0.547215 0.465887 0.478306
v -0.024263 0.256236 0.900479
v -0.736173 0.533348 0.223193
v -0.349937 0.303739 0.544804
v -0.179988 0.361153 0.689084
v -0.542920 0.507653 0.481501
v -0.344365 0.423525 0.559042
v -0.227362 0.474482 0.641685
v -0.207889 0.391681 0.658039
v -0.032102 0.287375 0.878422
v -0.010322 0.244808 0.918732
v -0.802769 0.540003 0.118193
v -0.672252 0.547704 0.309397
v -0.551516 0.552936 0.465621
v -0.535058 0.541281 0.480945
v -0.476099 0.466633 0.506679
v -0.107236 0.372530 0.768971
v -0.050714 0.297914 0.856238
v -0.405028 0.528038 0.533856
v -0.119615 0.386910 0.751790
v -0.084704 0.363742 0.794211
v -0.077669 0.335187 0.812968
v -0.056559 0.325975 0.837323
v -0.716908 0.627821 0.226775
v -0.639843 0.631173 0.333918
v -0.290476 0.422678 0.591417
v -0.049723 0.336347 0.823706
v -0.022908 0.298541 0.863899
v -0.170357 0.449142 0.690736
v -0.156820 0.418240 0.706910
v -0.133282 0.407796 0.733090
v -0.119776 0.402406 0.748308
v -0.105303 0.393404 0.757900
v -0.078305 0.374893 0.776698
v -0.810173 0.629604 0.068807
v -0.761507 0.632189 0.155030
v -0.550666 0.676610 0.432140
v -0.533998 0.647068 0.464327
v -0.513574 0.640844 0.476186
v -0.475020 0.619007 0.495998
v -0.324445 0.502697 0.574164
v -0.253683 0.488811 0.620258
v -0.197695 0.460839 0.665500
v -0.148786 0.436381 0.704903
v -0.106911 0.409203 0.733022
v 0.096273 0.288177 0.838314
v -0.575582 0.695274 0.393453
v -0.530163 0.672871 0.448469
v -0.469211 0.642225 0.489788
v -0.342026 0.566988 0.564064
v -0.229125 0.500137 0.633700
v -0.168049 0.462880 0.668015
v -0.808975 0.681652 0.039770
v -0.715085 0.723559 0.185971
v -0.640347 0.739891 0.288562
v -0.609836 0.720073 0.338498
v -0.575182 0.712933 0.384390
v -0.537930 0.695076 0.413403
v -0.268434 0.540038 0.586152
v -0.129232 0.424594 0.716514
v -0.627222 0.744099 0.302851
v -0.613054 0.743595 0.322314
v -0.596023 0.739018 0.339908
v -0.372778 0.604036 0.525588
v -0.194085 0.479798 0.651699
v -0.069161 0.429195 0.679179
v 0.099389 0.327377 0.783813
v -0.788405 0.749233 0.032436
v -0.756046 0.730402 0.112435
v -0.657298 0.779216 0.239981
v -0.629193 0.767966 0.283283
v -0.596931 0.756637 0.310494
v -0.575302 0.727306 0.361627
v -0.422620 0.616483 0.519773
v -0.123161 0.484136 0.602562
v -0.680724 0.801821 0.189108
v -0.657948 0.794888 0.227966
v -0.631973 0.785273 0.253008
v -0.192659 0.544288 0.536450
v -0.030178 0.448860 0.615250
v -0.782479 0.791932 0.005725
v -0.703141 0.822263 0.135976
v -0.679942 0.816399 0.176826
v -0.653601 0.808428 0.203503
v -0.513259 0.749781 0.327159
v -0.725599 0.839675 0.079547
v -0.702184 0.835700 0.123230
v -0.677306 0.829727 0.149942
v -0.385959 0.704661 0.375458
v -0.109616 0.526521 0.508199
v -0.746042 0.862410 0.009785
v -0.738727 0.847167 0.044111
v -0.724359 0.852354 0.066983
v -0.699610 0.848229 0.095246
v -0.587728 0.863590 0.115019
v -0.311214 0.631647 0.458629
v -0.225087 0.594399 0.472299
v -0.061084 0.485379 0.555174
v 0.039567 0.375638 0.727822
v -0.763270 0.860947 -0.029426
v -0.721718 0.864044 0.037604
v -0.563434 0.817404 0.210908
v -0.126411 0.560249 0.459656
v 0.018231 0.458280 0.554792
v 0.053604 0.429910 0.603604
v -0.783297 0.875888 -0.115216
v -0.778239 0.864731 -0.078304
v -0.765107 0.873884 -0.053941
v -0.743654 0.876193 -0.023483
v -0.650294 0.876759 0.057926
v -0.290446 0.718869 0.320219
v 0.061868 0.397160 0.674620
v -0.765395 0.884612 -0.089967
v -0.700988 0.894831 -0.034807
v -0.484162 0.836569 0.181485
v -0.180599 0.636200 0.378474
v 0.043887 0.506214 0.411398
v -0.766445 0.892940 -0.133260
v -0.683962 0.920011 -0.112696
v -0.426874 0.813634 0.215949
v -0.255452 0.670247 0.372970
v 0.185901 0.379564 0.655907
v -0.741035 0.905124 -0.141164
v -0.615247 0.934807 -0.093487
v -0.110536 0.598496 0.384956
v -0.008316 0.545771 0.384352
v 0.152877 0.404508 0.612077
v -0.721269 0.904299 -0.161242
v -0.707165 0.916326 -0.135767
v -0.572670 0.917782 -0.009745
v -0.493907 0.893111 0.071149
v -0.329476 0.832831 0.166499
v -0.678223 0.914642 -0.148192
v -0.667785 0.927029 -0.124321
v -0.648807 0.926922 -0.099382
v -0.261656 0.786961 0.212819
v -0.131044 0.666487 0.307914
v -0.634979 0.926967 -0.129213
v -0.628208 0.935376 -0.113185
v -0.564141 0.942084 -0.082460
v -0.512000 0.919996 0.004702
v -0.192484 0.707903 0.289092
v 0.101786 0.475391 0.437790
v 0.167177 0.420934 0.561872
v -0.599074 0.929768 -0.125246
v -0.588936 0.941827 -0.102406
v -0.408971 0.879603 0.099974
v 0.150991 0.470690 0.424070
v -0.537332 0.941603 -0.101671
v -0.550312 0.946991 -0.092075
v -0.531588 0.943245 -0.068961
v -0.428793 0.909826 0.037948
v -0.367484 0.857465 0.133081
v -0.205213 0.755358 0.233230
v 0.040800 0.547730 0.345497
v -0.511837 0.950072 -0.082179
v -0.493216 0.945164 -0.059719
v -0.456685 0.946365 -0.052870
v -0.305984 0.836852 0.127239
v -0.178791 0.757790 0.178589
v -0.158517 0.729296 0.244426
v -0.105273 0.701653 0.251581
v 0.293051 0.396194 0.580902
v -0.490026 0.944246 -0.092854
v -0.473737 0.951494 -0.072802
v -0.236062 0.806366 0.125849
v -0.034698 0.678043 0.191831
v -0.131991 0.714861 0.249219
v -0.060727 0.675774 0.258679
v 0.098154 0.495757 0.394031
v 0.273562 0.428517 0.511706
v -0.435925 0.942475 -0.087516
v -0.433712 0.946033 -0.063813
v -0.229991 0.828398 0.070571
v -0.065180 0.683886 0.246501
v 0.085307 0.519103 0.359872
v -0.412536 0.946474 -0.076401
v -0.400040 0.940313 -0.065205
v -0.360798 0.900136 0.015997
v -0.063907 0.703484 0.156459
v 0.020306 0.589849 0.306449
v 0.130584 0.517376 0.342882
v 0.147795 0.502524 0.360735
v 0.198743 0.469305 0.417754
v -0.376846 0.933123 -0.091005
v -0.256370 0.861512 0.023380
v -0.141703 0.761318 0.119475
v -0.009983 0.662248 0.240390
v 0.090792 0.545833 0.321059
v 0.184473 0.497877 0.362198
v 0.340490 0.425321 0.510462
v -0.344466 0.932519 -0.083866
v -0.333595 0.923218 -0.060269
v 0.021022 0.647156 0.247556
v -0.314194 0.923395 -0.072487
v -0.156003 0.812256 0.037350
v 0.103939 0.565639 0.293451
v -0.312909 0.917179 -0.099572
v -0.291215 0.921605 -0.082846
v -0.237962 0.885220 -0.037753
v -0.052094 0.718244 0.110807
v -0.011098 0.683421 0.143399
v 0.013906 0.660687 0.188050
v 0.031369 0.650517 0.238595
v -0.258414 0.866929 -0.149840
v -0.264139 0.908999 -0.098462
v -0.258897 0.911035 -0.077650
v 0.048451 0.655592 0.174185
v 0.049052 0.650634 0.201351
v 0.074935 0.645112 0.228062
v 0.104369 0.638654 0.226562
v 0.130886 0.586692 0.265780
v 0.328290 0.453947 0.453924
v -0.287648 0.816040 -0.221347
v -0.240892 0.911863 -0.089649
v -0.223843 0.897999 -0.071533
v 0.028009 0.668674 0.147514
v 0.088545 0.646873 0.223106
v 0.174656 0.536907 0.308798
v 0.368537 0.458663 0.444987
v -0.214766 0.897034 -0.101692
v -0.206486 0.899172 -0.083535
v -0.168277 0.887197 -0.082573
v -0.169336 0.853034 -0.022849
v 0.009952 0.693442 0.107971
v 0.089074 0.651054 0.184977
v 0.100905 0.648391 0.210920
v -0.188829 0.897897 -0.095361
v -0.104241 0.822385 -0.011973
v 0.126693 0.650429 0.210635
v 0.151510 0.648917 0.206853
v 0.233682 0.495299 0.366579
v -0.170585 0.886284 -0.104389
v -0.159503 0.888177 -0.087262
v 0.006848 0.729641 0.058716
v 0.048657 0.689837 0.099263
v 0.069330 0.669540 0.130094
v 0.088396 0.660370 0.151020
v 0.133669 0.662164 0.164900
v 0.428987 0.439750 0.472279
v -0.140940 0.841062 -0.145374
v -0.139254 0.883315 -0.101836
v -0.125194 0.877039 -0.085756
v 0.164853 0.665868 0.183618
v 0.192344 0.570296 0.271484
v 0.234623 0.529532 0.317011
v 0.353519 0.518707 0.345094
v -0.120988 0.869883 -0.112576
v -0.109449 0.880349 -0.098004
v -0.094624 0.866098 -0.081951
v -0.034317 0.820661 -0.041214
v 0.051091 0.723306 0.054652
v 0.084420 0.708314 0.070475
v 0.102570 0.683696 0.106636
v 0.126222 0.673506 0.132530
v 0.422369 0.484252 0.401258
v -0.188656 0.756710 -0.243390
v -0.092652 0.869586 -0.107781
v -0.079295 0.870221 -0.094343
v -0.064973 0.856082 -0.078798
v 0.201025 0.686122 0.158477
v -0.182890 0.797524 -0.200565
v -0.054865 0.864276 -0.108324
v -0.049973 0.861098 -0.091356
v 0.131619 0.704886 0.081208
v 0.165315 0.690125 0.119423
v 0.291675 0.619631 0.221333
v 0.339973 0.578194 0.267251
v -0.109340 0.792411 -0.182686
v -0.035021 0.866679 -0.104201
v -0.021352 0.853165 -0.088990
v 0.086520 0.776350 -0.011431
v 0.451381 0.519287 0.348084
v -0.015195 0.854962 -0.113336
v -0.006559 0.859681 -0.102080
v 0.006084 0.848519 -0.089964
v 0.046206 0.808352 -0.045879
v -0.118502 0.715853 -0.250163
v -0.078211 0.739670 -0.217523
v 0.008331 0.853076 -0.114266
v 0.021465 0.854026 -0.100561
v 0.244755 0.704188 0.142127
v -0.042645 0.821419 -0.145571
v 0.059307 0.810383 -0.149949
v 0.041879 0.851601 -0.114694
v 0.049228 0.849790 -0.099607
v 0.157162 0.788351 -0.020989
v 0.294050 0.773578 0.048379
v 0.291051 0.759722 0.071265
v 0.267307 0.733575 0.106680
v 0.270681 0.670626 0.172034
v 0.412781 0.591027 0.252605
v 0.063988 0.854175 -0.113348
v 0.076912 0.846997 -0.099186
v 0.254320 0.787278 0.007074
v 0.001901 0.751509 -0.195132
v 0.082068 0.845910 -0.121665
v 0.092106 0.855506 -0.113654
v 0.104703 0.845616 -0.099275
v 0.219655 0.801538 -0.025852
v 0.335007 0.684042 0.149824
v 0.365389 0.633179 0.204104
v 0.105173 0.842946 -0.126062
v 0.120361 0.855727 -0.114265
v 0.132787 0.845566 -0.099853
v 0.154147 0.824921 -0.071076
v 0.046009 0.763880 -0.185662
v 0.138159 0.848411 -0.124513
v 0.148924 0.856168 -0.115294
v 0.161345 0.846715 -0.100902
v 0.392735 0.694348 0.127360
v 0.449742 0.569506 0.278427
v 0.542454 0.549143 0.291990
v 0.015566 0.638577 -0.270950
v 0.162016 0.847647 -0.128853
v 0.178057 0.857645 -0.116823
v 0.190546 0.848886 -0.102407
v 0.316442 0.786393 0.030069
v 0.121208 0.799675 -0.165072
v 0.188104 0.852527 -0.128275
v 0.207918 0.859967 -0.118831
v 0.225937 0.855144 -0.108661
v 0.296812 0.831057 -0.054233
v 0.326616 0.815885 -0.018355
v 0.474716 0.619000 0.207659
v 0.221472 0.853806 -0.133486
v 0.238654 0.862907 -0.121296
v 0.247540 0.857587 -0.110825
v -0.442966 -0.743116 -0.073827
v -0.466427 -0.721263 -0.058209
v -0.463221 -0.741096 -0.045397
v -0.458906 -0.697679 -0.087761
v -0.478573 -0.729581 -0.026746
v -0.463407 -0.740911 -0.022624
v -0.480016 -0.737964 -0.003549
v -0.495333 -0.710408 -0.003939
v -0.494925 -0.733108 0.010582
v -0.512699 -0.713857 0.034478
v -0.495168 -0.733671 0.032937
v -0.513492 -0.729635 0.053715
v -0.531237 -0.714710 0.075036
v -0.513457 -0.728155 0.077004
v -0.566123 -0.641481 0.094342
v -0.543730 -0.718715 0.109943
v -0.566768 -0.697174 0.137864
v -0.546055 -0.715854 0.137488
v -0.578729 -0.702230 0.172844
v -0.600463 -0.680768 0.198973
v -0.578556 -0.698901 0.198216
v -0.616514 -0.662942 0.218612
v -0.609818 -0.682061 0.240152
v -0.570070 -0.687978 0.275938
v -0.643699 -0.549139 0.172189
v -0.628192 -0.630110 0.211509
v -0.628516 -0.649851 0.233218
v -0.615960 -0.657447 0.250069
v -0.592182 -0.671855 0.279571
v -0.554425 -0.683794 0.320083
v -0.526728 -0.686434 0.343666
v -0.639053 -0.597776 0.204141
v -0.639868 -0.616853 0.225608
v -0.627511 -0.631709 0.239876
v -0.548189 -0.639721 0.347361
v -0.575745 -0.678379 0.301183
v -0.548477 -0.665775 0.341700
v -0.521956 -0.679127 0.374551
v -0.496741 -0.683823 0.396207
v -0.469278 -0.686969 0.416994
v -0.374338 -0.681297 0.540822
v -0.649214 -0.566002 0.196539
v -0.649847 -0.583875 0.217530
v -0.637116 -0.590595 0.233783
v -0.508044 -0.660884 0.398329
v -0.463120 -0.680484 0.450655
v -0.425574 -0.682976 0.480045
v -0.391071 -0.679164 0.532498
v -0.658794 -0.534845 0.188740
v -0.659072 -0.551477 0.209229
v -0.647532 -0.565852 0.222841
v -0.491966 -0.669808 0.417795
v -0.451840 -0.661132 0.473857
v -0.437651 -0.668242 0.491145
v -0.423173 -0.675357 0.508494
v -0.343680 -0.674400 0.591938
v -0.667915 -0.504353 0.180782
v -0.663823 -0.524809 0.204635
v -0.410647 -0.656829 0.530360
v -0.394561 -0.663848 0.549517
v -0.379381 -0.671073 0.567100
v -0.293869 -0.667201 0.653841
v -0.676699 -0.474566 0.172706
v -0.675787 -0.488686 0.192142
v -0.664465 -0.502346 0.205791
v -0.468752 -0.581958 0.464187
v -0.332996 -0.666736 0.625443
v -0.685273 -0.445516 0.164553
v -0.683541 -0.458397 0.183451
v -0.674330 -0.462374 0.194465
v -0.588145 -0.493597 0.301498
v -0.344271 -0.662458 0.614386
v -0.318895 -0.650013 0.650025
v -0.297039 -0.658279 0.672415
v -0.258719 -0.661373 0.694002
v -0.677741 -0.456160 0.160877
v -0.693762 -0.417221 0.156362
v -0.691063 -0.428893 0.174724
v -0.677899 -0.434183 0.189953
v -0.538100 -0.551388 0.369169
v -0.289764 -0.643266 0.687460
v -0.268860 -0.647010 0.709550
v -0.242423 -0.651085 0.728120
v -0.205325 -0.651934 0.744736
v -0.702291 -0.389688 0.148169
v -0.695331 -0.402445 0.168634
v -0.535977 -0.456431 0.364560
v -0.367840 -0.655946 0.587047
v -0.251860 -0.630655 0.734615
v -0.233953 -0.636635 0.751161
v -0.213422 -0.641278 0.766391
v -0.190018 -0.640930 0.776941
v -0.710980 -0.362910 0.140004
v -0.702924 -0.374606 0.159701
v -0.633867 -0.408533 0.237656
v -0.489647 -0.444693 0.427323
v -0.444983 -0.482634 0.499864
v -0.216047 -0.619822 0.776390
v -0.196885 -0.625671 0.792448
v -0.175068 -0.629609 0.806926
v -0.152658 -0.629074 0.815524
v -0.016793 -0.616856 0.861286
v -0.713131 -0.346421 0.148430
v -0.400160 -0.578919 0.560961
v -0.178697 -0.608438 0.816638
v -0.157621 -0.614102 0.832605
v -0.122406 -0.615688 0.849911
v -0.715208 -0.346231 0.133779
v -0.652014 -0.316869 0.207535
v -0.601621 -0.342974 0.262044
v -0.302273 -0.492603 0.714141
v -0.141859 -0.597084 0.854025
v -0.115212 -0.600113 0.872787
v -0.083904 -0.599000 0.885674
v -0.732083 -0.273587 0.096717
v -0.739072 -0.286778 0.115890
v -0.718816 -0.318917 0.142120
v -0.549886 -0.406837 0.335815
v -0.398248 -0.464208 0.573120
v -0.266844 -0.515814 0.754385
v -0.098717 -0.584173 0.891692
v -0.070223 -0.584514 0.911055
v -0.744713 -0.254136 0.094983
v -0.749395 -0.262603 0.108006
v -0.737375 -0.268131 0.123443
v -0.706592 -0.290662 0.153080
v -0.654518 -0.256973 0.196856
v -0.469674 -0.355124 0.434725
v -0.447607 -0.407432 0.485496
v -0.053584 -0.564017 0.930059
v -0.753548 -0.226993 0.081417
v -0.760290 -0.238883 0.100191
v -0.745959 -0.243665 0.115232
v -0.589665 -0.258599 0.253974
v -0.551895 -0.256974 0.289091
v -0.539605 -0.310383 0.321349
v -0.496077 -0.316775 0.379568
v -0.219444 -0.527053 0.805765
v -0.770071 -0.200431 0.075896
v -0.770695 -0.215169 0.092245
v -0.754853 -0.219659 0.107116
v -0.408184 -0.365592 0.546590
v -0.777647 -0.181553 0.066239
v -0.780068 -0.191284 0.084113
v -0.764036 -0.195993 0.099085
v -0.422610 -0.303248 0.500677
v -0.767617 -0.156686 0.029721
v -0.789642 -0.167532 0.076013
v -0.773488 -0.172533 0.091124
v -0.736465 -0.200618 0.123431
v -0.588280 -0.185463 0.236518
v -0.506242 -0.242224 0.333026
v -0.473310 -0.232073 0.373192
v -0.430281 -0.243368 0.459113
v -0.361451 -0.372037 0.632366
v -0.165837 -0.449604 0.881967
v -0.114185 -0.476974 0.917600
v -0.793152 -0.151694 0.054182
v -0.802546 -0.135862 0.053426
v -0.380579 -0.321824 0.592528
v -0.323447 -0.351301 0.699019
v -0.813335 -0.103302 0.025413
v -0.818282 -0.112734 0.043144
v -0.796152 -0.138738 0.071622
v -0.702150 -0.173652 0.150825
v -0.654046 -0.171576 0.186837
v -0.504008 -0.116562 0.283129
v -0.208706 -0.413161 0.847514
v -0.114638 -0.396527 0.939068
v -0.828253 -0.079759 0.017412
v -0.832760 -0.089039 0.035173
v -0.821224 -0.095427 0.049236
v -0.461654 -0.100279 0.319016
v -0.408832 -0.200123 0.488711
v -0.394338 -0.241864 0.542832
v -0.285960 -0.341574 0.761180
v -0.240707 -0.352744 0.822169
v -0.843469 -0.055538 0.009170
v -0.844362 -0.064484 0.026826
v -0.834152 -0.069171 0.037819
v -0.689659 -0.099588 0.160209
v -0.448440 -0.116681 0.346194
v -0.454030 -0.245141 0.413282
v -0.853725 -0.039318 0.018254
v -0.761791 -0.066795 0.107434
v -0.588276 -0.120725 0.225573
v -0.874340 -0.004666 -0.008122
v -0.863696 -0.013680 0.007919
v -0.840672 -0.052609 0.032003
v -0.434413 -0.096682 0.360733
v -0.370232 -0.240813 0.601563
v -0.344336 -0.266016 0.662030
v -0.872284 0.007143 -0.000777
v -0.506055 -0.079319 0.273404
v -0.422809 -0.097896 0.390250
v -0.322252 -0.190243 0.711100
v -0.715181 -0.012130 0.150000
v -0.647585 -0.057123 0.189516
v -0.545008 -0.064995 0.247704
v -0.465937 -0.063787 0.304453
v -0.350401 -0.144827 0.645697
v -0.773618 0.025226 0.109766
v -0.490942 -0.045213 0.281674
v -0.376193 -0.178376 0.575528
v -0.276100 -0.176212 0.796272
v -0.120947 -0.262588 0.961743
v -0.517132 -0.019531 0.266807
v -0.394519 -0.144943 0.508191
v -0.176353 -0.243152 0.914874
v -0.659654 -0.008762 0.188485
v -0.446184 -0.050493 0.326611
v -0.389243 -0.083029 0.517401
v -0.615700 0.026166 0.221572
v -0.484626 -0.016923 0.290137
v -0.457862 -0.016455 0.314776
v -0.433194 -0.039125 0.348540
v -0.418453 -0.055419 0.387603
v -0.763366 0.118769 0.137244
v -0.719017 0.082740 0.167429
v -0.664244 0.054118 0.198656
v -0.435257 -0.018093 0.349202
v -0.376055 -0.064930 0.574835
v -0.316069 -0.118607 0.731497
v -0.807389 0.104132 0.090042
v -0.475448 0.006265 0.304440
v -0.418444 -0.017091 0.397645
v -0.181645 -0.074355 0.933448
v -0.522029 0.023015 0.276317
v -0.439406 0.010173 0.357242
v -0.427829 0.009279 0.386347
v -0.585873 0.084373 0.262174
v -0.494309 0.042995 0.307841
v -0.457520 0.017653 0.331315
v -0.367185 -0.095903 0.599979
v -0.336770 -0.034931 0.701665
v -0.443504 0.040213 0.378056
v -0.484177 0.064796 0.336208
v -0.458817 0.045525 0.353665
v -0.393030 -0.004201 0.533484
v -0.367639 -0.022883 0.621499
v -0.296261 -0.015660 0.787110
v -0.417248 0.056757 0.495546
v -0.262278 -0.040635 0.837914
v -0.215350 -0.051455 0.897511
v -0.274211 -0.020961 0.820058
v -0.227748 -0.035749 0.875118
v -0.745614 0.199371 0.176383
v -0.439126 0.094567 0.470922
v -0.392641 0.048900 0.577513
v -0.365075 0.046238 0.657901
v -0.347609 0.032190 0.694642
v -0.318198 0.007005 0.750049
v -0.212915 0.026428 0.840659
v -0.655931 0.141233 0.235960
v -0.583511 0.124115 0.286193
v -0.474375 0.127285 0.424732
v -0.382961 0.074225 0.625347
v -0.348082 0.039405 0.694666
v -0.323286 0.027308 0.729561
v -0.282121 -0.003415 0.797139
v -0.162152 -0.003793 0.912949
v -0.563825 0.150785 0.322353
v -0.501655 0.162517 0.414346
v -0.397658 0.094483 0.597844
v -0.361691 0.063216 0.662693
v -0.341085 0.055329 0.685548
v -0.304213 0.005834 0.768633
v -0.699579 0.171580 0.210184
v -0.537158 0.164153 0.363419
v -0.389981 0.090316 0.615797
v -0.369738 0.082895 0.637766
v -0.159100 0.060739 0.870845
v -0.634255 0.210642 0.288429
v -0.432222 0.116661 0.518948
v -0.413348 0.116547 0.572211
v -0.406071 0.113537 0.589153
v -0.387521 0.105812 0.606986
v -0.322303 0.118244 0.631184
v -0.697868 0.249807 0.241308
v -0.597450 0.181639 0.308309
v -0.470570 0.172570 0.485198
v -0.428744 0.147156 0.557426
v -0.412656 0.132979 0.577651
v -0.399201 0.126183 0.585131
v -0.339035 0.136945 0.601534
v -0.242165 0.063058 0.774121
v -0.547652 0.212030 0.388113
v -0.439823 0.159393 0.542030
v -0.432210 0.156706 0.557627
v -0.415545 0.149260 0.565205
v -0.450059 0.179866 0.535969
v -0.425963 0.166336 0.553446
v -0.377607 0.159508 0.567400
v -0.298040 0.137918 0.631711
v -0.194499 0.092501 0.805128
v -0.468601 0.213545 0.523443
v -0.439000 0.177337 0.546371
vn -0.5504 0.2404 0.7996
vn -0.4930 -0.1459 0.8577
vn -0.4626 -0.1964 0.8645
vn -0.4465 -0.2594 0.8564
vn -0.2767 -0.6739 0.6850
vn -0.4218 0.2717 0.8650
vn -0.5305 0.3650 0.7651
vn -0.0192 0.0445 0.9988
vn -0.0964 -0.6100 0.7865
vn -0.6193 0.3622 0.6966
vn -0.3758 -0.2413 0.8947
vn -0.4841 0.3253 0.8123
vn -0.1966 0.0128 0.9804
vn -0.0428 -0.0037 0.9991
vn 0.1294 -0.6779 0.7237
vn -0.1482 -0.0742 0.9862
vn -0.0611 -0.0261 0.9978
vn 0.3391 -0.6831 0.6468
vn 0.6708 -0.5552 0.4917
vn 0.7155 -0.5428 0.4398
vn 0.4044 -0.8076 0.4292
vn 0.3911 -0.7228 0.5698
vn 0.6433 -0.5533 0.5291
vn 0.6010 -0.7281 0.3297
vn -0.2260 -0.2059 0.9521
vn 0.6001 -0.6859 0.4115
vn 0.6093 -0.6962 0.3794
vn 0.2135 0.6449 0.7338
vn -0.0762 0.0467 0.9960
vn 0.7056 -0.5576 0.4372
vn -0.0216 -0.7700 0.6377
vn -0.0740 -0.1758 0.9816
vn 0.6423 -0.5652 0.5177
vn 0.7662 -0.5168 0.3818
vn 0.5806 -0.5472 0.6029
vn 0.7935 -0.4862 0.3659
vn 0.7973 -0.4325 0.4210
vn 0.2820 0.5458 0.7890
vn 0.2593 0.1807 0.9487
vn 0.6448 -0.5652 0.5146
vn 0.7410 -0.5601 0.3704
vn 0.7415 -0.5563 0.3751
vn 0.5721 -0.6901 0.4432
vn 0.2091 -0.9435 0.2570
vn 0.3506 0.3900 0.8515
vn 0.6796 -0.5940 0.4304
vn 0.8019 -0.4064 0.4379
vn 0.8020 -0.3791 0.4616
vn 0.7957 -0.3582 0.4884
vn 0.6297 -0.5131 0.5833
vn 0.7772 -0.3512 0.5222
vn 0.5294 -0.7447 0.4064
vn 0.2312 0.7129 0.6620
vn 0.3626 0.4087 0.8375
vn 0.3907 0.3057 0.8683
vn 0.6996 -0.6173 0.3598
vn 0.7718 -0.5269 0.3559
vn 0.1634 -0.9669 0.1961
vn 0.4180 0.3627 0.8329
vn 0.6421 -0.6135 0.4597
vn 0.2429 0.7566 0.6071
vn 0.2837 0.6644 0.6915
vn 0.3341 0.5696 0.7509
vn 0.3934 0.4476 0.8030
vn 0.6815 -0.4287 0.5931
vn 0.6278 -0.6369 0.4474
vn 0.3867 0.5136 0.7659
vn 0.4257 0.4388 0.7913
vn 0.7072 -0.2383 0.6656
vn 0.7181 -0.4060 0.5653
vn 0.5457 -0.6316 0.5507
vn 0.4548 0.3746 0.8080
vn 0.6226 -0.6923 0.3649
vn 0.6151 -0.6421 0.4576
vn 0.6232 -0.6677 0.4071
vn 0.6427 -0.4085 0.6481
vn 0.2943 0.6959 0.6551
vn 0.3424 0.6241 0.7023
vn 0.6180 0.0235 0.7858
vn 0.6300 -0.6032 0.4891
vn 0.5806 -0.6425 0.5001
vn 0.2705 0.7415 0.6140
vn 0.7642 -0.4229 0.4870
vn 0.5614 -0.7050 0.4333
vn 0.5574 -0.4598 0.6913
vn 0.5352 -0.5080 0.6749
vn 0.3657 0.6181 0.6958
vn 0.4913 0.4071 0.7700
vn 0.5853 -0.6694 0.4575
vn 0.5420 -0.7358 0.4059
vn 0.5063 -0.6165 0.6029
vn 0.5433 -0.3847 0.7462
vn 0.5847 -0.6693 0.4584
vn 0.4975 -0.7345 0.4615
vn 0.4887 -0.7003 0.5203
vn 0.5019 0.4191 0.7566
vn 0.6121 0.2872 0.7368
vn 0.5757 -0.6742 0.4626
vn 0.4519 -0.6489 0.6121
vn 0.4607 -0.5936 0.6598
vn 0.4747 -0.5478 0.6889
vn 0.2153 0.8270 0.5193
vn 0.4987 0.4470 0.7426
vn 0.7109 -0.5128 0.4813
vn 0.5717 -0.6375 0.5165
vn 0.4805 -0.4432 0.7567
vn 0.4706 -0.7420 0.4775
vn 0.4853 -0.4339 0.7591
vn 0.3752 0.6540 0.6569
vn 0.4182 0.5919 0.6891
vn 0.4343 -0.7208 0.5402
vn 0.4413 -0.4908 0.7513
vn 0.4858 -0.6853 0.5426
vn 0.1925 0.8478 0.4942
vn 0.5033 0.4786 0.7195
vn 0.5541 -0.6432 0.5284
vn 0.4112 -0.6946 0.5903
vn 0.3979 -0.6069 0.6880
vn 0.7435 -0.4566 0.4886
vn 0.5638 0.4054 0.7196
vn 0.4005 -0.6602 0.6354
vn 0.4482 -0.7784 0.4395
vn 0.4026 -0.9103 0.0962
vn 0.5106 0.5065 0.6948
vn 0.4695 -0.4986 0.7286
vn 0.1935 0.8154 0.5456
vn 0.5775 -0.7988 -0.1683
vn 0.5660 0.4576 0.6857
vn 0.4339 -0.5553 0.7095
vn 0.4591 -0.6655 0.5885
vn 0.4426 -0.6414 0.6267
vn 0.4209 -0.6102 0.6712
vn 0.4331 -0.6004 0.6723
vn 0.1289 0.8410 0.5255
vn 0.5555 0.4796 0.6792
vn 0.6020 0.4238 0.6767
vn 0.4429 -0.6751 0.5900
vn 0.8450 -0.5339 -0.0288
vn 0.2847 0.7473 0.6004
vn 0.4664 -0.6097 0.6409
vn 0.8326 -0.4567 -0.3135
vn 0.7584 -0.3974 -0.5166
vn 0.4095 0.6444 0.6458
vn 0.4548 0.6106 0.6483
vn 0.4932 -0.6326 0.5971
vn 0.7884 -0.4083 -0.4602
vn 0.2432 0.7714 0.5880
vn 0.6363 0.4234 0.6448
vn 0.6682 0.3771 0.6413
vn 0.5652 -0.5942 0.5723
vn 0.6473 -0.6075 0.4603
vn 0.7927 -0.3996 -0.4605
vn 0.1109 0.8251 0.5541
vn 0.5193 0.5618 0.6440
vn 0.4955 -0.6063 0.6220
vn 0.6108 -0.5885 0.5297
vn 0.8958 -0.4325 0.1022
vn 0.5971 -0.5660 0.5684
vn 0.5349 -0.6002 0.5946
vn 0.5608 -0.5672 0.6031
vn 0.6484 -0.5978 0.4715
vn 0.8214 -0.3932 -0.4132
vn 0.1702 0.8070 0.5655
vn 0.4332 0.6469 0.6275
vn 0.6216 0.4758 0.6223
vn 0.7894 -0.2075 0.5778
vn 0.5958 -0.5672 0.5686
vn 0.9245 -0.3806 0.0228
vn 0.5101 0.5947 0.6213
vn 0.7323 0.3709 0.5711
vn 0.4536 -0.5896 0.6683
vn 0.5879 -0.5664 0.5775
vn 0.5863 -0.5660 0.5796
vn 0.7001 -0.6518 0.2916
vn 0.2162 0.7862 0.5789
vn 0.7743 0.3335 0.5378
vn 0.6621 -0.5597 0.4984
vn 0.8567 -0.3695 -0.3599
vn 0.7897 -0.3826 -0.4796
vn 0.5844 0.5549 0.5921
vn 0.8812 -0.3465 -0.3217
vn 0.3879 0.7012 0.5982
vn 0.4756 0.6540 0.5883
vn 0.6260 0.5399 0.5628
vn 0.6550 0.5034 0.5636
vn 0.7730 0.3947 0.4966
vn 0.5645 0.6058 0.5607
vn 0.6308 0.5639 0.5330
vn 0.8109 0.3749 0.4493
vn 0.9077 -0.2928 -0.3005
vn 0.8725 -0.3279 -0.3623
vn 0.6031 0.5955 0.5308
vn 0.8711 -0.3742 -0.3180
vn 0.8322 -0.3573 -0.4240
vn 0.6740 0.5454 0.4982
vn 0.8128 0.4069 0.4169
vn 0.8928 -0.2971 -0.3385
vn 0.8789 -0.3100 -0.3625
vn 0.5517 0.6529 0.5190
vn 0.6094 0.6174 0.4975
vn 0.5026 0.6910 0.5196
vn 0.9044 -0.2596 -0.3386
vn 0.8121 -0.3410 -0.4734
vn 0.7755 0.4870 0.4019
vn 0.8490 -0.3009 -0.4345
vn -0.5905 0.3875 0.7079
vn -0.5765 -0.0943 0.8117
vn -0.5067 -0.2335 0.8299
vn 0.8005 0.4873 0.3490
vn 0.5840 0.6589 0.4741
vn 0.1182 0.8116 0.5721
vn 0.2227 0.8130 0.5380
vn 0.2100 0.6536 0.7271
vn -0.6237 0.3130 0.7163
vn -0.1628 0.5857 -0.7940
vn 0.7182 0.6244 -0.3069
vn 0.6802 0.6514 -0.3362
vn 0.5761 0.7059 -0.4121
vn 0.2584 0.8189 0.5125
vn 0.2547 0.8163 0.5184
vn -0.2461 0.6332 -0.7338
vn -0.2110 0.6423 -0.7368
vn -0.1819 0.7239 -0.6655
vn 0.7633 0.6258 -0.1603
vn 0.3461 0.8657 0.3615
vn -0.0260 0.6637 -0.7476
vn -0.2193 0.6092 -0.7621
vn 0.2532 0.8188 0.5153
vn -0.2405 0.6847 -0.6880
vn 0.4927 0.7527 -0.4367
vn 0.3866 0.8738 0.2951
vn 0.3041 0.8257 0.4751
vn 0.2938 0.8230 0.4861
vn 0.2912 0.7958 0.5309
vn 0.2456 0.8340 -0.4941
vn 0.1244 0.8371 -0.5327
vn -0.2010 0.7674 -0.6088
vn -0.3299 0.6850 -0.6496
vn 0.1818 0.8548 -0.4861
vn 0.5609 0.7481 -0.3547
vn -0.0845 0.8753 -0.4761
vn 0.3415 0.7889 0.5109
vn -0.3619 0.7077 -0.6068
vn -0.3118 0.7331 -0.6045
vn 0.7221 0.6883 -0.0700
vn 0.3759 0.8232 0.4255
vn 0.1995 0.9376 -0.2848
vn 0.0395 0.9494 -0.3115
vn -0.3720 0.7502 -0.5466
vn 0.4914 0.8218 -0.2884
vn 0.3842 0.8040 0.4538
vn -0.2806 0.8608 -0.4247
vn -0.3213 0.7348 -0.5974
vn -0.0357 0.9696 -0.2422
vn -0.3900 0.7787 -0.4915
vn 0.5661 0.7086 -0.4212
vn 0.6389 0.7690 -0.0184
vn 0.4968 0.8509 -0.1706
vn 0.3974 0.8709 -0.2890
vn -0.2669 0.9150 -0.3025
vn -0.3320 0.8028 -0.4953
vn 0.6901 0.7237 -0.0100
vn 0.5112 0.8538 -0.0988
vn 0.4548 0.8003 0.3907
vn -0.3751 0.8445 -0.3822
vn 0.0400 0.8233 -0.5662
vn 0.4494 0.8930 -0.0245
vn 0.4694 0.7783 0.4171
vn 0.0646 0.8232 -0.5640
vn 0.5324 0.8455 0.0418
vn 0.1078 0.9879 -0.1111
vn -0.2997 0.8370 -0.4579
vn 0.4308 0.9017 -0.0354
vn -0.3033 0.9026 -0.3053
vn 0.5329 0.8452 0.0410
vn 0.5515 0.7707 0.3192
vn -0.2817 0.8576 -0.4303
vn 0.2358 0.8945 -0.3797
vn 0.2292 0.8148 -0.5325
vn 0.3487 0.9000 -0.2616
vn -0.0737 0.9904 -0.1168
vn 0.2234 0.9216 -0.3174
vn 0.4495 0.8897 -0.0800
vn 0.3352 0.9324 -0.1354
vn -0.2850 0.8940 -0.3459
vn -0.2791 0.8736 -0.3987
vn -0.0803 0.9142 -0.3972
vn -0.2508 0.9267 -0.2799
vn -0.2384 0.9305 -0.2779
vn 0.4095 0.9120 -0.0251
vn 0.6341 0.7276 0.2617
vn 0.6286 0.7244 0.2830
vn 0.2940 0.8945 -0.3368
vn 0.1606 0.8588 -0.4864
vn 0.5628 0.8265 0.0142
vn -0.1860 0.9533 -0.2380
vn 0.3397 0.9142 -0.2210
vn -0.0378 0.9863 -0.1606
vn 0.1715 0.9302 -0.3246
vn 0.5839 0.8117 -0.0178
vn 0.0118 0.9830 -0.1831
vn 0.4016 0.8680 -0.2921
vn 0.4035 0.8924 -0.2019
vn 0.2812 0.9318 -0.2296
vn 0.3979 0.9120 -0.0992
vn 0.7094 0.6620 0.2421
vn 0.2058 0.8653 -0.4571
vn 0.3935 0.9074 -0.1477
vn 0.3852 0.9102 -0.1519
vn -0.0626 0.9239 -0.3774
vn 0.1749 0.9326 -0.3158
vn 0.2189 0.8570 -0.4666
vn 0.3869 0.8931 -0.2295
vn 0.7592 0.6118 0.2221
vn 0.2227 0.8744 -0.4310
vn 0.4441 0.8806 -0.1654
vn 0.4704 0.8766 -0.1010
vn 0.5356 0.8183 -0.2088
vn 0.7542 0.6372 0.1588
vn 0.7724 0.5679 0.2844
vn 0.7700 0.5491 0.3251
vn 0.4591 0.8799 -0.1226
vn 0.7878 0.5778 0.2133
vn 0.7876 0.5602 0.2566
vn -0.0185 0.9059 -0.4232
vn 0.7160 0.6228 -0.3153
vn 0.8275 0.2306 -0.5119
vn 0.8271 0.5029 0.2511
vn 0.8128 0.4932 0.3101
vn 0.0020 0.9218 -0.3877
vn 0.7333 -0.2417 -0.6355
vn 0.7418 -0.2297 -0.6300
vn 0.7640 -0.2103 -0.6099
vn 0.8592 0.4555 0.2330
vn 0.2743 0.8740 -0.4011
vn 0.7374 -0.2202 -0.6385
vn 0.7357 -0.2386 -0.6339
vn 0.7849 -0.2297 -0.5755
vn 0.0265 0.8916 -0.4520
vn 0.3294 0.8705 -0.3657
vn 0.0264 0.8928 -0.4497
vn 0.3236 0.8688 -0.3749
vn 0.7316 -0.2261 -0.6431
vn 0.7241 -0.2805 -0.6301
vn 0.8027 -0.2550 -0.5392
vn 0.3648 0.8480 -0.3844
vn 0.6239 0.6656 -0.4095
vn 0.7263 -0.2177 -0.6520
vn 0.7244 -0.2661 -0.6360
vn 0.0191 0.8552 -0.5179
vn 0.8127 -0.2768 -0.5128
vn 0.0612 0.8520 -0.5200
vn 0.5072 0.0959 -0.8565
vn 0.6855 -0.1997 -0.7002
vn 0.7313 -0.3180 -0.6033
vn 0.7047 -0.3423 -0.6214
vn 0.6954 -0.2569 -0.6711
vn 0.6308 -0.2003 -0.7496
vn 0.6474 -0.2226 -0.7289
vn 0.7203 -0.3626 -0.5913
vn -0.3756 0.1286 -0.9178
vn 0.6354 -0.2273 -0.7380
vn 0.6069 -0.2210 -0.7635
vn 0.6135 -0.2506 -0.7489
vn -0.0945 -0.4092 -0.9076
vn 0.6332 -0.2842 -0.7200
vn 0.6569 -0.3021 -0.6908
vn -0.1848 -0.4292 -0.8841
vn -0.1998 -0.4129 -0.8886
vn 0.7125 -0.3646 -0.5995
vn 0.7383 -0.3775 -0.5589
vn 0.4592 -0.4077 -0.7892
vn 0.7251 -0.3601 -0.5870
vn 0.2006 -0.4494 -0.8705
vn 0.7522 -0.3900 -0.5311
vn 0.6455 0.7460 -0.1639
vn 0.7544 0.5566 0.3481
vn 0.7592 -0.3518 -0.5475
vn 0.2628 0.9386 -0.2237
vn 0.7173 -0.3904 -0.5771
vn 0.4850 -0.6525 -0.5823
vn 0.6812 -0.4098 -0.6067
vn 0.3902 -0.6608 -0.6412
vn -0.2944 -0.3945 -0.8704
vn -0.3010 -0.3721 -0.8780
vn 0.4667 -0.6163 -0.6343
vn 0.4299 -0.6471 -0.6296
vn -0.3009 -0.2578 -0.9182
vn -0.1865 -0.3345 -0.9237
vn -0.2290 -0.2552 -0.9394
vn -0.2810 -0.1991 -0.9388
vn -0.2264 -0.1502 -0.9624
vn -0.1453 -0.2027 -0.9684
vn 0.7216 -0.3858 -0.5749
vn -0.2041 -0.1302 -0.9703
vn -0.0876 -0.1567 -0.9838
vn 0.6135 -0.5015 -0.6101
vn 0.4956 -0.6041 -0.6241
vn 0.6870 -0.4053 -0.6031
vn 0.6208 -0.5633 -0.5452
vn -0.0930 -0.0952 -0.9911
vn 0.2567 -0.8898 -0.3774
vn 0.6137 -0.4999 -0.6111
vn 0.7089 -0.3437 -0.6159
vn 0.7535 -0.3160 -0.5766
vn 0.1559 -0.9672 -0.2006
vn 0.0319 -0.9461 -0.3224
vn 0.2141 -0.9539 -0.2104
vn 0.1123 -0.9774 -0.1789
vn 0.0680 -0.9829 -0.1709
vn 0.1760 -0.9630 -0.2044
vn 0.0712 -0.1529 -0.9857
vn 0.0820 -0.1712 -0.9818
vn -0.0298 -0.9445 -0.3271
vn -0.5514 -0.3563 -0.7543
vn -0.0649 -0.9335 -0.3528
vn -0.0324 -0.9584 -0.2836
vn -0.3007 -0.9398 -0.1626
vn -0.8289 -0.4620 -0.3154
vn -0.7824 -0.5062 -0.3627
vn -0.5061 -0.8488 -0.1528
vn -0.0759 -0.9680 -0.2390
vn -0.3239 -0.9425 -0.0822
vn -0.3925 -0.9149 -0.0941
vn -0.8501 -0.4272 -0.3078
vn -0.8498 -0.4280 -0.3078
vn -0.8481 -0.4298 -0.3098
vn -0.5977 -0.7879 -0.1482
vn -0.1440 -0.9795 -0.1410
vn -0.4482 -0.8917 0.0631
vn -0.5793 -0.8143 -0.0364
vn -0.1342 -0.9848 -0.1107
vn -0.7425 -0.6470 -0.1735
vn -0.4516 -0.8921 0.0155
vn -0.4788 -0.8585 0.1838
vn -0.6847 -0.7190 -0.1191
vn -0.3039 -0.9495 -0.0785
vn 0.5055 -0.4943 -0.7073
vn 0.4691 -0.8517 -0.2335
vn 0.0862 -0.1632 -0.9828
vn -0.0739 -0.2786 -0.9576
vn -0.7273 -0.5454 -0.4167
vn -0.8201 -0.0679 0.5681
vn -0.8717 -0.0257 0.4894
vn -0.8601 -0.0300 0.5093
vn -0.8234 -0.0638 0.5638
vn -0.7912 0.2014 -0.5775
vn -0.7874 -0.1291 0.6028
vn -0.8248 -0.1081 -0.5550
vn -0.8672 -0.0172 0.4976
vn -0.8538 0.0084 0.5206
vn -0.8410 -0.0054 0.5410
vn -0.7911 0.2675 -0.5502
vn -0.7865 0.1222 -0.6054
vn -0.8878 0.0429 0.4583
vn -0.8974 0.0650 0.4364
vn -0.9697 -0.2040 -0.1344
vn -0.7971 0.2618 -0.5441
vn -0.8098 0.1455 -0.5683
vn -0.7943 0.4105 -0.4478
vn -0.8341 -0.0127 -0.5515
vn -0.9972 0.0743 0.0010
vn -0.8198 -0.3905 -0.4188
vn -0.8568 0.3522 -0.3767
vn -0.9001 0.1473 0.4101
vn -0.6575 -0.6845 -0.3149
vn -0.9889 -0.0203 -0.1473
vn -0.8699 0.2761 -0.4086
vn -0.8680 0.1682 -0.4672
vn -0.8538 0.0916 -0.5124
vn -0.8493 0.0395 -0.5264
vn -0.9042 0.2642 -0.3355
vn -0.8539 -0.0573 -0.5173
vn -0.8676 -0.0370 -0.4959
vn -0.9057 0.1654 0.3904
vn -0.9968 0.0610 -0.0522
vn -0.8993 0.0299 -0.4364
vn -0.9560 0.2236 -0.1898
vn -0.7434 -0.6051 -0.2850
vn -0.9306 -0.0585 -0.3612
vn -0.9008 -0.0658 -0.4292
vn -0.9594 0.1920 -0.2065
vn -0.9694 0.0062 -0.2454
vn -0.9488 0.2779 0.1500
vn -0.9975 -0.0658 -0.0251
vn -0.9045 -0.0300 -0.4254
vn -0.9177 -0.1190 -0.3791
vn -0.9555 0.2178 -0.1991
vn -0.9154 -0.1295 -0.3812
vn -0.9808 0.1757 -0.0847
vn -0.9878 0.1145 -0.1057
vn -0.9435 -0.1190 -0.3092
vn -0.9973 -0.0359 -0.0634
vn -0.8095 -0.5089 -0.2927
vn -0.9864 -0.0119 -0.1638
vn -0.9686 -0.0848 -0.2337
vn -0.9413 -0.0819 -0.3274
vn -0.9306 0.1491 -0.3343
vn -0.9826 0.1514 -0.1075
vn -0.9889 0.0029 -0.1485
vn -0.9345 -0.0370 -0.3541
vn -0.9345 0.0413 -0.3534
vn -0.8235 -0.4696 -0.3183
vn -0.9404 -0.0522 -0.3362
vn -0.9500 -0.1541 -0.2717
vn -0.9586 -0.0773 -0.2741
vn -0.9456 -0.0001 -0.3255
vn -0.9463 0.0593 -0.3179
vn -0.9181 0.2387 -0.3165
vn -0.8593 -0.4290 -0.2786
vn -0.9775 0.1360 -0.1611
vn -0.9363 0.0286 -0.3501
vn -0.9203 0.1846 -0.3450
vn -0.1095 0.8700 -0.4808
vn -0.6897 -0.5888 -0.4216
vn -0.8476 -0.4281 -0.3136
vn -0.8318 -0.4198 -0.3631
vn -0.8560 -0.4119 -0.3125
vn -0.9706 0.1670 -0.1735
vn -0.9777 0.0993 -0.1851
vn -0.9809 0.0609 -0.1846
vn -0.9653 0.0210 -0.2602
vn -0.0449 0.8598 -0.5087
vn 0.1135 -0.2248 -0.9678
vn -0.8490 -0.4044 -0.3400
vn -0.8366 -0.3422 -0.4279
vn -0.9688 0.1313 -0.2103
vn -0.8995 0.2282 -0.3726
vn 0.1182 -0.2454 -0.9622
vn -0.8453 -0.3962 -0.3586
vn -0.8308 -0.4345 -0.3479
vn -0.5373 -0.1695 -0.8262
vn -0.9657 0.1350 -0.2217
vn 0.0013 0.8444 -0.5358
vn 0.0305 0.8527 -0.5216
vn -0.1240 0.2119 -0.9694
vn -0.9641 0.1324 -0.2300
vn -0.2504 0.8421 -0.4777
vn 0.1199 -0.2858 -0.9508
vn -0.1709 0.2958 -0.9399
vn -0.9518 0.0794 -0.2964
vn -0.0217 0.8347 -0.5503
vn 0.0232 0.8380 -0.5452
vn 0.0575 0.8382 -0.5423
vn -0.1933 0.0495 -0.9799
vn -0.9077 0.1319 -0.3984
vn -0.9552 0.1147 -0.2728
vn -0.8642 0.3841 -0.3249
vn -0.2194 0.0486 -0.9744
vn -0.1188 0.7093 -0.6948
vn -0.0321 0.8354 -0.5487
vn -0.1883 0.1217 -0.9745
vn -0.1512 0.0349 -0.9879
vn 0.1824 0.7963 -0.5768
vn 0.1942 0.8134 -0.5483
vn 0.1659 0.8155 -0.5545
vn 0.0388 -0.2339 -0.9715
vn -0.2000 0.3039 -0.9315
vn -0.1732 0.2233 -0.9592
vn -0.0464 0.8346 -0.5489
vn 0.1033 0.8474 -0.5209
vn -0.0335 0.8384 -0.5440
vn 0.1070 0.8698 -0.4816
vn -0.1883 -0.0059 -0.9821
vn 0.1671 0.8520 -0.4962
vn -0.2063 0.1628 -0.9649
vn -0.2061 0.1664 -0.9643
vn 0.1003 0.8699 -0.4829
vn -0.2163 0.0545 -0.9748
vn -0.0009 -0.4232 -0.9060
vn 0.0123 -0.4608 -0.8874
vn -0.2387 0.1319 -0.9621
vn 0.0026 0.8654 -0.5011
vn -0.2920 0.1319 -0.9473
vn 0.0226 0.8724 -0.4882
vn 0.2369 0.8594 -0.4532
vn 0.3176 0.8195 -0.4770
vn 0.3545 0.7291 -0.5854
vn -0.0980 -0.4205 -0.9020
vn -0.3071 -0.0295 -0.9512
vn 0.3850 0.7883 -0.4800
vn -0.3530 0.0010 -0.9356
vn 0.0299 0.8934 -0.4483
vn 0.3783 0.8256 -0.4186
vn -0.0930 -0.5105 -0.8548
vn -0.4339 0.2147 -0.8750
vn -0.0543 0.9170 -0.3951
vn -0.4197 0.0831 -0.9038
vn -0.4108 0.0354 -0.9110
vn -0.2755 0.6569 -0.7019
vn -0.1993 -0.4615 -0.8645
vn 0.0152 0.8988 -0.4381
vn 0.1184 0.9337 -0.3378
vn 0.2308 0.9343 -0.2718
vn -0.4632 0.1967 -0.8642
vn -0.3556 -0.0539 -0.9331
vn -0.3209 0.6036 -0.7298
vn 0.4367 0.8224 -0.3646
vn 0.0447 0.9442 -0.3263
vn 0.4451 0.7794 -0.4408
vn -0.4625 0.0963 -0.8814
vn -0.3787 -0.0277 -0.9251
vn 0.0198 0.9139 -0.4055
vn 0.1338 0.9592 -0.2491
vn 0.2563 0.9335 -0.2508
vn -0.4044 -0.0247 -0.9142
vn 0.4420 0.7220 -0.5324
vn -0.4735 0.1452 -0.8688
vn -0.4707 0.1108 -0.8753
vn -0.0226 0.8606 -0.5088
vn 0.3628 0.9024 -0.2326
vn -0.1969 -0.4569 -0.8674
vn 0.0299 0.9162 -0.3996
vn -0.4493 0.1210 -0.8851
vn -0.9695 0.2179 -0.1126
vn -0.0721 0.8766 -0.4758
vn -0.0362 0.8662 -0.4984
vn 0.3988 0.6911 -0.6028
vn 0.2474 0.9558 -0.1590
vn -0.0021 0.8632 -0.5049
vn -0.4505 0.1215 -0.8845
vn -0.7496 -0.2456 0.6146
vn -0.7794 -0.2673 0.5666
vn -0.2425 0.1237 0.9622
vn -0.3594 0.3655 0.8586
vn -0.7819 -0.0817 0.6180
vn -0.4903 0.2857 0.8234
vn -0.5384 0.3011 0.7871
vn -0.7695 -0.2391 0.5923
vn -0.7728 -0.2339 0.5900
vn -0.5651 -0.1257 0.8154
vn -0.7101 0.3333 0.6202
vn -0.7244 0.3870 0.5704
vn -0.7899 -0.0611 0.6102
vn -0.7985 -0.1694 0.5776
vn -0.7242 0.1892 0.6631
vn -0.6240 0.0647 0.7787
vn -0.7006 0.0908 0.7077
vn -0.7880 0.2741 0.5513
vn -0.6829 0.3336 0.6499
vn -0.8344 0.0509 0.5488
vn -0.4998 -0.0793 0.8625
vn -0.8258 0.0633 0.5605
vn -0.6965 -0.0065 0.7175
vn -0.7691 0.2605 0.5836
vn -0.6906 0.3256 0.6458
vn -0.3101 0.0765 0.9476
vn -0.5141 -0.0852 0.8535
vn -0.7733 0.1020 0.6258
vn -0.6987 0.2658 0.6642
vn -0.6949 0.2909 0.6576
vn -0.6118 0.1558 0.7755
vn -0.7801 0.2048 0.5912
vn -0.7423 0.1744 0.6469
vn 0.1301 0.6773 0.7241
vn -0.7868 0.1281 0.6038
vn -0.8687 0.1821 0.4607
vn -0.8570 0.1926 0.4779
vn -0.7763 0.1529 0.6115
vn -0.6262 0.1271 0.7692
vn -0.4047 0.0647 0.9121
vn -0.7098 0.0645 0.7014
vn -0.7706 0.2177 0.5989
vn -0.4038 0.1368 0.9046
vn -0.5526 -0.0553 0.8316
vn -0.6280 0.0100 0.7782
vn -0.6736 0.0196 0.7388
vn 0.1756 0.8361 0.5196
vn 0.2011 0.8300 0.5203
vn -0.8554 0.2673 0.4438
vn -0.8336 0.2581 0.4884
vn -0.8015 0.2473 0.5445
vn -0.7850 0.2354 0.5731
vn -0.7753 0.2314 0.5877
vn -0.4570 0.0505 0.8880
vn -0.5299 -0.0117 0.8480
vn -0.3172 0.5969 0.7370
vn -0.1019 0.8558 0.5071
vn -0.7296 0.3253 0.6016
vn -0.3024 0.7736 0.5569
vn 0.1151 0.7599 0.6397
vn 0.1228 0.8079 0.5764
vn -0.4723 0.7442 0.4724
vn -0.0101 0.8457 0.5335
vn 0.2191 0.8612 0.4586
vn -0.8791 0.3071 0.3645
vn -0.7210 0.3937 0.5702
vn -0.2949 0.8157 0.4977
vn 0.2522 0.8618 0.4402
vn 0.2015 0.8380 0.5071
vn -0.7732 0.3654 0.5184
vn -0.1101 0.8645 0.4905
vn -0.0414 0.8590 0.5103
vn 0.2765 0.8220 0.4978
vn 0.2299 0.8819 0.4115
vn -0.8227 0.3613 0.4389
vn -0.7463 0.4518 0.4887
vn 0.2798 0.8775 0.3895
vn -0.7548 0.4789 0.4482
vn -0.1252 0.8811 0.4561
vn 0.0700 0.8407 0.5370
vn 0.3084 0.8504 0.4262
vn -0.8629 0.3985 0.3108
vn -0.8392 0.4135 0.3533
vn -0.7928 0.4663 0.3923
vn -0.0192 0.8606 0.5089
vn 0.3322 0.8246 0.4580
vn 0.2287 0.8078 0.5433
vn 0.1966 0.8989 0.3917
vn 0.1905 0.8797 0.4357
vn 0.1942 0.8753 0.4429
vn -0.8618 0.4406 0.2513
vn 0.3539 0.8537 0.3821
vn 0.1856 0.9076 0.3767
vn -0.3358 0.9153 0.2225
vn -0.1529 0.9130 0.3781
vn -0.0713 0.8915 0.4474
vn -0.0443 0.8875 0.4587
vn 0.2064 0.8004 0.5628
vn 0.3043 0.8857 0.3505
vn -0.3354 0.9227 0.1900
vn 0.0460 0.8652 0.4993
vn 0.3783 0.8164 0.4363
vn -0.2629 0.9317 0.2506
vn -0.1015 0.9123 0.3968
vn 0.3495 0.7467 0.5660
vn 0.3855 0.8104 0.4413
vn 0.1876 0.9320 0.3102
vn 0.1437 0.9027 0.4055
vn -0.1960 0.9367 0.2901
vn 0.0955 0.8500 0.5180
vn 0.1312 0.9306 0.3418
vn -0.1830 0.9593 0.2152
vn 0.2717 0.7631 0.5863
vn 0.3907 0.7514 0.5318
vn 0.1199 0.9120 0.3922
vn 0.2405 0.9075 0.3445
vn 0.3532 0.7989 0.4868
vn 0.3069 0.8356 0.4557
vn 0.0882 0.9402 0.3291
vn 0.4283 0.8470 0.3150
vn 0.3460 0.6988 0.6260
vn 0.1971 0.8950 0.4002
vn 0.1675 0.9314 0.3233
vn 0.3269 0.8724 0.3633
vn 0.3763 0.8457 0.3784
vn 0.4136 0.8203 0.3951
vn 0.0798 0.8454 -0.5282
vn 0.3070 0.7630 0.5689
vn 0.2158 0.8428 0.4931
vn 0.0511 0.9103 0.4108
vn 0.3772 0.8925 0.2474
vn 0.1587 0.8134 -0.5596
vn 0.2938 0.8701 0.3958
vn 0.4524 0.8579 0.2435
vn 0.3010 0.6816 0.6669
vn 0.2581 0.8690 0.4223
vn 0.3607 0.8462 0.3922
vn 0.3756 0.8155 0.4404
vn 0.2461 0.7792 0.5764
vn 0.1918 0.7519 0.6308
vn 0.0510 0.8954 0.4423
vn 0.4307 0.8202 0.3766
vn 0.0798 0.8117 0.5786
vn -0.0175 0.8962 0.4433
vn 0.2113 0.8675 0.4504
vn 0.3327 0.8133 0.4773
vn 0.3424 0.9008 0.2669
vn 0.2106 0.9625 0.1710
vn 0.1393 0.9878 0.0692
vn 0.2248 0.6575 0.7191
vn 0.1425 0.7159 0.6835
vn 0.2261 0.7721 -0.5939
vn 0.2217 0.7494 -0.6239
vn 0.2453 0.9314 0.2689
vn 0.1814 0.6569 0.7318
vn -0.0075 0.8229 0.5682
vn -0.0087 0.9001 0.4356
vn 0.3416 0.7833 0.5193
vn 0.3503 0.8259 0.4418
vn 0.2830 0.8657 0.4130
vn 0.3351 0.8314 0.4433
vn 0.1500 0.7715 -0.6183
vn 0.2766 0.9079 0.3151
vn 0.0376 0.9639 0.2637
vn 0.1086 0.6643 0.7395
vn 0.0003 0.7451 0.6669
vn 0.3024 0.8166 0.4917
vn 0.2977 0.7781 0.5531
vn 0.2027 0.7951 0.5716
vn -0.1191 0.9569 0.2649
vn 0.2564 0.6822 -0.6847
vn 0.1806 0.7008 -0.6901
vn 0.2646 0.7647 0.5876
vn 0.1431 0.7586 0.6356
vn 0.2265 0.7995 0.5564
vn 0.1666 0.7622 0.6256
vn 0.0186 0.8308 0.5563
vn -0.0726 0.8251 0.5603
vn -0.0196 0.7319 0.6811
vn -0.0733 0.7862 0.6136
vn 0.3516 0.6647 -0.6592
vn 0.2140 0.7920 0.5719
vn -0.2839 0.8923 0.3510
vn 0.3212 0.6636 -0.6757
vn 0.0811 0.6973 0.7122
vn 0.0147 0.6981 0.7159
vn 0.2283 0.6305 -0.7419
vn 0.2250 0.6260 -0.7467
vn -0.0837 0.7819 0.6177
vn 0.1660 0.6098 -0.7749
vn 0.0620 0.6647 -0.7445
vn -0.0227 0.8107 0.5850
vn -0.3213 0.8663 0.3825
vn -0.1080 0.7980 0.5928
vn 0.0370 0.7024 0.7108
vn 0.0164 0.7508 0.6603
vn 0.0194 0.7815 0.6236
vn 0.3546 0.6205 -0.6995
vn 0.1471 0.5543 -0.8192
vn 0.0311 0.6032 -0.7970
vn 0.0975 0.7783 0.6203
vn -0.2457 0.8245 0.5098
vn -0.0009 0.7543 0.6565
vn 0.0109 0.5829 -0.8124
vn 0.0103 0.8147 0.5798
vn -0.2013 0.8037 0.5600
vn 0.1058 0.7314 0.6737
vn 0.0981 0.8037 0.5870
vn 0.2846 0.6009 -0.7470
vn 0.2700 0.5881 -0.7624
vn -0.0567 0.8047 0.5910
vn 0.1297 0.7542 0.6438
vn -0.1225 0.7980 0.5900
vn 0.0418 0.7740 0.6318
vn 0.0607 0.8078 0.5864
vn -0.0606 0.8560 0.5134
vn -0.1348 0.8469 0.5144
vn -0.1630 0.8529 0.4960
vn -0.0770 0.8586 0.5068
vn -0.0806 0.5688 -0.8185
vn -0.0500 0.8726 0.4858
vn 0.2265 0.8100 0.5409
vn -0.7166 -0.3148 0.6225
vn -0.1452 0.3551 0.9235
vn 0.2108 0.6722 0.7097
vn 0.1076 0.8911 0.4409
vn 0.1648 0.7943 0.5848
vn 0.2398 0.8122 0.5319
vn 0.2495 0.8276 0.5028
vn 0.1246 0.9124 0.3899
vn -0.0543 0.8720 0.4865
vn -0.1421 0.7204 -0.6789
vn -0.1348 0.6098 -0.7810
vn 0.2417 0.6450 -0.7249
vn -0.8912 0.2273 0.3926
vn -0.8893 -0.2192 -0.4013
vn -0.2131 -0.9735 0.0831
vn -0.6694 -0.7426 0.0206
vn -0.8288 -0.5208 -0.2046
vn -0.5597 -0.8085 0.1816
vn -0.4297 -0.8719 0.2349
vn -0.8509 -0.3706 -0.3722
vn -0.8051 -0.1379 0.5769
vn -0.5775 -0.7755 0.2550
vn -0.7938 -0.0453 0.6065
vn -0.3102 -0.9115 0.2703
vn -0.8229 -0.3607 -0.4390
vn -0.7781 -0.0306 0.6274
vn -0.7975 -0.0498 0.6013
vn -0.8165 -0.0716 0.5729
vn -0.8122 -0.0781 0.5781
vn -0.7830 -0.3671 -0.5022
vn -0.7783 -0.0544 0.6256
vn -0.7846 -0.1737 0.5952
vn -0.2163 -0.9345 0.2827
vn -0.8044 -0.1202 0.5818
vn -0.7789 -0.3785 -0.5001
vn -0.8058 -0.3838 -0.4510
vn -0.7386 0.0144 0.6740
vn -0.7678 0.0657 0.6374
vn -0.6335 -0.4063 -0.6584
vn -0.8306 0.0766 0.5515
vn -0.7501 -0.0072 0.6613
vn -0.8094 0.1076 0.5773
vn -0.7839 -0.1534 0.6016
vn -0.7414 -0.2026 0.6397
vn -0.7063 -0.2371 0.6670
vn -0.8024 0.1308 0.5823
vn -0.6751 -0.2450 0.6958
vn -0.8438 0.1455 0.5166
vn -0.8587 0.0671 0.5081
vn -0.8481 0.0563 0.5269
vn -0.6565 -0.2328 0.7175
vn -0.8516 -0.4200 -0.3137
vn -0.8003 -0.0815 0.5940
vn -0.6899 0.0094 0.7238
vn -0.6578 0.0395 0.7521
vn -0.7322 0.2207 0.6444
vn -0.8761 0.0410 0.4804
vn -0.8729 0.0357 0.4866
vn -0.6346 -0.2422 0.7339
vn -0.5575 -0.2702 0.7850
vn -0.6464 0.1887 0.7393
vn -0.8731 0.1415 0.4665
vn -0.7061 -0.1841 0.6838
vn -0.8713 0.2104 0.4433
vn -0.8658 0.2057 0.4561
vn -0.7634 -0.1398 0.6306
vn -0.5864 -0.6070 -0.5363
vn -0.6737 -0.0393 0.7379
vn -0.8341 0.2608 0.4861
vn -0.8950 0.1111 0.4320
vn -0.8488 -0.4948 0.1861
vn -0.6641 0.2563 0.7024
vn -0.7751 0.2984 0.5570
vn -0.7738 0.2976 0.5592
vn -0.9134 0.1652 0.3720
vn -0.8077 -0.0940 0.5821
vn -0.6834 -0.5801 -0.4432
vn -0.7952 -0.1344 0.5912
vn -0.5993 -0.0004 0.8005
vn -0.5787 0.1360 0.8041
vn -0.8074 -0.0760 0.5851
vn -0.9392 -0.3354 0.0741
vn -0.6138 -0.0875 0.7846
vn -0.5824 0.1753 0.7938
vn -0.9117 0.2108 0.3526
vn -0.6176 -0.1595 0.7701
vn -0.9233 0.0694 0.3777
vn -0.8768 -0.0295 0.4800
vn -0.5316 -0.0565 0.8451
vn -0.6772 0.2028 0.7073
vn -0.9474 0.1451 0.2851
vn -0.9445 0.0455 0.3254
vn -0.9165 0.0081 0.4000
vn -0.7248 -0.0584 0.6864
vn -0.7635 -0.0754 0.6414
vn -0.4968 -0.1056 0.8614
vn -0.5215 -0.0384 0.8524
vn -0.6317 0.0933 0.7695
vn -0.6831 -0.1120 0.7217
vn -0.9160 0.1016 0.3880
vn -0.9722 0.0488 0.2291
vn -0.9636 0.0428 0.2641
vn -0.9386 0.0003 0.3449
vn -0.4835 -0.1991 0.8524
vn -0.6891 -0.0402 0.7236
vn -0.7402 -0.0203 0.6721
vn -0.9251 -0.0280 0.3787
vn -0.5542 -0.1720 0.8144
vn -0.5466 -0.2722 0.7920
vn -0.6640 -0.1842 0.7247
vn -0.9434 -0.0839 0.3210
vn -0.9766 -0.0543 0.2082
vn -0.6734 -0.1017 0.7322
vn -0.9262 -0.1902 0.3254
vn -0.9778 -0.0860 0.1911
vn -0.9507 -0.0387 0.3076
vn -0.5474 -0.4002 0.7350
vn -0.9664 -0.0781 0.2447
vn -0.8792 -0.0842 0.4690
vn -0.8796 -0.0837 0.4683
vn -0.6091 -0.2318 0.7585
vn -0.5802 -0.2732 0.7673
vn -0.9331 -0.1070 0.3432
vn -0.8457 -0.0760 0.5283
vn -0.6883 -0.1885 0.7005
vn -0.9469 -0.2511 0.2009
vn -0.6684 0.1572 0.7270
vn -0.6222 -0.4974 0.6045
vn -0.5854 -0.4668 0.6629
vn -0.9389 -0.1324 0.3176
vn -0.7082 0.2909 0.6433
vn -0.7336 0.3932 0.5542
vn -0.5602 0.4998 0.6607
vn -0.5899 0.4085 0.6965
vn -0.7842 -0.4853 0.3866
vn -0.8322 -0.4606 0.3088
vn -0.9143 -0.3237 0.2435
vn -0.9228 -0.2305 0.3088
vn -0.7228 0.3927 0.5686
vn -0.6463 -0.4950 0.5808
vn -0.7799 -0.4885 0.3913
vn -0.9186 -0.2409 0.3134
vn -0.6383 -0.3254 0.6977
vn -0.6433 -0.4055 0.6493
vn -0.7125 -0.5115 0.4803
vn -0.7533 0.3757 0.5398
vn -0.6006 0.5590 0.5717
vn -0.5617 0.4745 0.6778
vn -0.6431 0.4939 0.5852
vn -0.7509 -0.4336 0.4982
vn -0.8189 -0.3959 0.4155
vn -0.8072 -0.2446 0.5372
vn -0.1733 0.4846 0.8574
vn -0.7171 -0.3085 0.6250
vn -0.7309 -0.3865 0.5625
vn -0.4550 0.5532 0.6978
vn -0.3018 0.4692 0.8300
vn -0.1453 0.4076 0.9015
vn -0.8198 -0.0570 0.5698
vn -0.4606 -0.2619 0.8481
vn -0.1164 -0.5259 0.8425
vn -0.3509 -0.3644 0.8626
vn -0.5116 -0.1166 0.8513
vn -0.5036 -0.1639 0.8483
vn -0.4552 -0.1906 0.8698
vn -0.4013 -0.2719 0.8747
vn -0.4333 0.2864 0.8545
vn -0.6586 0.3894 0.6439
vn -0.1358 -0.0220 0.9905
vn -0.3796 -0.2640 0.8867
vn 0.0179 -0.5883 0.8085
vn -0.2620 -0.0599 0.9632
vn -0.6004 0.3671 0.7104
vn -0.0262 0.0135 0.9996
vn -0.0330 0.0768 0.9965
vn -0.3587 -0.2398 0.9021
vn -0.1611 -0.4840 0.8601
vn -0.2936 -0.1128 0.9493
vn -0.5739 0.3434 0.7435
vn -0.1526 0.1587 0.9755
vn -0.0371 0.0636 0.9973
vn -0.0486 0.0959 0.9942
vn -0.3054 -0.2758 0.9114
vn -0.3015 -0.1768 0.9369
vn -0.3166 -0.2576 0.9129
vn -0.2898 -0.1758 0.9408
vn -0.5410 0.3436 0.7676
vn -0.5300 0.3413 0.7763
vn -0.0552 0.0966 0.9938
vn 0.0935 -0.5201 0.8489
vn -0.1761 -0.0107 0.9843
vn -0.0629 -0.0081 0.9980
vn -0.0407 0.0986 0.9943
vn -0.0690 -0.5798 0.8118
vn 0.1795 -0.7270 0.6627
vn -0.0737 0.0004 0.9973
vn -0.0653 0.0886 0.9939
vn -0.0316 0.0720 0.9969
vn 0.2795 -0.7215 0.6334
vn 0.4570 -0.6795 0.5739
vn -0.5635 0.3575 0.7447
vn -0.2367 0.3959 0.8873
vn -0.0610 0.5714 0.8184
vn -0.0523 -0.0450 0.9976
vn 0.2558 0.0583 0.9650
vn 0.6955 -0.5536 0.4580
vn 0.6993 -0.5406 0.4676
vn -0.2309 0.5758 0.7843
vn -0.2721 0.3678 0.8892
vn 0.1973 0.5513 0.8107
vn -0.0858 0.0545 0.9948
vn 0.7139 -0.5507 0.4326
vn 0.6696 -0.5620 0.4856
vn 0.3830 -0.7247 0.5728
vn 0.3779 -0.8139 0.4414
vn 0.2021 0.5737 0.7937
vn 0.1294 0.1573 0.9790
vn -0.0620 0.0699 0.9956
vn -0.0879 0.0002 0.9961
vn -0.1029 0.0137 0.9946
vn 0.5738 -0.1467 0.8057
vn 0.5754 -0.6660 0.4747
vn 0.7625 -0.4844 0.4288
vn 0.5238 -0.7347 0.4312
vn 0.2469 0.4682 0.8484
vn 0.1762 0.2731 0.9457
vn -0.0785 0.0587 0.9952
vn -0.0765 0.0425 0.9962
vn 0.1987 -0.1514 0.9683
vn 0.7694 -0.4795 0.4220
vn 0.4612 -0.7398 0.4899
vn 0.2716 0.5180 0.8111
vn 0.2386 0.6134 0.7528
vn -0.0676 0.0510 0.9964
vn -0.1237 0.2017 0.9716
vn -0.1037 0.0229 0.9943
vn -0.0686 0.0415 0.9968
vn 0.6686 -0.5624 0.4864
vn 0.7907 -0.4048 0.4592
vn 0.2967 0.4394 0.8479
vn 0.3008 0.4142 0.8590
vn -0.0292 0.1717 0.9847
vn 0.6455 -0.5653 0.5135
vn 0.6985 -0.5796 0.4198
vn 0.5850 -0.6827 0.4379
vn 0.5619 -0.6485 0.5135
vn 0.7121 -0.5920 0.3776
vn 0.7143 -0.5053 0.4842
vn 0.2541 0.6095 0.7510
vn 0.6568 -0.5850 0.4758
vn 0.6749 -0.6079 0.4182
vn 0.7977 -0.4339 0.4188
vn 0.6287 -0.6131 0.4784
vn 0.2081 -0.9491 0.2367
vn 0.5530 -0.6951 0.4593
vn 0.3617 0.3370 0.8693
vn 0.3883 0.2798 0.8780
vn 0.7646 -0.5465 0.3417
vn 0.2299 0.7168 0.6583
vn 0.3894 0.3106 0.8671
vn 0.6662 -0.5839 0.4639
vn 0.2941 -0.7322 0.6144
vn 0.2534 -0.9255 0.2816
vn 0.2825 0.6331 0.7206
vn 0.6777 -0.6295 0.3801
vn 0.7302 -0.5963 0.3335
vn 0.7697 -0.3517 0.5328
vn 0.7495 -0.3118 0.5839
vn 0.3406 0.4986 0.7971
vn 0.3249 0.5449 0.7730
vn 0.3831 0.4140 0.8257
vn 0.7636 -0.5128 0.3923
vn 0.7601 -0.3743 0.5312
vn 0.5500 -0.5634 0.6166
vn 0.6885 -0.6421 0.3372
vn 0.6511 -0.5350 0.5385
vn 0.7181 -0.2981 0.6289
vn 0.3785 0.4814 0.7906
vn 0.4475 0.3562 0.8203
vn 0.4514 0.2949 0.8422
vn 0.6482 -0.6177 0.4453
vn 0.6574 -0.6541 0.3741
vn 0.7010 -0.3171 0.6388
vn 0.5104 -0.6169 0.5991
vn 0.2054 -0.9597 0.1917
vn 0.2884 0.6667 0.6873
vn 0.6365 -0.4254 0.6433
vn 0.2660 -0.8860 0.3797
vn 0.3801 0.5379 0.7525
vn 0.3390 0.5704 0.7481
vn 0.6883 -0.5989 0.4093
vn 0.6939 -0.4884 0.5290
vn 0.6510 -0.3200 0.6883
vn 0.6446 -0.6839 0.3417
vn 0.6773 -0.3867 0.6258
vn 0.5556 -0.1372 0.8200
vn 0.6200 -0.6435 0.4489
vn 0.6082 -0.6844 0.4020
vn 0.6301 -0.6704 0.3918
vn 0.4751 0.3772 0.7950
vn 0.6037 -0.6177 0.5040
vn 0.6244 -0.4091 0.6654
vn 0.3509 0.6274 0.6951
vn 0.3938 0.5527 0.7345
vn 0.4473 0.1562 0.8806
vn 0.5788 -0.6905 0.4337
vn 0.4911 0.3938 0.7770
vn 0.5591 -0.7258 0.4007
vn 0.5454 -0.4916 0.6789
vn 0.5652 -0.3633 0.7406
vn 0.5342 -0.6549 0.5345
vn 0.5761 -0.6915 0.4357
vn 0.4221 -0.8575 0.2941
vn 0.5370 -0.4389 0.7204
vn 0.3220 0.6812 0.6575
vn 0.5415 0.3242 0.7757
vn 0.5088 -0.7221 0.4687
vn 0.4028 -0.7876 0.4663
vn 0.2225 0.8130 0.5381
vn 0.2755 0.7568 0.5927
vn 0.4278 0.5360 0.7277
vn 0.4595 -0.7016 0.5446
vn 0.5740 -0.6583 0.4871
vn 0.5386 -0.7215 0.4351
vn 0.4725 -0.6180 0.6284
vn 0.5269 -0.3956 0.7523
vn 0.5312 0.1969 0.8240
vn 0.4667 -0.0032 0.8844
vn 0.4697 0.5172 0.7155
vn 0.3872 0.6228 0.6799
vn 0.5085 0.4623 0.7265
vn 0.5149 0.0319 0.8567
vn 0.5264 -0.6822 0.5074
vn 0.4360 -0.5107 0.7410
vn 0.5150 -0.4468 0.7316
vn 0.5654 0.3726 0.7358
vn 0.5604 0.3857 0.7330
vn 0.4050 -0.5603 0.7225
vn 0.4061 0.0189 0.9136
vn 0.5173 -0.7346 0.4390
vn 0.4746 -0.7121 0.5174
vn 0.3985 -0.6085 0.6863
vn 0.3332 0.7033 0.6279
vn 0.4534 -0.6948 0.5583
vn 0.4606 -0.5002 0.7333
vn 0.2006 0.8073 0.5550
vn 0.4304 0.5877 0.6851
vn 0.5572 0.4212 0.7156
vn 0.5497 -0.6775 0.4888
vn 0.3969 -0.6714 0.6258
vn 0.3579 -0.9337 0.0128
vn 0.2792 0.7548 0.5936
vn 0.5066 -0.5221 0.6862
vn 0.5316 -0.6593 0.5317
vn 0.4603 -0.8702 0.1757
vn 0.6138 0.3779 0.6931
vn 0.4260 -0.9004 0.0884
vn 0.5243 0.0472 0.8502
vn 0.1160 0.8568 0.5025
vn 0.4074 0.6423 0.6493
vn 0.4586 -0.6655 0.5889
vn 0.4926 -0.6687 0.5570
vn 0.4843 -0.6850 0.5443
vn 0.4424 -0.5733 0.6897
vn 0.6638 -0.6881 0.2932
vn 0.5197 -0.5415 0.6608
vn 0.5467 -0.8361 0.0440
vn 0.7385 -0.5710 -0.3585
vn 0.6931 -0.5981 -0.4022
vn 0.6276 -0.4220 0.6543
vn 0.5318 0.5041 0.6805
vn 0.6546 0.3455 0.6725
vn 0.7706 -0.6049 0.2007
vn 0.5614 -0.6180 0.5504
vn 0.4294 -0.6524 0.6244
vn 0.5143 0.5456 0.6617
vn 0.5585 0.1208 0.8207
vn 0.5222 -0.6600 0.5401
vn 0.4858 -0.5628 0.6687
vn 0.4815 -0.5499 0.6824
vn 0.6677 0.3757 0.6427
vn 0.6722 0.3349 0.6603
vn 0.5499 -0.6170 0.5629
vn 0.4892 -0.6367 0.5960
vn 0.4797 -0.5901 0.6493
vn 0.4965 -0.5553 0.6671
vn 0.7595 -0.3894 -0.5210
vn 0.3591 0.6924 0.6259
vn 0.1899 0.8122 0.5516
vn 0.4287 0.6380 0.6397
vn 0.5545 -0.6085 0.5677
vn 0.4717 -0.5855 0.6593
vn 0.5067 -0.5624 0.6534
vn 0.6974 0.3497 0.6256
vn 0.7472 -0.3776 -0.5469
vn 0.6607 0.3967 0.6373
vn 0.6033 -0.0957 0.7918
vn 0.5303 -0.6490 0.5455
vn 0.7719 -0.4001 -0.4940
vn 0.5093 0.5809 0.6350
vn 0.7222 0.3413 0.6016
vn 0.8071 -0.3995 -0.4348
vn 0.7640 -0.3965 -0.5090
vn 0.5974 0.4985 0.6281
vn 0.8192 -0.3953 -0.4155
vn 0.3880 0.6963 0.6038
vn 0.5811 0.5288 0.6187
vn 0.7298 0.0194 0.6834
vn 0.6112 -0.5558 0.5635
vn 0.6007 -0.5640 0.5666
vn 0.6967 -0.6730 0.2483
vn 0.8297 -0.3886 -0.4006
vn 0.4733 0.6423 0.6028
vn 0.6504 0.4690 0.5975
vn 0.7266 0.3843 0.5694
vn 0.7742 0.3148 0.5491
vn 0.8474 -0.3720 -0.3789
vn 0.6625 -0.5373 0.5219
vn 0.8673 -0.3590 -0.3449
vn 0.5659 0.5813 0.5846
vn 0.7824 0.3348 0.5251
vn 0.8064 0.3226 0.4957
vn 0.9697 -0.2186 0.1090
vn 0.9620 -0.2721 0.0199
vn 0.8448 -0.3755 -0.3812
vn 0.7640 -0.3845 -0.5182
vn 0.3448 0.7361 0.5825
vn 0.4258 0.6962 0.5779
vn 0.9105 0.1966 0.3638
vn 0.8752 -0.3483 -0.3357
vn 0.7965 -0.3793 -0.4709
vn 0.4933 0.6538 0.5738
vn 0.6853 0.4931 0.5360
vn 0.9557 0.2862 0.0686
vn 0.7487 -0.3784 -0.5442
vn 0.5532 0.6199 0.5565
vn 0.6630 0.5550 0.5024
vn 0.9176 0.3870 0.0911
vn 0.8183 0.3885 0.4237
vn 0.4275 0.7142 0.5543
vn 0.8319 0.3752 0.4088
vn 0.8156 -0.3562 -0.4559
vn 0.5057 0.6863 0.5227
vn 0.7040 0.5360 0.4659
vn 0.9297 0.3170 0.1875
vn 0.8694 -0.2938 -0.3973
vn 0.8287 0.4230 0.3665
vn 0.4632 0.7167 0.5214
vn 0.5820 0.6491 0.4898
vn 0.6361 0.6069 0.4764
vn 0.9120 0.4102 0.0028
vn 0.7478 0.5376 0.3897
vn 0.7095 0.5599 0.4278
vn 0.8424 0.4100 0.3497
vn -0.5398 -0.1576 0.8269
vn -0.5862 0.0385 0.8093
vn 0.8218 -0.3258 -0.4674
vn 0.8389 0.5400 0.0687
vn 0.8102 0.4718 0.3479
vn 0.6842 0.6008 0.4133
vn 0.6139 0.6609 0.4317
vn 0.5370 0.7067 0.4606
vn 0.4536 0.7391 0.4980
vn 0.1813 0.7994 0.5728
vn 0.6858 0.6511 -0.3251
vn 0.1714 0.6889 -0.7043
vn -0.0235 0.6501 -0.7595
vn -0.2165 0.6769 -0.7035
vn 0.2727 0.7345 -0.6214
vn 0.6056 0.7014 -0.3758
vn 0.3562 0.9344 0.0031
vn 0.2679 0.8164 0.5116
vn 0.2384 0.8189 0.5221
vn 0.0282 0.7108 -0.7028
vn -0.1548 0.7323 -0.6632
vn 0.4597 0.8421 0.2821
vn 0.6068 0.6886 -0.3970
vn 0.3943 0.9073 0.1460
vn -0.3000 0.6463 -0.7016
vn 0.2796 0.8223 0.4956
vn 0.7311 0.6455 -0.2210
vn 0.2969 0.9469 -0.1232
vn 0.5378 0.7302 -0.4214
vn 0.5798 0.7155 -0.3898
vn 0.5385 0.8414 -0.0451
vn -0.2316 0.6876 -0.6882
vn 0.3103 0.7997 -0.5139
vn 0.1924 0.8281 -0.5266
vn 0.0052 0.7746 -0.6325
vn -0.1969 0.7275 -0.6573
vn -0.0878 0.6918 -0.7167
vn 0.5647 0.7275 -0.3897
vn 0.4689 0.7658 -0.4401
vn 0.3814 0.8751 0.2980
vn 0.3487 0.9037 0.2484
vn -0.1147 0.8100 -0.5752
vn -0.3098 0.7121 -0.6300
vn 0.6017 0.7369 -0.3081
vn 0.4138 0.9058 0.0912
vn 0.3115 0.7887 0.5300
vn -0.2584 0.7891 -0.5572
vn 0.7312 0.6761 -0.0907
vn 0.6728 0.7193 -0.1730
vn 0.5281 0.7769 -0.3428
vn 0.4187 0.8114 -0.4079
vn 0.4001 0.9108 0.1018
vn 0.3532 0.8044 0.4776
vn 0.1689 0.8628 -0.4765
vn 0.3873 0.8298 -0.4018
vn 0.7161 0.6978 -0.0120
vn 0.4262 0.8166 -0.3893
vn 0.3867 0.9100 0.1495
vn 0.3284 0.4474 0.8318
vn 0.1767 0.9433 -0.2809
vn 0.5896 0.7849 -0.1908
vn 0.3846 0.8317 -0.4005
vn 0.3289 0.9084 0.2582
vn 0.3800 0.8519 0.3604
vn 0.3925 0.8138 0.4286
vn -0.2318 0.9043 -0.3585
vn -0.2266 0.9055 -0.3588
vn 0.6855 0.7280 0.0062
vn 0.5167 0.8333 -0.1963
vn 0.4093 0.8617 -0.2999
vn 0.4058 0.8940 -0.1901
vn 0.4262 0.8104 0.4020
vn 0.4182 0.7837 0.4592
vn -0.0604 0.9692 -0.2386
vn 0.0986 0.6967 -0.7105
vn -0.3756 0.8257 -0.4208
vn -0.2516 0.7937 -0.5539
vn 0.3490 0.8614 -0.3691
vn 0.6459 0.7634 0.0051
vn 0.3627 0.9314 -0.0309
vn 0.4417 0.8573 0.2643
vn 0.0706 0.7577 -0.6488
vn -0.3265 0.8073 -0.4917
vn 0.0275 0.7486 -0.6625
vn 0.3700 0.8804 -0.2967
vn 0.4350 0.8819 -0.1815
vn 0.3716 0.8827 -0.2877
vn 0.3505 0.8598 -0.3714
vn 0.4467 0.8551 0.2633
vn 0.4658 0.8176 0.3384
vn 0.0897 0.9831 -0.1596
vn 0.1232 0.9214 -0.3687
vn 0.3389 0.8834 -0.3237
vn 0.4777 0.7859 0.3927
vn -0.3243 0.9019 -0.2853
vn -0.3431 0.8889 -0.3035
vn 0.2956 0.7511 -0.5903
vn 0.1881 0.9139 -0.3598
vn 0.5818 0.8118 0.0494
vn 0.4032 0.9037 -0.1439
vn 0.5061 0.7794 0.3694
vn -0.3318 0.8104 -0.4828
vn 0.4343 0.8985 -0.0637
vn 0.3504 0.9228 -0.1602
vn -0.2379 0.8485 -0.4727
vn 0.0705 0.9206 -0.3841
vn 0.3238 0.9184 -0.2274
vn 0.3648 0.8790 -0.3071
vn -0.1312 0.9812 -0.1416
vn 0.5222 0.7724 0.3615
vn -0.2354 0.9537 -0.1873
vn 0.3307 0.8217 -0.4642
vn 0.0352 0.7819 -0.6224
vn 0.5254 0.8506 0.0203
vn 0.2205 0.8346 -0.5048
vn -0.0804 0.8921 -0.4446
vn 0.1433 0.8176 -0.5576
vn 0.2526 0.8344 -0.4898
vn 0.5075 0.8599 0.0550
vn 0.3593 0.9000 -0.2467
vn 0.4002 0.8795 -0.2574
vn 0.0672 0.9932 -0.0952
vn 0.1721 0.8349 -0.5228
vn 0.3507 0.9286 -0.1215
vn 0.3220 0.9282 -0.1862
vn 0.5717 0.7619 0.3044
vn -0.2292 0.9115 -0.3415
vn -0.0695 0.9163 -0.3945
vn 0.1618 0.8468 -0.5067
vn 0.3750 0.9252 -0.0584
vn 0.4109 0.9115 -0.0209
vn 0.6016 0.7381 0.3054
vn 0.2722 0.8777 -0.3944
vn 0.4793 0.8764 0.0478
vn 0.0617 0.9351 -0.3490
vn 0.4743 0.8793 0.0439
vn 0.6203 0.6903 0.3726
vn 0.5784 0.8104 0.0938
vn -0.2193 0.9007 -0.3750
vn -0.1836 0.9565 -0.2269
vn -0.2071 0.9269 -0.3129
vn -0.1563 0.9355 -0.3168
vn -0.0395 0.9090 -0.4148
vn 0.1905 0.8845 -0.4260
vn 0.1347 0.9168 -0.3760
vn 0.1760 0.8661 -0.4679
vn 0.1706 0.8736 -0.4558
vn 0.4077 0.8748 -0.2617
vn 0.0117 0.9876 -0.1568
vn 0.1876 0.9407 -0.2828
vn 0.3843 0.9070 -0.1720
vn 0.3956 0.8968 -0.1983
vn 0.6611 0.6853 0.3055
vn 0.1988 0.8747 -0.4420
vn -0.1383 0.9572 -0.2543
vn 0.1613 0.9324 -0.3235
vn 0.4477 0.8939 -0.0210
vn 0.4863 0.8512 -0.1974
vn 0.0221 0.9852 -0.1698
vn -0.0596 0.9794 -0.1929
vn 0.2219 0.9063 -0.3596
vn 0.6620 0.7424 0.1032
vn 0.6984 0.6333 0.3333
vn -0.1474 0.9292 -0.3388
vn 0.7062 0.6713 0.2248
vn -0.1062 0.9386 -0.3281
vn 0.4205 0.9027 -0.0915
vn 0.4705 0.8584 -0.2045
vn 0.7363 0.6568 0.1628
vn 0.7326 0.6325 0.2515
vn -0.0546 0.9336 -0.3541
vn 0.4363 0.8854 -0.1603
vn 0.4590 0.8779 -0.1367
vn 0.4876 0.8564 -0.1697
vn 0.4610 0.8650 -0.1982
vn 0.6907 0.7127 -0.1225
vn 0.7478 0.6452 0.1565
vn 0.2351 0.8922 -0.3857
vn 0.2958 0.8936 -0.3377
vn 0.2538 0.8890 -0.3811
vn 0.6940 0.6888 -0.2095
vn 0.4746 0.8745 -0.1003
vn 0.6752 0.5860 -0.4480
vn 0.7664 0.2148 -0.6053
vn 0.7502 0.2222 -0.6228
vn 0.3500 0.8932 -0.2823
vn 0.7841 0.5810 0.2184
vn 0.2891 0.8960 -0.3369
vn 0.2536 0.8555 -0.4515
vn 0.6078 0.7487 -0.2645
vn 0.7398 0.0955 -0.6661
vn 0.7302 0.3686 -0.5752
vn 0.7486 0.0900 -0.6569
vn 0.7922 -0.1782 -0.5836
vn 0.8207 -0.1675 -0.5462
vn 0.8399 -0.1677 -0.5162
vn 0.9925 0.0439 -0.1138
vn 0.7994 0.5953 -0.0811
vn -0.0208 0.9257 -0.3778
vn 0.1504 0.9015 -0.4058
vn 0.2724 0.8653 -0.4207
vn 0.2749 0.8647 -0.4204
vn 0.2702 0.8654 -0.4221
vn 0.8478 -0.1892 -0.4954
vn 0.7388 -0.2320 -0.6328
vn 0.7491 -0.2216 -0.6243
vn 0.7662 -0.2125 -0.6064
vn 0.7728 -0.2022 -0.6016
vn 0.8474 -0.1768 -0.5006
vn 0.9972 -0.0322 -0.0672
vn 0.9902 -0.0155 -0.1390
vn 0.8270 0.5611 -0.0344
vn 0.0187 0.9020 -0.4314
vn 0.2784 0.8811 -0.3822
vn 0.3249 0.8666 -0.3788
vn 0.2953 0.8778 -0.3772
vn 0.2755 0.8763 -0.3953
vn 0.5772 0.1602 -0.8008
vn 0.8872 -0.1929 -0.4191
vn 0.9861 -0.1453 -0.0803
vn 0.5637 0.2290 -0.7936
vn 0.7335 -0.1898 -0.6527
vn 0.7180 -0.2825 -0.6361
vn 0.3531 0.8648 -0.3569
vn 0.7549 0.4657 -0.4617
vn 0.7384 -0.2597 -0.6224
vn 0.7018 -0.3373 -0.6275
vn 0.7276 -0.2852 -0.6239
vn 0.7814 -0.2406 -0.5758
vn 0.0391 0.8759 -0.4809
vn 0.0536 0.8642 -0.5003
vn 0.4500 0.6626 -0.5987
vn 0.7247 -0.2915 -0.6244
vn 0.8024 -0.2571 -0.5386
vn 0.8481 -0.2568 -0.4635
vn 0.0749 0.8431 -0.5325
vn 0.4060 0.6636 -0.6284
vn 0.7601 -0.3656 -0.5372
vn 0.7136 -0.2385 -0.6587
vn 0.8061 -0.2917 -0.5150
vn 0.4296 0.6406 -0.6364
vn 0.0729 0.8414 -0.5355
vn 0.6796 -0.1950 -0.7072
vn 0.7458 -0.3147 -0.5871
vn -0.3533 0.0530 -0.9340
vn -0.1847 0.6367 -0.7487
vn 0.0468 0.8248 -0.5635
vn 0.5031 0.2898 -0.8142
vn 0.6671 -0.1920 -0.7198
vn -0.2545 0.2891 -0.9228
vn 0.5462 0.1127 -0.8300
vn 0.6572 -0.1977 -0.7273
vn 0.7670 -0.3263 -0.5526
vn -0.3902 0.0963 -0.9157
vn -0.3457 0.1269 -0.9297
vn 0.6142 -0.1900 -0.7659
vn 0.1333 -0.1575 -0.9785
vn 0.6435 -0.2215 -0.7327
vn -0.2238 0.0751 -0.9717
vn 0.6757 -0.2593 -0.6900
vn -0.0774 -0.2703 -0.9596
vn -0.3588 0.1435 -0.9223
vn -0.3997 0.1498 -0.9043
vn 0.7099 -0.3280 -0.6233
vn -0.3436 -0.2750 -0.8979
vn 0.6783 -0.2915 -0.6745
vn -0.3826 0.1517 -0.9114
vn -0.4059 0.1363 -0.9037
vn 0.6285 -0.2695 -0.7296
vn 0.7106 -0.3341 -0.6192
vn -0.1130 -0.3755 -0.9199
vn 0.6957 -0.3391 -0.6333
vn 0.6631 -0.3246 -0.6744
vn 0.7361 -0.3885 -0.5542
vn 0.7425 -0.3787 -0.5525
vn 0.7609 -0.4069 -0.5054
vn 0.3574 -0.3733 -0.8561
vn 0.2153 0.6510 -0.7279
vn -0.1960 0.6699 -0.7161
vn 0.7040 0.6736 -0.2250
vn 0.3375 0.8496 0.4053
vn 0.2312 0.8138 0.5332
vn 0.1874 0.8142 0.5495
vn 0.3883 0.7649 0.5139
vn 0.8068 0.4952 0.3223
vn 0.7675 -0.3455 -0.5400
vn -0.3792 0.0809 -0.9218
vn -0.2602 0.3212 -0.9106
vn 0.4068 -0.1975 -0.8919
vn -0.0686 -0.4394 -0.8957
vn -0.2993 -0.3753 -0.8772
vn 0.3970 -0.2348 -0.8873
vn -0.3075 -0.3700 -0.8767
vn 0.3645 -0.2623 -0.8935
vn -0.3006 -0.3612 -0.8827
vn -0.3064 -0.3028 -0.9024
vn 0.5130 -0.1515 -0.8449
vn -0.0934 -0.3232 -0.9417
vn 0.5216 -0.1441 -0.8409
vn -0.0751 -0.2726 -0.9592
vn 0.5691 -0.1941 -0.7990
vn -0.2264 -0.2835 -0.9319
vn -0.2811 -0.2257 -0.9327
vn 0.5133 -0.3722 -0.7733
vn 0.0317 -0.1946 -0.9804
vn -0.1816 -0.2067 -0.9614
vn -0.2206 -0.1416 -0.9650
vn -0.1002 -0.2735 -0.9566
vn 0.3377 -0.3554 -0.8716
vn -0.1161 -0.1643 -0.9796
vn 0.1239 0.0738 -0.9895
vn 0.7446 -0.3686 -0.5565
vn 0.7277 -0.3793 -0.5714
vn -0.1830 -0.1426 -0.9727
vn -0.0118 -0.2087 -0.9779
vn 0.7452 -0.3647 -0.5583
vn 0.7260 -0.3829 -0.5712
vn 0.7096 -0.5854 -0.3921
vn -0.1529 -0.1110 -0.9820
vn 0.1268 -0.1596 -0.9790
vn 0.6607 -0.6272 -0.4125
vn 0.6879 -0.6141 -0.3869
vn -0.1488 -0.1424 -0.9786
vn 0.3148 -0.9019 -0.2960
vn 0.6042 -0.3296 -0.7255
vn 0.5686 -0.7336 -0.3722
vn 0.7277 -0.4447 -0.5222
vn 0.0296 -0.1677 -0.9854
vn 0.1997 -0.9203 -0.3365
vn 0.7127 -0.4752 0.5160
vn 0.6906 -0.3744 -0.6187
vn -0.0601 -0.1055 -0.9926
vn -0.1195 -0.1638 -0.9792
vn 0.2497 -0.8661 -0.4330
vn 0.0675 -0.9339 -0.3512
vn 0.5388 -0.7053 -0.4607
vn 0.5359 -0.7041 -0.4659
vn 0.7123 -0.4792 -0.5129
vn 0.7207 -0.3202 -0.6148
vn 0.7235 -0.3284 -0.6072
vn 0.6272 -0.6001 -0.4965
vn -0.1011 -0.1285 -0.9865
vn 0.1407 -0.9130 -0.3831
vn -0.0730 -0.1458 -0.9866
vn -0.2159 -0.8046 -0.5532
vn 0.0312 -0.9444 -0.3273
vn 0.1963 -0.9548 -0.2234
vn 0.0480 -0.9932 -0.1061
vn -0.0078 -0.1077 -0.9942
vn 0.0195 -0.9284 -0.3710
vn -0.0794 -0.3815 -0.9210
vn 0.0500 -0.1294 -0.9903
vn 0.0486 -0.1284 -0.9905
vn -0.0120 -0.1841 -0.9828
vn -0.2165 -0.0759 -0.9733
vn -0.0131 -0.1623 -0.9867
vn -0.6319 -0.5530 -0.5430
vn -0.6287 -0.5590 -0.5405
vn -0.4251 -0.4020 -0.8110
vn -0.3257 -0.2679 -0.9067
vn -0.8190 -0.4712 -0.3274
vn -0.7916 -0.4758 -0.3834
vn -0.3757 -0.7379 -0.5607
vn -0.8321 -0.4613 -0.3079
vn -0.4350 -0.7154 -0.5467
vn -0.3557 -0.8934 -0.2743
vn -0.5761 -0.6948 -0.4306
vn -0.4683 -0.7221 -0.5091
vn -0.8083 -0.4930 -0.3218
vn -0.3566 -0.8536 -0.3797
vn -0.4944 -0.7251 -0.4794
vn -0.6068 -0.6387 -0.4731
vn -0.8763 -0.3701 -0.3085
vn -0.4612 -0.7983 -0.3872
vn 0.0166 -0.9985 0.0517
vn -0.5805 -0.6543 -0.4847
vn -0.0945 -0.9850 -0.1440
vn -0.0103 -0.9982 -0.0595
vn -0.6929 -0.5589 -0.4554
vn -0.5275 -0.6613 -0.5334
vn -0.8895 -0.2770 -0.3634
vn -0.5274 -0.6655 -0.5282
vn -0.6085 -0.7771 -0.1608
vn -0.7526 -0.5227 -0.4004
vn -0.6263 -0.6250 -0.4660
vn -0.2083 -0.9589 -0.1926
vn -0.8451 -0.4439 -0.2979
vn -0.1863 -0.3442 -0.9202
vn -0.8658 -0.4551 0.2080
vn -0.6565 -0.6142 -0.4378
vn -0.4550 0.1563 0.8766
vn -0.8316 -0.0447 0.5536
vn -0.7342 -0.5467 -0.4026
vn -0.9810 -0.1680 -0.0974
vn -0.7077 -0.5687 -0.4192
vn -0.7500 -0.0223 -0.6611
vn -0.9019 0.2294 -0.3660
vn -0.9893 -0.1145 0.0901
vn -0.8655 -0.0232 0.5003
vn -0.8066 -0.1578 -0.5697
vn -0.8308 0.0810 -0.5507
vn -0.8526 0.2066 -0.4801
vn -0.9505 -0.0140 0.3104
vn -0.8672 -0.0172 0.4977
vn -0.6295 -0.6373 -0.4444
vn -0.7864 -0.3292 -0.5227
vn -0.7661 0.2352 -0.5981
vn -0.7683 0.1917 -0.6108
vn -0.9844 -0.1726 -0.0330
vn -0.8002 0.1000 -0.5913
vn -0.9687 0.2320 -0.0886
vn -0.9642 0.0074 0.2652
vn -0.8817 0.0019 0.4718
vn -0.7023 -0.5811 -0.4112
vn -0.7902 0.0824 -0.6073
vn -0.9973 -0.0669 -0.0291
vn -0.6737 -0.6356 -0.3769
vn -0.7274 0.0502 -0.6844
vn -0.8337 0.1106 -0.5411
vn -0.9756 0.0831 0.2030
vn -0.9929 0.0271 0.1161
vn -0.8885 0.0273 0.4580
vn -0.8489 -0.0187 -0.5282
vn -0.7748 -0.2646 -0.5742
vn -0.9949 0.0858 0.0525
vn -0.9995 0.0310 -0.0118
vn -0.6845 -0.6155 -0.3906
vn -0.8025 0.0445 -0.5950
vn -0.8003 0.0807 -0.5942
vn -0.9979 0.0531 -0.0383
vn -0.9977 0.0637 -0.0250
vn -0.8975 0.0876 0.4322
vn -0.7443 -0.1034 -0.6598
vn -0.8126 0.2173 -0.5407
vn -0.8315 -0.0278 -0.5548
vn -0.8761 0.0436 -0.4801
vn -0.9980 0.0598 -0.0211
vn -0.8847 0.1240 0.4494
vn -0.8988 0.0775 0.4314
vn -0.8616 0.0122 -0.5075
vn -0.9921 -0.0871 0.0899
vn -0.8262 0.0565 -0.5606
vn -0.8537 0.0043 -0.5208
vn -0.9710 0.0518 -0.2333
vn -0.8731 0.2800 -0.3991
vn -0.8788 0.1245 -0.4607
vn -0.9969 -0.0143 -0.0775
vn -0.8656 -0.0217 -0.5002
vn -0.8558 -0.0657 -0.5131
vn -0.8618 0.0081 -0.5073
vn -0.9326 0.1248 -0.3388
vn -0.9214 0.2269 -0.3154
vn -0.9041 -0.0107 -0.4272
vn -0.9267 0.0498 -0.3724
vn -0.8703 -0.0754 -0.4867
vn -0.9941 0.0606 -0.0898
vn -0.9459 0.1981 0.2569
vn -0.9582 0.0049 -0.2861
vn -0.9223 0.0634 -0.3812
vn -0.9088 0.2436 0.3386
vn -0.9616 0.2493 -0.1152
vn -0.9701 0.1600 -0.1826
vn -0.9730 0.0354 -0.2281
vn -0.9763 0.0252 -0.2147
vn -0.9304 -0.0691 -0.3601
vn -0.9140 -0.1126 -0.3898
vn -0.9582 0.2278 0.1729
vn -0.9214 0.0624 -0.3836
vn -0.9861 0.1135 -0.1211
vn -0.9208 0.0872 -0.3802
vn -0.9709 0.0815 -0.2250
vn -0.8918 0.3898 -0.2297
vn -0.9117 -0.0759 -0.4037
vn -0.9207 0.0017 -0.3902
vn -0.9433 -0.1819 -0.2777
vn -0.9518 -0.1038 -0.2887
vn -0.9169 -0.0591 -0.3948
vn -0.9262 0.1441 -0.3483
vn -0.9837 -0.0366 -0.1763
vn -0.8259 -0.4779 -0.2991
vn -0.9833 0.1511 -0.1018
vn -0.9838 0.1576 -0.0851
vn -0.9421 -0.0792 -0.3260
vn -0.9276 0.1848 -0.3248
vn -0.9910 0.0838 -0.1048
vn -0.9293 0.1319 -0.3450
vn -0.9834 0.1478 -0.1056
vn -0.8361 -0.4851 -0.2562
vn -0.8482 -0.4017 -0.3452
vn -0.9656 -0.0414 -0.2568
vn -0.9270 0.1869 -0.3251
vn -0.8998 0.2817 -0.3332
vn -0.8420 -0.4278 -0.3286
vn -0.9773 -0.0279 -0.2101
vn -0.9312 0.0976 -0.3512
vn -0.9198 0.1902 -0.3432
vn -0.2677 0.6269 -0.7316
vn -0.9705 -0.0096 -0.2409
vn -0.9880 0.0745 -0.1355
vn -0.9877 0.0282 -0.1540
vn -0.5780 0.7543 -0.3114
vn -0.2430 0.5687 -0.7859
vn -0.8476 -0.4280 -0.3135
vn -0.8642 -0.4027 -0.3017
vn -0.8679 -0.4209 -0.2638
vn -0.9613 -0.0211 -0.2746
vn -0.6457 0.7088 -0.2839
vn -0.2351 0.5380 -0.8095
vn 0.0120 -0.2988 -0.9543
vn -0.0572 -0.2173 -0.9744
vn -0.5094 -0.6411 -0.5740
vn -0.8443 -0.3980 -0.3589
vn -0.9797 0.1039 -0.1712
vn -0.9754 0.0461 -0.2155
vn -0.9739 0.0214 -0.2258
vn -0.9493 0.0724 -0.3058
vn -0.9363 0.0830 -0.3411
vn -0.5672 0.7558 -0.3271
vn -0.2028 0.5190 -0.8304
vn -0.5354 -0.5819 -0.6121
vn 0.1095 -0.2469 -0.9628
vn -0.4181 -0.1494 -0.8960
vn -0.4983 -0.6056 -0.6204
vn -0.8492 -0.4043 -0.3396
vn -0.8494 -0.3830 -0.3630
vn -0.9352 0.0997 -0.3397
vn -0.1461 0.5291 -0.8359
vn 0.1144 -0.2335 -0.9656
vn 0.1130 -0.2307 -0.9664
vn -0.6909 -0.4996 -0.5225
vn -0.5386 -0.6769 -0.5017
vn -0.8467 -0.1939 -0.4955
vn -0.8500 -0.3933 -0.3505
vn -0.8438 -0.3959 -0.3622
vn -0.8432 -0.3755 -0.3847
vn -0.8425 -0.3938 -0.3676
vn -0.8448 -0.1959 -0.4980
vn -0.4551 -0.0211 -0.8902
vn -0.6599 0.3045 -0.6869
vn -0.9652 0.1376 -0.2224
vn -0.9621 0.0708 -0.2634
vn -0.9318 0.1351 -0.3369
vn 0.0925 -0.3285 -0.9400
vn 0.0359 0.8438 -0.5355
vn 0.0642 -0.3038 -0.9506
vn -0.2847 -0.2758 -0.9181
vn -0.5655 -0.5191 -0.6409
vn -0.7766 -0.3308 -0.5361
vn -0.8267 -0.2463 -0.5058
vn -0.5839 0.0582 -0.8097
vn -0.6091 0.0879 -0.7882
vn -0.1256 0.0679 -0.9898
vn -0.1342 0.2306 -0.9638
vn -0.1479 0.0883 -0.9850
vn -0.7220 0.3914 -0.5705
vn -0.9466 0.0759 -0.3132
vn -0.8690 -0.1930 -0.4557
vn 0.0601 -0.3520 -0.9341
vn 0.1229 -0.2927 -0.9483
vn -0.2372 0.0830 -0.9679
vn -0.1194 -0.2924 -0.9488
vn -0.1468 0.2727 -0.9508
vn -0.3284 0.1207 -0.9368
vn -0.8280 0.0985 -0.5519
vn -0.9493 0.0897 -0.3014
vn -0.9560 0.1235 -0.2661
vn -0.9624 0.0885 -0.2568
vn 0.0562 0.8507 -0.5227
vn 0.0561 -0.3521 -0.9343
vn -0.1211 0.0825 -0.9892
vn -0.1533 0.0526 -0.9868
vn -0.6608 -0.1844 -0.7275
vn -0.5683 0.2202 -0.7928
vn -0.9513 0.1045 -0.2899
vn 0.1167 0.8371 -0.5344
vn -0.1682 0.2981 -0.9396
vn -0.7130 0.2742 -0.6453
vn -0.8311 -0.1992 -0.5192
vn 0.1543 0.8417 -0.5175
vn -0.0157 0.5977 -0.8016
vn 0.0827 -0.3830 -0.9200
vn -0.2018 0.3058 -0.9305
vn -0.1562 0.1301 -0.9791
vn 0.0589 -0.4297 -0.9010
vn -0.1769 0.5812 -0.7943
vn -0.0013 0.8483 -0.5295
vn 0.0078 0.8575 -0.5144
vn 0.1540 0.8542 -0.4966
vn 0.0484 -0.3366 -0.9404
vn 0.0003 -0.2195 -0.9756
vn -0.2157 0.2726 -0.9376
vn -0.1480 0.3283 -0.9329
vn -0.1726 0.0167 -0.9848
vn 0.2178 0.8424 -0.4928
vn 0.0315 -0.3217 -0.9463
vn -0.2302 -0.0332 -0.9726
vn 0.0613 0.4158 -0.9074
vn -0.0357 -0.3261 -0.9447
vn -0.0137 0.8689 -0.4948
vn 0.1490 0.8851 -0.4409
vn 0.2387 0.8589 -0.4532
vn 0.2678 0.7870 -0.5558
vn -0.2030 0.1138 -0.9725
vn -0.2163 0.0544 -0.9748
vn 0.0060 0.8658 -0.5004
vn 0.0551 0.8733 -0.4841
vn 0.0977 0.3068 -0.9468
vn -0.2950 0.3017 -0.9066
vn -0.0652 -0.4070 -0.9111
vn -0.2607 -0.0083 -0.9654
vn -0.2466 -0.0276 -0.9687
vn 0.2288 0.8926 -0.3884
vn 0.2951 0.8469 -0.4424
vn 0.3005 0.8026 -0.5154
vn 0.3294 0.7604 -0.5597
vn -0.2610 -0.0520 -0.9639
vn 0.1440 0.0444 -0.9886
vn 0.3092 0.8727 -0.3779
vn 0.3552 0.7699 -0.5301
vn -0.1075 -0.4387 -0.8922
vn -0.2609 -0.0507 -0.9640
vn 0.2142 0.8967 -0.3874
vn 0.3802 0.7934 -0.4753
vn -0.0801 -0.5006 -0.8620
vn 0.1065 0.0056 -0.9943
vn 0.1228 0.9152 -0.3838
vn -0.4179 0.1971 -0.8869
vn 0.1843 0.9268 -0.3273
vn -0.3558 0.0092 -0.9345
vn -0.3107 -0.0529 -0.9490
vn 0.2805 0.8949 -0.3472
vn 0.0721 0.9160 -0.3945
vn 0.1742 0.9170 -0.3588
vn 0.2823 0.9038 -0.3216
vn 0.3938 0.8417 -0.3695
vn -0.4265 0.2450 -0.8707
vn -0.3280 -0.0585 -0.9429
vn 0.0415 0.9142 -0.4031
vn 0.1346 0.0074 -0.9909
vn 0.4338 0.7469 -0.5039
vn -0.4360 0.0974 -0.8946
vn -0.3174 0.0031 -0.9483
vn 0.0307 0.9003 -0.4343
vn 0.1531 0.4331 -0.8883
vn 0.1849 0.9500 -0.2515
vn 0.2292 0.9228 -0.3096
vn 0.3466 0.8954 -0.2797
vn 0.3464 0.8918 -0.2911
vn -0.2801 0.1789 -0.9431
vn 0.0345 0.9059 -0.4220
vn 0.1134 0.9400 -0.3218
vn -0.1904 -0.4821 -0.8552
vn -0.3502 -0.1365 -0.9267
vn -0.4042 -0.0250 -0.9143
vn 0.3876 0.8887 -0.2450
vn 0.4368 0.8228 -0.3636
vn -0.0039 0.8889 -0.4580
vn -0.0789 0.5077 -0.8579
vn 0.2782 0.9459 -0.1668
vn -0.4601 0.0476 -0.8866
vn -0.3414 0.2526 -0.9053
vn 0.1895 0.9673 -0.1683
vn 0.4481 0.7889 -0.4205
vn -0.1482 -0.4660 -0.8723
vn -0.4553 0.2116 -0.8648
vn -0.4016 0.0093 -0.9158
vn 0.1004 0.9741 -0.2025
vn -0.1885 -0.4824 -0.8554
vn -0.0071 0.8809 -0.4732
vn 0.1902 0.9673 -0.1680
vn 0.3091 0.9375 -0.1601
vn 0.4203 0.6887 -0.5909
vn 0.1804 0.9771 -0.1132
vn 0.0830 0.9732 -0.2147
vn 0.3546 0.9027 -0.2438
vn -0.2524 -0.4384 -0.8626
vn -0.3861 0.0343 -0.9218
vn -0.3801 0.0804 -0.9214
vn 0.0962 0.9867 -0.1312
vn 0.3770 0.8709 -0.3154
vn -0.8300 -0.5127 -0.2196
vn -0.9561 -0.2885 -0.0516
vn -0.8585 0.0674 0.5083
vn -0.8846 0.1238 0.4496
vn -0.5164 0.8151 -0.2626
vn -0.0515 0.8771 -0.4776
vn 0.3794 0.7249 -0.5749
vn 0.4203 0.6869 -0.5929
vn 0.3623 0.7125 -0.6008
vn 0.1712 0.9784 -0.1162
vn 0.0297 0.9719 -0.2336
vn 0.0350 0.9520 -0.3040
vn -0.0651 0.5957 -0.8006
vn -0.4302 0.1585 -0.8887
vn -0.3502 -0.2044 -0.9141
vn -0.1519 -0.4357 -0.8872
vn -0.2286 -0.4418 -0.8675
vn -0.6510 -0.2867 -0.7028
vn -0.7895 -0.3220 0.5226
vn -0.8489 -0.1418 0.5092
vn -0.3102 0.2933 0.9043
vn -0.5349 0.4296 0.7275
vn -0.6312 0.4444 0.6357
vn -0.5786 0.0234 0.8153
vn -0.1407 0.1883 0.9720
vn -0.1448 0.2252 0.9635
vn -0.3060 0.1783 0.9352
vn -0.6903 0.3878 0.6107
vn -0.7863 -0.0485 0.6160
vn -0.7458 -0.1511 0.6489
vn -0.8100 -0.2413 0.5345
vn -0.7604 -0.1585 0.6299
vn -0.6354 -0.1141 0.7637
vn -0.1586 0.0918 0.9831
vn -0.6079 0.2384 0.7574
vn -0.7041 0.2566 0.6621
vn -0.6419 -0.1506 0.7519
vn -0.1707 0.0811 0.9820
vn -0.1630 0.0799 0.9834
vn -0.7704 0.3614 0.5253
vn -0.7749 -0.1044 0.6234
vn -0.4949 0.1032 0.8628
vn -0.1843 0.0625 0.9809
vn -0.8296 0.0069 0.5583
vn -0.7254 0.3596 0.5870
vn -0.6570 0.3818 0.6500
vn -0.4918 -0.0875 0.8663
vn -0.1829 0.0903 0.9790
vn -0.3979 -0.0081 0.9174
vn -0.5484 0.0391 0.8353
vn -0.6523 0.0527 0.7561
vn -0.7881 0.2747 0.5509
vn -0.7947 -0.1051 0.5978
vn -0.6486 -0.0338 0.7604
vn -0.1777 0.0987 0.9791
vn -0.4955 -0.0569 0.8667
vn -0.7517 0.3142 0.5799
vn -0.7511 0.3081 0.5839
vn -0.7902 -0.0221 0.6125
vn -0.7948 -0.0261 0.6063
vn -0.7823 0.1663 0.6003
vn -0.7975 -0.0373 0.6021
vn -0.8071 0.0509 0.5883
vn -0.2714 0.0206 0.9622
vn -0.6670 0.0116 0.7449
vn -0.6330 0.3212 0.7044
vn -0.7906 0.0345 0.6113
vn -0.5821 -0.0763 0.8095
vn -0.8064 0.0541 0.5889
vn -0.7906 0.0642 0.6090
vn -0.6829 0.2436 0.6887
vn -0.2709 0.3950 0.8779
vn -0.8338 0.1280 0.5370
vn -0.7907 0.0635 0.6089
vn -0.7451 0.1381 0.6525
vn -0.3042 0.0868 0.9487
vn -0.4030 -0.0895 0.9108
vn -0.7408 0.1342 0.6581
vn -0.1762 0.5390 0.8236
vn -0.0597 0.8249 0.5621
vn -0.8307 0.1491 0.5363
vn -0.3387 -0.0243 0.9406
vn -0.6610 0.2914 0.6915
vn -0.6491 0.3275 0.6865
vn -0.2394 0.5079 0.8275
vn -0.3523 0.0440 0.9349
vn -0.1656 0.8297 0.5331
vn -0.8336 0.1621 0.5281
vn -0.3353 0.4581 0.8232
vn -0.2315 0.8264 0.5132
vn -0.5151 -0.0340 0.8565
vn -0.7022 0.0635 0.7091
vn -0.7135 0.1465 0.6852
vn -0.4573 0.1905 0.8687
vn -0.4644 0.1420 0.8742
vn -0.1968 0.8580 0.4744
vn 0.2065 0.7081 0.6752
vn -0.3946 0.1286 0.9098
vn -0.4077 0.2768 0.8701
vn -0.6239 0.0076 0.7815
vn -0.3706 0.2627 0.8909
vn -0.0485 0.9272 0.3715
vn 0.2119 0.8311 0.5141
vn 0.1896 0.7954 0.5757
vn 0.1927 0.8224 0.5353
vn -0.8462 0.2509 0.4701
vn -0.8182 0.2385 0.5231
vn -0.7932 0.2313 0.5633
vn -0.4767 0.5106 0.7155
vn -0.3775 0.3263 0.8666
vn -0.2872 0.3139 0.9050
vn -0.4422 0.0199 0.8967
vn -0.1085 0.5985 0.7938
vn -0.5224 0.1333 0.8422
vn -0.5434 0.2152 0.8114
vn -0.3163 0.2620 0.9118
vn 0.2275 0.8344 0.5020
vn 0.0760 0.7479 0.6594
vn 0.2151 0.8283 0.5173
vn -0.5700 0.3607 0.7383
vn -0.0096 0.8455 0.5339
vn -0.0018 0.8447 0.5353
vn -0.7316 0.3951 0.5556
vn 0.2103 0.8405 0.4992
vn -0.8555 0.3058 0.4180
vn -0.7912 0.3101 0.5271
vn 0.1435 0.8279 0.5423
vn -0.0555 0.8558 0.5144
vn 0.0560 0.8397 0.5402
vn -0.7941 0.3282 0.5115
vn 0.2103 0.8403 0.4996
vn -0.8092 0.3360 0.4820
vn -0.4291 0.7666 0.4777
vn -0.0958 0.8603 0.5006
vn 0.1221 0.8310 0.5427
vn 0.2810 0.8201 0.4985
vn 0.2686 0.8624 0.4291
vn 0.2272 0.8659 0.4456
vn -0.4066 0.8280 0.3861
vn -0.0271 0.8590 0.5113
vn -0.4352 0.8229 0.3653
vn -0.8341 0.3888 0.3912
vn 0.2540 0.8892 0.3805
vn -0.8687 0.3861 0.3102
vn -0.4670 0.8223 0.3252
vn -0.1809 0.8962 0.4050
vn 0.3422 0.8166 0.4649
vn -0.5451 0.7170 0.4345
vn -0.6380 0.7335 0.2345
vn 0.0320 0.8558 0.5163
vn 0.1094 0.8349 0.5395
vn 0.3010 0.8757 0.3775
vn 0.2630 0.8039 0.5335
vn 0.2523 0.9048 0.3430
vn -0.6403 0.7248 0.2543
vn -0.2528 0.9143 0.3164
vn -0.7174 0.6335 0.2898
vn -0.7714 0.6082 0.1873
vn 0.2837 0.7915 0.5413
vn 0.3676 0.7722 0.5183
vn -0.3415 0.9172 0.2050
vn -0.2581 0.9210 -0.2919
vn 0.4035 0.7768 0.4835
vn 0.2030 0.9121 0.3562
vn 0.2642 0.7902 0.5531
vn -0.1075 0.9207 -0.3752
vn 0.3104 0.8835 0.3509
vn -0.1245 0.9155 0.3826
vn -0.0136 0.8894 0.4570
vn 0.2734 0.9044 0.3275
vn -0.0408 0.8779 -0.4771
vn -0.0636 0.8969 -0.4376
vn -0.2568 0.9463 0.1963
vn 0.3910 0.7392 0.5483
vn 0.0613 0.8635 0.5006
vn 0.0137 0.8788 -0.4770
vn -0.0064 0.8981 0.4397
vn 0.2382 0.7901 0.5648
vn 0.1771 0.9322 0.3158
vn 0.0105 0.8823 -0.4705
vn 0.1760 0.9059 0.3852
vn 0.3806 0.8724 0.3067
vn 0.3841 0.8666 0.3186
vn 0.2855 0.7615 0.5819
vn 0.2916 0.8762 0.3836
vn 0.4081 0.8817 0.2366
vn 0.4270 0.8704 0.2452
vn 0.3563 0.7980 0.4860
vn 0.0611 0.8588 -0.5086
vn 0.0300 0.9018 -0.4310
vn 0.0435 0.8684 -0.4939
vn -0.0911 0.9428 0.3205
vn 0.4429 0.8765 0.1886
vn 0.4546 0.8599 0.2322
vn 0.0683 0.9192 -0.3878
vn 0.3265 0.7275 0.6035
vn 0.4402 0.7162 0.5415
vn 0.3779 0.8439 0.3809
vn 0.3047 0.8891 0.3414
vn -0.1027 0.9851 -0.1383
vn 0.0994 0.8487 -0.5195
vn 0.2383 0.9113 0.3358
vn 0.3500 0.8336 0.4273
vn 0.3253 0.7231 0.6093
vn 0.3264 0.6755 0.6612
vn 0.2174 0.8420 0.4937
vn 0.1716 0.8837 0.4355
vn 0.1032 0.8468 -0.5218
vn 0.4199 0.8263 0.3754
vn 0.3733 0.9212 0.1097
vn 0.0952 0.8913 0.4432
vn 0.0652 0.9749 -0.2131
vn 0.1022 0.8426 -0.5288
vn 0.2234 0.9080 0.3545
vn 0.1744 0.9408 0.2905
vn 0.1292 0.8188 -0.5594
vn 0.0060 0.8899 0.4561
vn 0.2477 0.8758 0.4142
vn 0.3424 0.9307 0.1285
vn 0.2755 0.9564 0.0972
vn -0.0031 0.9164 0.4003
vn 0.4088 0.8321 0.3748
vn 0.4256 0.8003 0.4223
vn 0.2332 0.9658 0.1137
vn 0.0926 0.8075 0.5825
vn 0.1648 0.7487 0.6421
vn 0.3313 0.9273 -0.1742
vn 0.1912 0.7901 -0.5825
vn 0.1583 0.8843 -0.4393
vn 0.3078 0.8522 0.4231
vn 0.1826 0.6636 0.7255
vn -0.0040 0.8918 0.4524
vn 0.0836 0.8731 0.4804
vn -0.0945 0.9928 -0.0733
vn 0.1248 0.7093 0.6938
vn 0.0190 0.8089 0.5877
vn 0.2850 0.8298 0.4797
vn 0.3041 0.8186 0.4872
vn 0.3371 0.7838 0.5216
vn 0.0625 0.9821 0.1779
vn 0.0524 0.9868 0.1533
vn -0.0051 0.9934 -0.1147
vn 0.0535 0.8723 0.4860
vn 0.1770 0.8684 0.4631
vn -0.0766 0.9877 0.1363
vn -0.0606 0.8413 0.5371
vn -0.0725 0.8500 0.5218
vn 0.3098 0.7284 -0.6112
vn 0.2545 0.7357 -0.6276
vn 0.3029 0.9472 0.1049
vn 0.1830 0.8730 0.4520
vn -0.1383 0.9642 0.2263
vn 0.0099 0.8577 0.5141
vn 0.0265 0.8482 0.5290
vn 0.2985 0.7275 -0.6177
vn 0.1846 0.7237 -0.6650
vn 0.1071 0.9783 -0.1775
vn 0.2423 0.8117 0.5315
vn -0.2372 0.9491 0.2073
vn 0.0968 0.6616 0.7436
vn -0.0590 0.8219 0.5665
vn 0.2726 0.8893 0.3672
vn 0.1672 0.7843 0.5975
vn 0.0221 0.8418 0.5393
vn 0.2176 0.6790 -0.7011
vn 0.1253 0.7062 -0.6968
vn 0.1344 0.9745 -0.1796
vn -0.2926 0.9052 0.3083
vn -0.0199 0.7356 0.6771
vn 0.1377 0.6959 -0.7048
vn 0.1526 0.7582 0.6340
vn -0.0748 0.8064 0.5866
vn -0.0215 0.8402 0.5418
vn -0.1634 0.9601 0.2270
vn -0.1747 0.8588 0.4816
vn 0.1294 0.6550 -0.7445
vn 0.0684 0.6829 -0.7273
vn -0.0444 0.7690 0.6377
vn 0.1556 0.7966 0.5842
vn -0.0173 0.7930 0.6090
vn 0.3214 0.6638 -0.6754
vn 0.0559 0.9048 -0.4221
vn 0.0191 0.6545 -0.7558
vn 0.0648 0.8167 0.5735
vn 0.1231 0.6250 -0.7709
vn 0.0414 0.6745 -0.7371
vn 0.0423 0.9931 -0.1094
vn -0.2832 0.8364 0.4693
vn -0.2389 0.8163 0.5260
vn -0.1245 0.9762 0.1778
vn -0.3105 0.8522 0.4211
vn 0.0810 0.8747 0.4778
vn 0.0375 0.7536 0.6562
vn 0.0968 0.7028 0.7048
vn 0.0791 0.8210 0.5654
vn -0.0428 0.6389 -0.7681
vn -0.0332 0.6719 -0.7399
vn -0.1178 0.7833 0.6103
vn 0.0720 0.7476 0.6602
vn 0.1236 0.7425 0.6584
vn 0.0465 0.8108 0.5835
vn -0.0732 0.6548 -0.7522
vn -0.0893 0.7308 -0.6768
vn 0.1080 0.5631 -0.8193
vn 0.1156 0.7563 0.6440
vn -0.0827 0.6218 -0.7788
vn -0.0714 0.6526 -0.7543
vn -0.0806 0.8070 -0.5850
vn -0.0428 0.8169 0.5751
vn -0.0741 0.8573 0.5094
vn -0.1060 0.6550 -0.7482
vn 0.1021 0.7753 0.6233
vn 0.0212 0.5590 -0.8289
vn -0.1474 0.8483 -0.5085
vn -0.1366 0.8485 0.5113
vn -0.1066 0.8775 -0.4675
vn -0.0568 0.5712 -0.8189
vn -0.0624 0.5929 -0.8029
vn -0.1490 0.6850 -0.7131
vn 0.1951 0.7843 0.5890
vn -0.8324 -0.2920 0.4711
vn -0.8306 -0.2882 0.4766
vn -0.1421 0.2340 0.9618
vn -0.3439 0.4219 0.8389
vn -0.3462 0.5659 0.7483
vn -0.7210 0.4546 0.5230
vn 0.2257 0.7847 0.5773
vn 0.0773 0.8481 0.5242
vn 0.1118 0.8872 0.4476
vn 0.1485 0.8169 0.5574
vn 0.1695 0.7991 0.5768
vn 0.2340 0.8119 0.5349
vn -0.0396 0.9081 0.4169
vn -0.0193 0.8987 0.4381
vn -0.1380 0.8770 -0.4603
vn -0.6399 0.7591 0.1197
vn -0.8714 -0.2506 -0.4218
vn -0.8130 -0.4030 -0.4204
vn -0.5095 -0.7986 -0.3203
vn -0.0803 -0.9933 0.0835
vn -0.8646 -0.2817 -0.4161
vn -0.6732 -0.5579 -0.4853
vn -0.8193 -0.4263 -0.3834
vn -0.5569 -0.7788 -0.2887
vn -0.8296 -0.4374 -0.3471
vn -0.8630 -0.3049 -0.4029
vn -0.6378 -0.7008 -0.3194
vn -0.8363 -0.4242 -0.3473
vn -0.6321 -0.7566 -0.1674
vn -0.8555 -0.3559 -0.3762
vn -0.8014 -0.3846 0.4581
vn -0.4897 -0.7656 0.4173
vn -0.8560 -0.3698 -0.3612
vn -0.8243 -0.1542 0.5447
vn -0.8019 -0.1288 0.5834
vn -0.6444 -0.4908 0.5864
vn -0.7834 -0.4277 0.4509
vn -0.8067 -0.1170 0.5793
vn -0.7958 -0.1202 0.5936
vn -0.6427 -0.3783 0.6662
vn -0.2305 -0.9478 0.2205
vn -0.2394 -0.9443 0.2257
vn -0.7996 -0.0730 0.5961
vn -0.8005 -0.0740 0.5948
vn -0.6497 -0.7189 0.2473
vn -0.9632 -0.2021 -0.1771
vn -0.9452 -0.3097 -0.1035
vn -0.7967 -0.0585 0.6016
vn -0.7934 -0.1340 0.5938
vn -0.7977 -0.1238 0.5901
vn -0.7126 -0.5879 0.3830
vn -0.7894 -0.1643 0.5914
vn -0.5718 -0.4346 0.6958
vn -0.2918 -0.9090 0.2977
vn -0.9257 -0.3253 -0.1929
vn -0.6114 -0.7052 0.3591
vn -0.7921 0.0281 0.6098
vn -0.7804 -0.1900 0.5957
vn -0.5243 -0.5046 0.6860
vn -0.6165 -0.7018 0.3571
vn -0.7810 -0.0159 0.6243
vn -0.5726 -0.7729 0.2735
vn -0.2829 -0.8825 0.3757
vn -0.9524 -0.3005 -0.0510
vn -0.7900 0.0092 0.6131
vn -0.7371 -0.2656 0.6214
vn -0.4324 -0.7852 0.4433
vn -0.1836 -0.9135 0.3631
vn -0.9877 -0.1476 0.0514
vn -0.9543 -0.2444 0.1722
vn -0.7254 -0.2366 0.6464
vn -0.7832 0.0476 0.6199
vn -0.8102 -0.0166 0.5860
vn -0.7881 -0.1485 0.5974
vn -0.6747 -0.4878 0.5539
vn -0.5540 -0.4736 0.6847
vn -0.9591 -0.1962 0.2039
vn -0.9410 -0.2295 0.2486
vn -0.7463 0.0100 0.6655
vn -0.7582 0.0783 0.6473
vn -0.8078 0.0466 0.5876
vn -0.7639 -0.1869 0.6176
vn -0.7008 -0.2540 0.6666
vn -0.6031 -0.3964 0.6922
vn -0.4670 -0.7249 0.5065
vn -0.9397 -0.2447 0.2390
vn -0.7140 0.0870 0.6948
vn -0.8441 0.0094 0.5361
vn -0.7325 -0.2146 0.6461
vn -0.6655 -0.2728 0.6948
vn -0.5527 -0.4239 0.7175
vn -0.3153 -0.7572 0.5721
vn -0.4889 -0.6419 0.5908
vn -0.7006 0.0227 0.7131
vn -0.7097 0.0891 0.6988
vn -0.3846 -0.5638 0.7309
vn -0.2174 -0.7737 0.5951
vn -0.7272 0.1770 0.6632
vn -0.8877 -0.2377 0.3943
vn -0.8307 0.0764 0.5514
vn -0.5705 -0.3111 0.7601
vn -0.6253 -0.3179 0.7127
vn -0.2883 -0.5932 0.7517
vn -0.4227 -0.6700 0.6103
vn -0.6724 -0.4864 -0.5580
vn -0.6836 0.1649 0.7110
vn -0.7796 0.1734 0.6019
vn -0.5397 -0.2935 0.7890
vn -0.1296 -0.6156 0.7774
vn -0.6697 -0.4948 -0.5538
vn -0.6829 -0.5294 -0.5033
vn -0.6773 0.0093 0.7357
vn -0.6557 0.1059 0.7475
vn -0.6754 0.1645 0.7188
vn -0.8108 0.2212 0.5419
vn -0.8415 -0.0431 0.5386
vn -0.6606 -0.2420 0.7107
vn -0.5456 -0.2810 0.7895
vn -0.8154 -0.0900 0.5718
vn -0.6420 0.0391 0.7657
vn -0.5992 0.0966 0.7948
vn -0.5864 -0.2692 0.7639
vn -0.6317 -0.5490 -0.5474
vn -0.7747 -0.5053 -0.3800
vn -0.7571 0.2686 0.5955
vn -0.8528 0.1309 0.5056
vn -0.8541 -0.0271 0.5193
vn -0.7801 -0.1294 0.6121
vn -0.7426 -0.1677 0.6484
vn -0.8148 -0.5236 -0.2489
vn -0.5867 0.0976 0.8039
vn -0.7123 0.2354 0.6612
vn -0.7786 0.2525 0.5745
vn -0.8109 0.2210 0.5418
vn -0.6456 -0.5919 -0.4826
vn -0.8492 -0.4787 0.2228
vn -0.6133 -0.0217 0.7896
vn -0.5932 0.1975 0.7805
vn -0.6269 -0.2042 0.7519
vn -0.6606 -0.5813 -0.4750
vn -0.6805 0.2612 0.6846
vn -0.8982 0.1672 0.4066
vn -0.8943 0.1149 0.4325
vn -0.7439 -0.5802 -0.3316
vn -0.6924 -0.0282 0.7210
vn -0.5912 -0.0025 0.8065
vn -0.5342 0.0479 0.8440
vn -0.9063 0.0692 0.4170
vn -0.9229 0.0758 0.3775
vn -0.8633 -0.4973 -0.0867
vn -0.8690 0.0018 0.4949
vn -0.5494 0.1393 0.8239
vn -0.8955 -0.0267 0.4442
vn -0.5721 -0.1889 0.7981
vn -0.5468 -0.0356 0.8365
vn -0.7288 -0.0074 0.6847
vn -0.8516 0.2713 0.4485
vn -0.6929 -0.1478 0.7058
vn -0.7444 -0.1187 0.6571
vn -0.5296 0.0757 0.8449
vn -0.4910 0.0356 0.8704
vn -0.9393 0.0994 0.3282
vn -0.8506 -0.0601 0.5224
vn -0.6422 0.1604 0.7495
vn -0.6696 -0.1047 0.7353
vn -0.9384 0.1304 0.3201
vn -0.9181 0.0075 0.3963
vn -0.5411 0.0360 0.8402
vn -0.6061 -0.0979 0.7894
vn -0.7742 -0.0686 0.6292
vn -0.5603 -0.1224 0.8192
vn -0.4845 -0.0694 0.8721
vn -0.7810 0.1502 0.6062
vn -0.8798 0.1163 0.4609
vn -0.9226 0.1175 0.3675
vn -0.9616 0.0239 0.2736
vn -0.5004 -0.1737 0.8482
vn -0.5731 -0.1148 0.8114
vn -0.6750 -0.0690 0.7346
vn -0.6375 -0.1520 0.7553
vn -0.7053 -0.1276 0.6974
vn -0.5541 -0.1722 0.8145
vn -0.9662 -0.0769 0.2461
vn -0.6640 -0.1089 0.7398
vn -0.4955 -0.2434 0.8338
vn -0.5637 -0.2414 0.7899
vn -0.9391 -0.1025 0.3281
vn -0.7349 -0.2899 0.6131
vn -0.7903 -0.0852 0.6068
vn -0.9060 -0.2334 0.3532
vn -0.9628 -0.0976 0.2519
vn -0.8291 -0.0852 0.5525
vn -0.6732 -0.4031 0.6199
vn -0.5369 -0.2800 0.7958
vn -0.4863 -0.3184 0.8137
vn -0.5738 -0.3626 0.7344
vn -0.6588 -0.2043 0.7241
vn -0.9068 -0.0766 0.4145
vn -0.9617 -0.0934 0.2576
vn -0.6790 -0.4446 0.5842
vn -0.6695 -0.0619 0.7403
vn -0.7746 -0.1207 0.6209
vn -0.7133 -0.4584 0.5302
vn -0.9469 -0.2509 0.2010
vn -0.7202 -0.1474 0.6779
vn -0.5485 -0.4084 0.7297
vn -0.8871 -0.3789 0.2636
vn -0.8998 -0.3615 0.2444
vn -0.9536 -0.1880 0.2352
vn -0.9416 -0.2107 0.2625
vn -0.9327 -0.1148 0.3419
vn -0.8310 0.0008 0.5563
vn -0.5778 0.4179 0.7011
vn -0.6572 -0.2072 0.7247
vn -0.7715 0.2258 0.5948
vn -0.5849 -0.3938 0.7091
vn -0.9138 -0.1622 0.3724
vn -0.8969 -0.0998 0.4308
vn -0.5948 0.4935 0.6345
vn -0.8985 -0.3353 0.2834
vn -0.8939 0.0526 0.4451
vn -0.6117 0.4788 0.6297
vn -0.7158 -0.5097 0.4773
vn -0.9111 -0.2473 0.3296
vn -0.8646 0.0308 0.5015
vn -0.6041 0.5183 0.6053
vn -0.5832 -0.4108 0.7008
vn -0.9174 -0.1941 0.3473
vn -0.7150 0.0989 0.6921
vn -0.5526 0.5836 0.5950
vn -0.5631 0.5516 0.6154
vn -0.6365 0.4424 0.6319
vn -0.6230 0.4479 0.6413
vn -0.6689 -0.2621 0.6956
vn -0.6368 -0.3305 0.6966
vn -0.8423 -0.4047 0.3561
vn -0.8609 -0.4037 0.3095
vn -0.8997 -0.2989 0.3182
vn -0.8163 0.3779 0.4368
vn -0.6866 0.0282 0.7264
vn -0.8219 -0.1476 0.5502
vn -0.7760 -0.4804 0.4086
vn -0.4870 0.4937 0.7205
vn -0.5224 0.6288 0.5760
vn -0.7308 -0.1990 0.6529
vn -0.8494 -0.3377 0.4056
vn -0.8719 -0.3436 0.3490
vn -0.5031 0.4668 0.7273
vn -0.6205 0.5782 0.5298
vn -0.5923 0.5896 0.5491
vn -0.6869 0.4366 0.5810
vn -0.6563 -0.3902 0.6457
vn -0.7485 -0.4261 0.5081
vn -0.6951 -0.1388 0.7054
vn -0.1796 0.4812 0.8580
vn -0.3064 0.5942 0.7437
vn -0.6676 0.5280 0.5249
vn -0.6945 -0.1184 0.7097
vn -0.7255 -0.3567 0.5886
vn -0.8083 -0.3605 0.4656
vn -0.8469 -0.3405 0.4085
vn -0.2469 -0.8158 0.5231
vn -0.3759 -0.4326 0.8195
vn -0.6475 0.3976 0.6501
vn -0.6857 0.4414 0.5788
vn -0.7201 0.4565 0.5225
vn -0.1390 0.3770 0.9157
vn -0.8391 -0.3084 0.4481
vn -0.7185 -0.2092 0.6634
vn -0.8002 -0.0845 0.5937
vn -0.7197 -0.5480 -0.4263
vn -0.2756 -0.0107 0.9612
vn 0.0502 -0.7716 0.6342
vn -0.3997 -0.1794 0.8989
vn 0.1210 -0.7713 0.6248
vn -0.1999 -0.6918 0.6939
vn -0.5001 0.3195 0.8049
vn -0.3104 -0.2541 0.9160
vn -0.2227 -0.3125 0.9234
vn -0.0447 0.0515 0.9977
vn 0.1960 -0.7204 0.6653
vn 0.1307 -0.4417 0.8876
vn 0.1639 0.4372 0.8843
vn 0.5777 -0.5320 0.6191
vn -0.0741 0.0471 0.9961
vn -0.0490 0.0734 0.9961
vn 0.4374 -0.4517 0.7776
vn 0.7276 -0.5291 0.4367
vn 0.2439 0.4999 0.8310
vn 0.2634 0.4268 0.8651
vn 0.0253 0.3066 0.9515
vn 0.4959 -0.5067 0.7052
vn 0.1077 0.1549 0.9820
vn 0.4240 -0.4118 0.8066
vn -0.1030 0.0248 0.9944
vn 0.3144 0.3850 0.8678
vn 0.3088 -0.1643 0.9368
vn 0.2083 0.1550 0.9657
vn 0.5958 -0.4442 0.6692
vn 0.3167 0.4676 0.8253
vn 0.4270 -0.8335 0.3507
vn 0.7772 -0.4548 0.4348
vn 0.7606 -0.3342 0.5565
vn 0.1884 -0.9555 0.2268
vn 0.5809 -0.8127 0.0458
vn 0.5177 -0.7483 0.4148
vn 0.7465 -0.3238 0.5813
vn 0.3346 -0.8951 0.2946
vn 0.7116 -0.6154 0.3391
vn 0.6919 -0.5771 0.4339
vn 0.6428 -0.6358 0.4272
vn 0.7104 -0.3298 0.6217
vn 0.3998 -0.8800 0.2565
vn 0.4470 0.3577 0.8199
vn 0.6873 -0.3195 0.6523
vn 0.6039 -0.3462 0.7180
vn 0.7079 -0.5035 0.4954
vn 0.6494 -0.5028 0.5705
vn 0.4403 0.4671 0.7668
vn 0.5931 -0.5483 0.5896
vn 0.5979 -0.6652 0.4473
vn 0.5140 0.3518 0.7823
vn 0.6380 -0.1359 0.7579
vn 0.5990 -0.4782 0.6423
vn 0.4474 0.5061 0.7373
vn 0.4868 -0.7118 0.5063
vn 0.5429 0.3774 0.7502
vn 0.6993 -0.3255 0.6364
vn 0.5070 -0.7114 0.4867
vn 0.5684 -0.6784 0.4655
vn 0.4330 -0.7151 0.5488
vn 0.7575 -0.2333 0.6097
vn 0.5422 -0.6690 0.5084
vn 0.4631 0.5579 0.6887
vn 0.5837 0.1699 0.7940
vn 0.3293 0.7063 0.6267
vn 0.5997 0.3755 0.7066
vn 0.5987 -0.3916 0.6987
vn 0.7309 -0.1339 0.6693
vn 0.6016 0.3882 0.6981
vn 0.4668 -0.8750 0.1287
vn 0.4841 -0.5499 0.6807
vn 0.4990 -0.5224 0.6914
vn 0.5718 -0.6520 0.4979
vn 0.4722 0.5677 0.6743
vn 0.7935 0.0975 0.6007
vn 0.7033 -0.3645 0.6103
vn 0.7006 -0.1190 0.7036
vn 0.5269 -0.8423 0.1134
vn 0.6496 0.3602 0.6695
vn 0.5502 -0.5861 0.5948
vn 0.7911 -0.5966 0.1348
vn 0.7239 -0.3820 -0.5745
vn 0.6556 -0.6619 0.3635
vn 0.7261 0.1736 0.6653
vn 0.8177 -0.0653 0.5719
vn 0.8754 -0.4748 -0.0907
vn 0.7970 -0.5992 0.0759
vn 0.6666 -0.4152 0.6190
vn 0.5187 -0.5729 0.6346
vn 0.8217 -0.4186 -0.3867
vn 0.7154 -0.3729 -0.5908
vn 0.7288 0.3260 0.6021
vn 0.7551 -0.0802 0.6507
vn 0.7995 -0.3979 -0.4500
vn 0.5186 -0.5730 0.6346
vn 0.5767 -0.8103 0.1041
vn 0.7633 0.2539 0.5941
vn 0.7903 -0.1912 0.5822
vn 0.8275 -0.3879 -0.4060
vn 0.5450 -0.5817 0.6037
vn 0.6090 -0.7825 0.1299
vn 0.9052 -0.3951 0.1563
vn 0.6274 -0.7624 0.1582
vn 0.6860 0.4288 0.5878
vn 0.7884 -0.0205 0.6149
vn 0.7812 0.2839 0.5560
vn 0.6508 -0.5091 0.5633
vn 0.9066 -0.4134 0.0847
vn 0.6603 -0.7225 0.2048
vn 0.8216 -0.0724 0.5655
vn 0.8137 0.2793 0.5098
vn 0.6720 -0.4892 0.5560
vn 0.8090 -0.5647 0.1632
vn 0.9212 -0.3885 0.0221
vn 0.7125 0.4658 0.5248
vn 0.8349 0.2749 0.4768
vn 0.8980 -0.3312 -0.2897
vn 0.8121 0.3091 0.4949
vn 0.7531 0.4197 0.5067
vn 0.9094 -0.3114 -0.2757
vn 0.8283 0.3267 0.4552
vn 0.9713 -0.2264 -0.0732
vn 0.3601 0.7485 0.5568
vn 0.9989 -0.0203 0.0414
vn 0.7737 0.4663 0.4289
vn 0.7283 0.5015 0.4670
vn 0.9358 -0.2377 -0.2603
vn 0.7080 -0.3764 -0.5976
vn 0.9932 -0.1068 -0.0458
vn 0.3196 0.7693 0.5532
vn 0.8917 -0.2542 -0.3744
vn -0.5246 -0.1910 0.8296
vn -0.4623 -0.2889 0.8384
vn -0.2457 -0.6083 0.7548
vn 0.7445 0.6240 -0.2373
vn 0.6476 0.6181 0.4457
vn -0.0651 0.6118 -0.7883
vn 0.7162 0.6968 0.0392
vn 0.3209 0.9443 0.0734
vn 0.5582 0.8282 -0.0502
vn 0.7473 0.6539 -0.1183
vn -0.2057 0.6328 -0.7465
vn 0.6088 0.7700 -0.1909
vn 0.6745 0.6828 -0.2808
vn 0.4231 0.8042 -0.4175
vn 0.4862 0.7523 -0.4446
vn 0.3282 0.8298 0.4514
vn -0.2215 0.7206 -0.6570
vn 0.4583 0.8715 -0.1746
vn 0.3276 0.8301 0.4512
vn 0.3938 0.8782 0.2716
vn 0.2507 0.8922 -0.3756
vn -0.0119 0.8923 -0.4513
vn 0.7113 0.6857 -0.1543
vn 0.4253 0.8080 -0.4077
vn 0.4007 0.8556 0.3275
vn 0.6310 0.7617 -0.1473
vn 0.6610 0.7469 -0.0719
vn -0.2725 0.7533 -0.5986
vn 0.3231 0.7516 -0.5750
vn 0.4609 0.8739 -0.1545
vn 0.6155 0.7584 0.2144
vn 0.5545 0.8305 -0.0527
vn 0.6330 0.7733 0.0371
vn 0.2622 0.7367 -0.6233
vn 0.4997 0.8350 0.2302
vn -0.3033 0.7957 -0.5243
vn 0.5232 0.8521 0.0111
vn 0.3200 0.9008 -0.2935
vn 0.2070 0.7674 -0.6069
vn -0.3263 0.8556 -0.4019
vn 0.5726 0.7940 -0.2043
vn 0.3323 0.9163 -0.2235
vn 0.4996 0.7394 0.4513
vn 0.4620 0.8865 -0.0268
vn 0.1310 0.8822 -0.4523
vn 0.3120 0.9124 -0.2649
vn 0.5374 0.7200 0.4391
vn 0.5579 0.7339 0.3873
vn -0.1650 0.9743 -0.1535
vn 0.6177 0.6727 0.4074
vn -0.2966 0.9249 -0.2380
vn 0.5342 0.8018 -0.2678
vn 0.4183 0.8886 -0.1884
vn 0.1768 0.8316 -0.5264
vn 0.5727 0.8124 0.1098
vn 0.5888 0.7208 0.3658
vn 0.4501 0.8771 -0.1677
vn 0.2425 0.8703 -0.4286
vn 0.4689 0.8806 -0.0680
vn 0.1590 0.8573 -0.4896
vn -0.1181 0.9718 -0.2040
vn 0.6612 0.6802 0.3165
vn 0.6953 0.6186 0.3658
vn 0.6840 0.6973 0.2144
vn 0.2852 0.9086 -0.3052
vn 0.4423 0.8955 -0.0493
vn 0.1967 0.8953 -0.3998
vn -0.0280 0.9674 -0.2516
vn 0.0108 0.9660 -0.2584
vn 0.7326 0.6217 0.2770
vn -0.0799 0.9575 -0.2771
vn 0.4507 0.8781 -0.1606
vn 0.4448 0.8925 -0.0752
vn -0.0172 0.9527 -0.3035
vn 0.4644 0.8679 -0.1762
vn 0.5025 0.8400 -0.2044
vn 0.7642 0.6436 0.0417
vn 0.7598 0.6276 0.1697
vn 0.7466 0.5280 -0.4048
vn -0.0441 0.9325 -0.3586
vn 0.2217 0.8744 -0.4317
vn 0.9332 0.3129 -0.1766
vn 0.8238 -0.1319 -0.5513
vn 0.9576 0.1089 -0.2668
vn 0.8186 0.5731 0.0385
vn 0.2585 0.8458 -0.4668
vn 0.7991 0.5754 0.1741
vn 0.4691 0.8173 -0.3347
vn 0.7475 0.5037 -0.4331
vn 0.8215 -0.1657 -0.5456
vn 0.7652 -0.2146 -0.6069
vn 0.9648 -0.0289 -0.2615
vn 0.8197 0.5298 0.2177
vn 0.6840 0.2846 -0.6717
vn 0.0082 0.9295 -0.3687
vn 0.4700 0.7006 -0.5368
vn 0.8618 -0.1867 -0.4716
vn 0.6545 -0.0057 -0.7560
vn 0.6373 0.4285 -0.6405
vn 0.3274 0.8805 -0.3429
vn 0.4112 0.7822 -0.4681
vn 0.6270 0.4904 -0.6053
vn 0.3859 0.8198 -0.4231
vn 0.8693 -0.2247 -0.4402
vn 0.6366 0.3501 -0.6871
vn 0.7131 -0.1307 -0.6888
vn 0.3627 0.8482 -0.3859
vn 0.7061 -0.3039 -0.6395
vn 0.6999 0.1072 -0.7061
vn 0.7271 -0.2796 -0.6270
vn 0.2470 0.8155 -0.5234
vn 0.7391 -0.2848 -0.6104
vn 0.0257 0.8605 -0.5088
vn 0.0764 0.8596 -0.5053
vn 0.6251 0.3906 -0.6758
vn 0.6499 0.6473 -0.3983
vn 0.6478 0.0631 -0.7592
vn -0.1947 0.6271 -0.7542
vn 0.0146 0.8435 -0.5369
vn 0.5282 0.3707 -0.7639
vn 0.7005 -0.2280 -0.6763
vn -0.3680 0.0815 -0.9263
vn 0.7009 -0.2319 -0.6745
vn 0.7191 -0.2485 -0.6490
vn -0.1202 0.5059 -0.8542
vn -0.0462 0.7556 -0.6534
vn 0.0610 0.8448 -0.5316
vn 0.4882 0.3737 -0.7887
vn 0.4894 0.0918 -0.8672
vn 0.0640 0.8361 -0.5449
vn -0.0801 0.4479 -0.8905
vn -0.1476 0.5573 -0.8171
vn 0.3669 0.8016 -0.4721
vn 0.1583 0.5813 -0.7982
vn 0.4062 0.7681 -0.4950
vn 0.1709 0.4877 -0.8561
vn -0.3351 0.1303 -0.9331
vn -0.1479 0.0262 -0.9887
vn 0.5614 -0.1132 -0.8198
vn 0.7141 -0.3153 -0.6250
vn 0.3466 0.1146 -0.9310
vn 0.6194 -0.2240 -0.7524
vn 0.4338 -0.0343 -0.9004
vn 0.3570 -0.0554 -0.9324
vn -0.4273 0.1846 -0.8850
vn -0.2397 -0.0901 -0.9666
vn 0.0120 0.8104 -0.5857
vn 0.5826 0.8127 0.0006
vn 0.9856 0.1615 0.0507
vn 0.4174 0.7618 0.4954
vn -0.1435 0.7264 -0.6722
vn 0.8846 -0.2278 -0.4068
vn -0.3080 -0.3395 -0.8887
vn 0.4969 -0.4462 -0.7443
vn 0.1441 -0.3924 -0.9084
vn -0.2341 -0.3961 -0.8879
vn -0.3071 -0.3042 -0.9018
vn 0.6451 -0.4888 -0.5873
vn 0.0409 -0.2876 -0.9569
vn 0.6407 -0.4629 -0.6126
vn 0.1615 -0.3207 -0.9333
vn -0.2453 -0.1627 -0.9557
vn 0.2909 -0.3605 -0.8863
vn 0.7131 -0.3870 -0.5846
vn 0.0139 -0.2056 -0.9785
vn -0.1556 -0.1110 -0.9816
vn -0.1378 -0.1303 -0.9819
vn 0.2323 -0.3377 -0.9122
vn 0.0507 -0.6974 -0.7149
vn 0.0185 -0.7337 -0.6792
vn 0.5039 -0.6690 -0.5463
vn 0.0324 -0.9332 -0.3578
vn -0.1256 -0.5773 -0.8068
vn 0.0326 -0.7269 -0.6860
vn -0.0702 -0.1372 -0.9881
vn -0.0033 -0.1153 -0.9933
vn -0.0609 -0.1681 -0.9839
vn 0.0050 -0.6884 -0.7253
vn -0.0195 -0.9390 -0.3434
vn -0.0401 -0.1331 -0.9903
vn -0.0358 -0.6129 -0.7893
vn -0.0176 -0.9402 -0.3403
vn -0.0665 -0.5626 -0.8241
vn -0.0357 -0.9330 -0.3582
vn -0.2921 -0.5716 -0.7668
vn -0.0561 -0.9191 -0.3900
vn -0.7562 -0.5279 -0.3867
vn -0.7981 -0.4889 -0.3523
vn -0.8444 -0.4507 -0.2896
vn -0.7836 -0.5044 -0.3626
vn -0.8342 -0.4353 -0.3385
vn -0.3121 -0.9440 -0.1068
vn -0.0335 -0.9973 -0.0659
vn -0.8860 -0.2457 -0.3933
vn -0.8381 -0.3967 -0.3744
vn -0.4084 -0.4108 -0.8151
vn -0.7574 -0.3721 -0.5366
vn -0.8941 -0.0836 0.4400
vn -0.7242 -0.5562 -0.4075
vn -0.9993 -0.0047 0.0373
vn -0.9905 0.1327 -0.0372
vn -0.6068 -0.6577 -0.4463
vn -0.7182 -0.5584 -0.4152
vn -0.9928 0.0716 0.0960
vn -0.8311 0.0422 -0.5545
vn -0.6935 -0.5953 -0.4059
vn -0.7670 0.2511 -0.5906
vn -0.7757 0.1567 -0.6113
vn -0.8539 -0.0389 -0.5189
vn -0.7710 0.2617 -0.5806
vn -0.7886 0.1072 -0.6055
vn -0.9010 0.0109 0.4337
vn -0.9628 0.2397 -0.1249
vn -0.8639 0.0353 0.5024
vn -0.8084 0.0444 -0.5870
vn -0.7711 0.3017 -0.5606
vn -0.8956 0.0575 0.4411
vn -0.8628 0.0166 -0.5053
vn -0.9493 0.0314 -0.3128
vn -0.8302 0.2950 -0.4730
vn -0.9412 0.0972 0.3237
vn -0.9903 0.1392 0.0024
vn -0.6487 -0.6784 -0.3450
vn -0.9278 0.1347 0.3479
vn -0.8318 -0.2649 -0.4879
vn -0.9650 0.2480 0.0856
vn -0.9007 0.3193 -0.2946
vn -0.7853 -0.4620 -0.4122
vn -0.9163 0.1623 0.3660
vn -0.9008 0.1006 -0.4223
vn -0.8971 0.4117 0.1606
vn -0.9279 0.3087 -0.2091
vn -0.8863 -0.0247 -0.4624
vn -0.9169 0.1916 0.3500
vn -0.9446 -0.2806 -0.1702
vn -0.9523 0.2486 -0.1771
vn -0.9445 0.1035 -0.3117
vn -0.8825 -0.1067 -0.4581
vn -0.8996 0.0333 -0.4354
vn -0.9058 -0.2459 -0.3450
vn -0.9684 0.1099 -0.2238
vn -0.9815 0.0233 -0.1902
vn -0.9198 0.0861 -0.3828
vn -0.9701 -0.0797 -0.2293
vn -0.7715 0.5440 -0.3300
vn -0.9787 -0.0060 -0.2053
vn -0.8537 -0.4243 -0.3021
vn -0.9569 -0.0124 -0.2901
vn -0.9252 0.1537 -0.3469
vn -0.9437 0.0428 -0.3281
vn -0.5390 -0.3768 -0.7533
vn -0.9275 0.1293 -0.3509
vn -0.1020 0.8500 -0.5168
vn -0.9327 0.1038 -0.3453
vn -0.0490 0.8493 -0.5257
vn -0.9599 0.0023 -0.2802
vn -0.8387 -0.3863 -0.3839
vn -0.9519 0.0484 -0.3025
vn -0.6336 0.6578 -0.4073
vn -0.0191 0.8447 -0.5349
vn -0.2996 -0.2333 -0.9251
vn -0.7870 0.0071 -0.6169
vn -0.2736 0.0021 -0.9618
vn -0.8979 0.2881 -0.3327
vn -0.9623 0.1388 -0.2337
vn -0.9703 0.0748 -0.2299
vn -0.6420 0.5450 -0.5392
vn -0.1993 0.7327 -0.6507
vn -0.4766 -0.4031 -0.7812
vn -0.0230 0.8399 -0.5422
vn -0.1389 0.2321 -0.9627
vn -0.8370 -0.3901 -0.3838
vn -0.1464 0.0769 -0.9862
vn -0.8213 0.4227 -0.3832
vn -0.4039 0.7033 -0.5850
vn -0.0831 0.7980 -0.5969
vn -0.1316 0.0935 -0.9869
vn -0.2649 0.1124 -0.9577
vn -0.5986 0.1274 -0.7909
vn -0.8892 0.3077 -0.3386
vn 0.0230 0.8402 -0.5417
vn -0.7103 0.6482 -0.2744
vn -0.4197 0.4676 -0.7779
vn -0.1170 0.1725 -0.9780
vn -0.1835 0.0397 -0.9822
vn -0.4903 0.5499 -0.6761
vn -0.9448 0.1254 -0.3027
vn -0.7948 0.5717 -0.2036
vn 0.1049 -0.3529 -0.9298
vn -0.2015 0.0308 -0.9790
vn -0.9141 0.2701 -0.3025
vn -0.4285 0.6593 -0.6178
vn -0.8287 0.5235 -0.1982
vn -0.0008 0.8436 -0.5369
vn 0.0155 0.8480 -0.5298
vn -0.2142 0.2075 -0.9545
vn -0.0875 0.8100 -0.5799
vn -0.2654 0.2535 -0.9302
vn 0.0537 0.8516 -0.5215
vn -0.1539 0.1089 -0.9821
vn -0.2164 0.0290 -0.9759
vn 0.0556 -0.3701 -0.9273
vn -0.2658 0.3443 -0.9005
vn 0.2466 0.8066 -0.5372
vn -0.3224 0.2271 -0.9190
vn -0.2813 0.6323 -0.7219
vn 0.2959 0.8065 -0.5119
vn 0.2765 0.7752 -0.5680
vn -0.2396 -0.0381 -0.9701
vn -0.2497 0.0273 -0.9679
vn -0.2142 0.6859 -0.6954
vn 0.0434 0.8784 -0.4760
vn -0.2592 0.0171 -0.9657
vn 0.1745 0.8826 -0.4365
vn -0.0006 -0.4798 -0.8774
vn -0.3589 0.2935 -0.8860
vn 0.0979 0.8990 -0.4269
vn -0.3359 0.1069 -0.9358
vn -0.3712 0.1948 -0.9079
vn 0.0038 0.8800 -0.4749
vn -0.3225 0.0641 -0.9444
vn -0.2245 0.6470 -0.7287
vn -0.2883 -0.0580 -0.9558
vn -0.0641 0.7953 -0.6027
vn -0.3786 0.0902 -0.9211
vn -0.3791 -0.0386 -0.9245
vn -0.3801 -0.0396 -0.9241
vn -0.1967 0.5400 -0.8184
vn 0.0349 0.9106 -0.4117
vn -0.3678 0.0352 -0.9292
vn -0.1830 -0.4873 -0.8539
vn -0.1445 0.7909 -0.5946
vn 0.3148 0.9165 -0.2468
vn -0.4265 0.0151 -0.9044
vn -0.2374 0.6921 -0.6816
vn -0.1963 0.4621 -0.8648
vn -0.3746 -0.1385 -0.9168
vn -0.2310 0.3411 -0.9112
vn 0.0113 0.8858 -0.4638
vn 0.0934 0.9533 -0.2872
vn -0.3713 0.1201 -0.9207
vn -0.1854 0.7386 -0.6482
vn -0.2186 0.6868 -0.6932
vn -0.1655 0.5687 -0.8057
vn 0.0327 0.9501 -0.3104
vn -0.3050 -0.0428 -0.9514
vn -0.4087 0.0509 -0.9113
vn -0.9076 0.3304 0.2590
vn 0.0130 0.8744 -0.4850
vn -0.9537 0.2983 -0.0392
vn -0.1168 0.8803 -0.4599
vn -0.0571 0.8256 -0.5614
vn -0.2513 -0.4436 -0.8603
vn 0.1016 -0.1828 -0.9779
vn -0.8233 -0.2614 0.5038
vn -0.7995 -0.1560 0.5800
vn -0.8214 -0.2202 0.5261
vn -0.3542 0.1049 0.9293
vn -0.2038 0.0984 0.9740
vn -0.2254 0.0256 0.9739
vn -0.7478 -0.0858 0.6584
vn -0.4532 0.1205 0.8832
vn -0.8130 -0.1418 0.5647
vn -0.2749 -0.0071 0.9615
vn -0.7359 0.0395 0.6760
vn -0.3488 -0.0540 0.9356
vn -0.7909 0.2002 0.5783
vn -0.6734 -0.0201 0.7390
vn -0.8059 0.1433 0.5745
vn -0.6583 0.2998 0.6905
vn -0.4285 -0.0311 0.9030
vn -0.7320 0.0968 0.6744
vn -0.3548 0.4635 0.8120
vn -0.2203 0.7115 0.6672
vn 0.1877 0.7749 0.6036
vn -0.2708 0.5459 0.7929
vn 0.1924 0.7516 0.6309
vn -0.7705 0.2152 0.6000
vn 0.1834 0.8413 0.5086
vn -0.3540 0.6478 0.6745
vn -0.7557 0.3094 0.5772
vn 0.2337 0.8454 0.4803
vn 0.2025 0.7895 0.5794
vn -0.4306 0.6748 0.5994
vn -0.6080 0.3919 0.6905
vn 0.2015 0.8263 0.5260
vn 0.2694 0.8390 0.4728
vn -0.8796 0.3343 0.3383
vn -0.4859 0.5190 0.7033
vn 0.1142 0.8346 0.5389
vn -0.8341 0.3627 0.4157
vn -0.1250 0.8766 0.4646
vn -0.8099 0.3449 0.4744
vn -0.4880 0.5776 0.6544
vn -0.1680 0.8882 0.4276
vn -0.5055 0.6125 0.6078
vn -0.2161 0.8947 0.3908
vn 0.3255 0.8442 0.4259
vn -0.8367 0.4118 0.3611
vn -0.5458 0.6161 0.5679
vn -0.2553 0.9030 0.3456
vn -0.8577 0.4210 0.2953
vn 0.1872 0.8235 0.5355
vn -0.3432 0.8900 0.3003
vn -0.6352 0.6624 0.3972
vn -0.3642 0.9016 0.2333
vn -0.4844 0.8569 0.1766
vn 0.3250 0.7969 0.5092
vn 0.3409 0.8054 0.4848
vn -0.2248 0.9261 0.3030
vn -0.2092 0.9613 -0.1792
vn -0.2723 0.9332 0.2346
vn 0.3193 0.7595 0.5668
vn 0.1775 0.8168 0.5490
vn -0.1831 0.9795 -0.0834
vn 0.1859 0.8691 0.4583
vn -0.0592 0.8681 -0.4929
vn -0.0169 0.8825 -0.4700
vn -0.1031 0.9729 -0.2068
vn -0.0910 0.9842 -0.1517
vn -0.1550 0.9436 0.2927
vn -0.0407 0.9225 0.3839
vn -0.0701 0.9968 -0.0377
vn 0.3288 0.8991 0.2888
vn -0.1232 0.9407 0.3160
vn -0.1062 0.9363 0.3348
vn 0.3114 0.7358 0.6014
vn 0.3017 0.7500 0.5887
vn -0.0298 0.9991 -0.0306
vn 0.1410 0.9897 -0.0266
vn 0.4211 0.8956 0.1435
vn 0.1715 0.9308 0.3227
vn 0.0731 0.9348 0.3476
vn 0.4413 0.8357 0.3268
vn 0.2117 0.9190 0.3326
vn 0.3791 0.9216 0.0839
vn 0.2449 0.7820 0.5732
vn 0.0840 0.8947 0.4386
vn 0.2002 0.9570 -0.2101
vn 0.3031 0.7000 0.6466
vn 0.1347 0.8305 -0.5406
vn 0.2731 0.6759 0.6845
vn 0.4020 0.8678 0.2922
vn 0.2473 0.8676 0.4314
vn 0.1438 0.7735 -0.6173
vn 0.1465 0.7718 -0.6188
vn 0.3114 0.9059 0.2869
vn 0.3342 0.9399 0.0705
vn 0.2546 0.8623 0.4378
vn -0.0540 0.9927 0.1081
vn 0.1081 0.9320 0.3460
vn 0.1676 0.6513 0.7401
vn 0.3322 0.9403 -0.0745
vn 0.1380 0.7338 -0.6652
vn 0.1203 0.7101 -0.6938
vn 0.1674 0.8545 0.4917
vn 0.1263 0.9632 -0.2372
vn -0.0812 0.8927 0.4432
vn 0.2302 0.8235 0.5185
vn 0.0726 0.7959 0.6011
vn 0.2984 0.9426 0.1501
vn -0.1460 0.9227 0.3569
vn 0.1160 0.7609 -0.6384
vn 0.2090 0.7971 0.5666
vn 0.2482 0.9082 0.3370
vn -0.1882 0.8466 0.4978
vn 0.0565 0.7636 0.6432
vn 0.0421 0.7680 0.6390
vn 0.1728 0.7962 0.5798
vn -0.2550 0.8928 0.3715
vn 0.0831 0.6671 -0.7403
vn 0.2277 0.9652 0.1288
vn 0.1558 0.7978 0.5825
vn 0.1836 0.9630 0.1976
vn 0.1330 0.9414 0.3098
vn 0.0229 0.6571 -0.7535
vn -0.0478 0.9971 -0.0592
vn 0.0868 0.9183 0.3863
vn 0.0420 0.8066 0.5896
vn -0.0602 0.6518 -0.7560
vn -0.0099 0.9950 -0.0993
vn 0.0133 0.8189 0.5738
vn -0.0113 0.9936 0.1122
vn -0.0116 0.8160 0.5780
vn -0.0489 0.9983 0.0321
vn -0.0316 0.8207 0.5705
vn -0.0670 0.9871 0.1453
vn 0.1659 0.7780 0.6060
vn -0.1142 0.6587 -0.7437
vn -0.0645 0.8399 0.5388
vn -0.0980 0.9945 -0.0360
vn -0.1810 0.8682 0.4621
vn -0.6701 -0.1316 0.7305
vn -0.1126 0.9929 -0.0393
vn -0.2551 0.1523 0.9548
vn -0.4848 0.4810 0.7304
vn -0.1489 0.6906 -0.7077
vn -0.4408 0.8946 -0.0737
vn 0.1050 0.5973 -0.7951
vn -0.2039 0.9492 -0.2397
vn -0.8918 0.2434 0.3815
vn -0.8634 0.4995 0.0703
vn -0.8716 0.4392 0.2179
vn -0.7487 -0.5953 -0.2917
vn -0.8658 0.0934 0.4916
vn -0.8011 -0.4509 -0.3936
vn -0.0890 -0.9960 0.0074
vn -0.5988 -0.8009 0.0016
vn -0.3330 -0.9425 -0.0274
vn -0.7497 -0.6613 -0.0248
vn -0.1461 -0.9873 0.0630
vn -0.6060 -0.7938 0.0513
vn -0.8635 -0.3056 -0.4011
vn -0.2612 -0.9568 0.1273
vn -0.8508 -0.3809 -0.3619
vn -0.6320 -0.7679 0.1050
vn -0.2881 -0.9434 0.1640
vn -0.8353 -0.3325 -0.4379
vn -0.8697 -0.4834 0.0998
vn -0.9459 -0.3244 0.0044
vn -0.8467 -0.3463 -0.4040
vn -0.8034 -0.1271 0.5817
vn -0.6402 -0.6326 0.4358
vn -0.3213 -0.9189 0.2290
vn -0.8442 -0.3641 -0.3934
vn -0.9577 -0.2591 0.1254
vn -0.8038 -0.1009 0.5863
vn -0.8545 -0.3572 -0.3772
vn -0.4922 -0.6764 0.5480
vn -0.2262 -0.9496 0.2169
vn -0.9640 -0.2583 0.0631
vn -0.6057 -0.5714 0.5537
vn -0.7660 -0.2589 0.5884
vn -0.7969 -0.1272 0.5906
vn -0.5176 -0.7777 0.3567
vn -0.9527 -0.2628 0.1525
vn -0.9019 -0.3407 -0.2655
vn -0.9601 -0.1859 0.2087
vn -0.5638 -0.4957 0.6606
vn -0.7758 -0.0127 0.6308
vn -0.9326 -0.1393 0.3329
vn -0.4991 -0.6479 0.5754
vn -0.7660 0.0059 0.6428
vn -0.7653 -0.1955 0.6132
vn -0.7455 0.0375 0.6654
vn -0.3344 -0.8205 0.4636
vn -0.4843 -0.5801 0.6549
vn -0.7983 0.1184 0.5906
vn -0.4462 -0.5990 0.6649
vn -0.9713 -0.1958 0.1351
vn -0.7543 0.1318 0.6431
vn -0.8142 -0.0478 0.5786
vn -0.8460 -0.0531 0.5306
vn -0.0609 -0.8778 0.4752
vn -0.0338 -0.8542 0.5188
vn -0.9042 -0.4167 -0.0939
vn -0.7545 -0.0347 0.6553
vn -0.9165 -0.3756 0.1378
vn -0.6778 0.1015 0.7282
vn -0.9215 -0.3834 0.0626
vn -0.6895 -0.0106 0.7242
vn -0.9204 -0.2625 0.2898
vn -0.6457 -0.5369 -0.5430
vn -0.6713 -0.0090 0.7411
vn -0.9235 -0.2844 0.2574
vn -0.6718 -0.0194 0.7405
vn -0.9418 -0.3264 0.0805
vn -0.6839 -0.0382 0.7286
vn -0.5624 -0.2277 0.7949
vn -0.8756 0.0478 0.4806
vn -0.6345 -0.5730 -0.5187
vn -0.6619 -0.5805 -0.4742
vn -0.8344 -0.5425 -0.0970
vn -0.8992 -0.4363 -0.0336
vn -0.8658 -0.2906 0.4075
vn -0.9421 -0.2981 0.1537
vn -0.7108 0.2867 0.6423
vn -0.8214 0.2917 0.4901
vn -0.8924 0.0179 0.4510
vn -0.6650 -0.1523 0.7311
vn -0.7439 -0.0591 0.6657
vn -0.8597 0.2676 0.4351
vn -0.7266 -0.6798 0.1001
vn -0.8302 0.1840 0.5262
vn -0.8608 -0.1522 0.4856
vn -0.9030 0.2275 0.3644
vn -0.8337 -0.0978 0.5435
vn -0.9546 0.1150 0.2749
vn -0.7623 -0.0902 0.6410
vn -0.8732 -0.0623 0.4834
vn -0.7593 -0.0962 0.6436
vn -0.6287 -0.1650 0.7599
vn -0.8193 -0.2528 0.5146
vn -0.8072 -0.3992 0.4348
vn -0.9156 -0.0865 0.3928
vn -0.7278 0.2332 0.6449
vn -0.8733 -0.3523 0.3365
vn -0.5327 -0.2897 0.7952
vn -0.7714 0.2720 0.5753
vn -0.6725 0.4271 0.6043
vn -0.9071 -0.2662 0.3260
vn -0.4301 0.6603 0.6156
vn -0.4554 0.6560 0.6018
vn -0.7317 -0.1601 0.6625
vn -0.3990 0.6549 0.6417
vn -0.7216 0.1547 0.6748
vn -0.4953 0.6363 0.5915
vn -0.3268 0.6320 0.7027
vn -0.6765 -0.2786 0.6817
vn -0.6674 0.4884 0.5622
vn -0.6692 -0.4545 0.5879
vn -0.8703 -0.3420 0.3544
vn -0.1894 0.5615 0.8055
vn -0.4757 -0.1907 0.8587
vn -0.6757 0.1691 0.7175
vn -0.4881 0.5889 0.6441
vn -0.3087 0.5969 0.7406
vn -0.9370 -0.3446 0.0580
vn -0.4880 -0.2989 0.8201
vn -0.5899 -0.1370 0.7957
vn -0.6053 -0.1170 0.7874
vn -0.5902 0.5239 0.6142
vn -0.1816 0.4744 0.8614
vn -0.3411 0.2878 0.8949
vn -0.4940 -0.2398 0.8357
vn -0.7965 -0.3423 0.4983
vt 0.676409 0.511926
vt 0.671742 0.512405
vt 0.671780 0.500253
vt 0.717865 0.505835
vt 0.709618 0.513963
vt 0.696231 0.503894
vt 0.733397 0.505653
vt 0.731935 0.513474
vt 0.748892 0.506899
vt 0.753906 0.509710
vt 0.750000 0.511719
vt 0.671361 0.517871
vt 0.652013 0.511170
vt 0.689645 0.515767
vt 0.684860 0.525815
vt 0.746094 0.514798
vt 0.750000 0.515114
vt 0.745801 0.523839
vt 0.632703 0.539280
vt 0.625223 0.527188
vt 0.742057 0.519414
vt 0.729438 0.523438
vt 0.721945 0.519531
vt 0.663756 0.522500
vt 0.648374 0.535246
vt 0.668337 0.526695
vt 0.660190 0.534709
vt 0.742188 0.523438
vt 0.742188 0.527344
vt 0.731436 0.527344
vt 0.730460 0.531250
vt 0.723411 0.524454
vt 0.671596 0.543287
vt 0.666340 0.541063
vt 0.755802 0.530789
vt 0.746192 0.534622
vt 0.738350 0.531250
vt 0.764901 0.535014
vt 0.746086 0.547603
vt 0.779640 0.535156
vt 0.765714 0.545807
vt 0.789063 0.535156
vt 0.788609 0.539062
vt 0.792969 0.538914
vt 0.732408 0.550362
vt 0.734375 0.539062
vt 0.800818 0.539062
vt 0.796069 0.542951
vt 0.683465 0.549835
vt 0.675781 0.546875
vt 0.730469 0.546875
vt 0.730469 0.542969
vt 0.807244 0.542969
vt 0.805658 0.546618
vt 0.800781 0.542969
vt 0.628901 0.543039
vt 0.635189 0.543231
vt 0.638833 0.563973
vt 0.722656 0.550468
vt 0.718841 0.555205
vt 0.716678 0.543396
vt 0.750419 0.560498
vt 0.753906 0.503906
vt 0.757812 0.503906
vt 0.757387 0.512268
vt 0.688065 0.540291
vt 0.691665 0.554688
vt 0.690109 0.550790
vt 0.726563 0.554688
vt 0.726563 0.550781
vt 0.780877 0.539602
vt 0.778558 0.557087
vt 0.722656 0.558594
vt 0.722656 0.554688
vt 0.794854 0.574109
vt 0.652501 0.551351
vt 0.669915 0.566582
vt 0.658944 0.571840
vt 0.718477 0.558596
vt 0.718603 0.562775
vt 0.706376 0.558577
vt 0.722656 0.570242
vt 0.764708 0.565695
vt 0.829374 0.558864
vt 0.828849 0.562472
vt 0.824219 0.558594
vt 0.835535 0.562584
vt 0.832031 0.562500
vt 0.695154 0.559543
vt 0.701164 0.573636
vt 0.685867 0.563123
vt 0.738420 0.579627
vt 0.736365 0.560460
vt 0.810273 0.549094
vt 0.813085 0.574616
vt 0.816725 0.555126
vt 0.718644 0.577424
vt 0.832054 0.566512
vt 0.839844 0.570989
vt 0.835938 0.572433
vt 0.835938 0.566406
vt 0.617095 0.551065
vt 0.640265 0.588715
vt 0.620830 0.573056
vt 0.685337 0.575238
vt 0.712896 0.581240
vt 0.757857 0.573315
vt 0.787881 0.586399
vt 0.847652 0.582039
vt 0.843750 0.574274
vt 0.701401 0.589321
vt 0.729990 0.578043
vt 0.722656 0.589528
vt 0.636719 0.608192
vt 0.660796 0.591074
vt 0.677686 0.587023
vt 0.692010 0.599304
vt 0.718750 0.592167
vt 0.731756 0.595319
vt 0.722656 0.597389
vt 0.688374 0.611175
vt 0.705269 0.606890
vt 0.718314 0.602823
vt 0.824529 0.588803
vt 0.814348 0.599770
vt 0.810253 0.588939
vt 0.851563 0.597005
vt 0.850827 0.602607
vt 0.847656 0.591316
vt 0.780553 0.595319
vt 0.745528 0.609274
vt 0.748383 0.590137
vt 0.722481 0.606622
vt 0.831372 0.600646
vt 0.813976 0.608096
vt 0.659184 0.605984
vt 0.655485 0.621049
vt 0.674358 0.605651
vt 0.720544 0.608131
vt 0.726563 0.616545
vt 0.722656 0.613281
vt 0.800248 0.613590
vt 0.787720 0.615942
vt 0.789526 0.604422
vt 0.722656 0.617597
vt 0.772880 0.607388
vt 0.773047 0.618931
vt 0.828462 0.612685
vt 0.820731 0.624347
vt 0.855589 0.612752
vt 0.855393 0.627095
vt 0.852457 0.612574
vt 0.682331 0.624997
vt 0.669399 0.629871
vt 0.721022 0.627034
vt 0.704491 0.621590
vt 0.733155 0.615212
vt 0.726562 0.621094
vt 0.755140 0.629460
vt 0.809478 0.618876
vt 0.795298 0.622936
vt 0.830352 0.622019
vt 0.726563 0.628084
vt 0.780036 0.628797
vt 0.718416 0.642213
vt 0.722656 0.625000
vt 0.744391 0.634378
vt 0.730685 0.631515
vt 0.802123 0.635287
vt 0.792723 0.633288
vt 0.813067 0.634993
vt 0.625317 0.617132
vt 0.648608 0.656810
vt 0.635087 0.651414
vt 0.703557 0.636814
vt 0.726563 0.632813
vt 0.730660 0.640733
vt 0.730469 0.636719
vt 0.844387 0.644550
vt 0.765217 0.647092
vt 0.855484 0.634344
vt 0.682621 0.655382
vt 0.675406 0.669123
vt 0.692574 0.640759
vt 0.771916 0.659243
vt 0.829314 0.658523
vt 0.862032 0.643547
vt 0.855179 0.653212
vt 0.626514 0.664277
vt 0.715040 0.659887
vt 0.703633 0.652730
vt 0.734375 0.648438
vt 0.738281 0.654740
vt 0.734375 0.652344
vt 0.784246 0.666265
vt 0.815700 0.666102
vt 0.801571 0.666358
vt 0.734375 0.656250
vt 0.730303 0.651894
vt 0.725958 0.666568
vt 0.859375 0.654376
vt 0.855586 0.663397
vt 0.869780 0.663738
vt 0.860895 0.663181
vt 0.703657 0.668773
vt 0.837718 0.669258
vt 0.643209 0.679816
vt 0.634614 0.682928
vt 0.871960 0.668065
vt 0.864143 0.667969
vt 0.724345 0.685536
vt 0.819985 0.677125
vt 0.775440 0.679223
vt 0.761703 0.673186
vt 0.799186 0.677333
vt 0.624981 0.683336
vt 0.713238 0.688831
vt 0.734022 0.678851
vt 0.742051 0.667834
vt 0.855258 0.671926
vt 0.847656 0.679688
vt 0.843462 0.674685
vt 0.665660 0.701034
vt 0.656019 0.723648
vt 0.807215 0.687015
vt 0.788188 0.688527
vt 0.843750 0.683594
vt 0.843750 0.679688
vt 0.863566 0.671493
vt 0.840862 0.702198
vt 0.690044 0.670794
vt 0.677665 0.693922
vt 0.697792 0.682837
vt 0.693319 0.696639
vt 0.749144 0.679229
vt 0.839844 0.687500
vt 0.839844 0.683594
vt 0.645802 0.737543
vt 0.732452 0.697331
vt 0.746357 0.683021
vt 0.742139 0.697678
vt 0.758373 0.691718
vt 0.829371 0.687701
vt 0.828125 0.691406
vt 0.821265 0.691406
vt 0.829925 0.700536
vt 0.835938 0.687500
vt 0.625455 0.705478
vt 0.707615 0.703105
vt 0.813466 0.695312
vt 0.820313 0.695313
vt 0.824219 0.695312
vt 0.782367 0.707515
vt 0.761719 0.699219
vt 0.800785 0.703014
vt 0.803918 0.699219
vt 0.812500 0.699219
vt 0.818610 0.705323
vt 0.681701 0.709497
vt 0.721900 0.708172
vt 0.765625 0.703125
vt 0.761719 0.703125
vt 0.793518 0.703125
vt 0.808594 0.703125
vt 0.699238 0.714683
vt 0.751975 0.700637
vt 0.748852 0.713094
vt 0.778568 0.707031
vt 0.769531 0.707031
vt 0.785156 0.707031
vt 0.789063 0.707031
vt 0.793059 0.706890
vt 0.621119 0.750054
vt 0.761963 0.706518
vt 0.777706 0.710969
vt 0.773438 0.710938
vt 0.804699 0.703107
vt 0.790419 0.722536
vt 0.796875 0.707031
vt 0.803061 0.734292
vt 0.714077 0.720882
vt 0.777966 0.723394
vt 0.785156 0.710938
vt 0.670031 0.725251
vt 0.683993 0.728783
vt 0.724678 0.722977
vt 0.732464 0.712681
vt 0.755889 0.719843
vt 0.748829 0.728700
vt 0.706806 0.731933
vt 0.716849 0.732741
vt 0.761970 0.727885
vt 0.766192 0.733623
vt 0.769531 0.722656
vt 0.781820 0.736050
vt 0.765625 0.730469
vt 0.765625 0.726562
vt 0.804187 0.717043
vt 0.732478 0.728283
vt 0.723536 0.739905
vt 0.757812 0.738207
vt 0.749536 0.739974
vt 0.768528 0.737982
vt 0.696936 0.742707
vt 0.696068 0.728838
vt 0.711071 0.743465
vt 0.686028 0.748212
vt 0.761719 0.742188
vt 0.761719 0.738281
vt 0.787286 0.749026
vt 0.742197 0.748317
vt 0.736299 0.740334
vt 0.775345 0.748026
vt 0.769571 0.745031
vt 0.640303 0.504373
vt 0.652344 0.500000
vt 0.675781 0.500000
vt 0.745878 0.501554
vt 0.733494 0.500000
vt 0.753906 0.746347
vt 0.750000 0.750000
vt 0.701112 0.750000
vt 0.613842 0.738433
vt 0.612837 0.581581
vt 0.621385 0.547581
vt 0.621477 0.542805
vt 0.442325 0.747922
vt 0.456295 0.755859
vt 0.423103 0.759331
vt 0.507180 0.753906
vt 0.500824 0.765376
vt 0.495730 0.750188
vt 0.517595 0.753906
vt 0.514698 0.768245
vt 0.519444 0.757817
vt 0.522980 0.753918
vt 0.531365 0.757813
vt 0.527344 0.757813
vt 0.570373 0.753721
vt 0.453403 0.763590
vt 0.472145 0.768842
vt 0.466933 0.752244
vt 0.476562 0.754821
vt 0.488377 0.771668
vt 0.480776 0.764521
vt 0.480417 0.754098
vt 0.538673 0.761719
vt 0.535156 0.762125
vt 0.401624 0.757794
vt 0.414772 0.764945
vt 0.405764 0.769386
vt 0.427195 0.768539
vt 0.602745 0.772461
vt 0.452421 0.774876
vt 0.539062 0.765526
vt 0.531045 0.775659
vt 0.544994 0.765625
vt 0.550781 0.769531
vt 0.546875 0.770172
vt 0.581618 0.778724
vt 0.622788 0.769349
vt 0.386415 0.761746
vt 0.389401 0.780293
vt 0.378168 0.776452
vt 0.395110 0.767065
vt 0.397947 0.775373
vt 0.420263 0.776466
vt 0.406812 0.782574
vt 0.476496 0.780852
vt 0.472656 0.780131
vt 0.515175 0.784301
vt 0.398648 0.787233
vt 0.623773 0.782425
vt 0.611528 0.786332
vt 0.450814 0.791439
vt 0.463748 0.782753
vt 0.494589 0.783213
vt 0.488129 0.789757
vt 0.569781 0.789176
vt 0.563151 0.777988
vt 0.387489 0.793410
vt 0.379522 0.795353
vt 0.417327 0.786275
vt 0.528386 0.784642
vt 0.521120 0.792888
vt 0.594598 0.794045
vt 0.413968 0.796192
vt 0.465126 0.800014
vt 0.401967 0.798369
vt 0.390932 0.803456
vt 0.444026 0.807793
vt 0.472656 0.792969
vt 0.476563 0.793712
vt 0.472656 0.796875
vt 0.498256 0.792213
vt 0.493748 0.801215
vt 0.513656 0.802053
vt 0.506853 0.792833
vt 0.540356 0.791216
vt 0.526296 0.802016
vt 0.409151 0.805069
vt 0.452373 0.805670
vt 0.481837 0.796982
vt 0.476563 0.807683
vt 0.505925 0.805065
vt 0.578498 0.804593
vt 0.573574 0.797221
vt 0.431861 0.811890
vt 0.469319 0.802404
vt 0.461868 0.812016
vt 0.574219 0.803701
vt 0.573688 0.807876
vt 0.570313 0.797689
vt 0.611650 0.801750
vt 0.605412 0.812421
vt 0.457554 0.810632
vt 0.500198 0.816574
vt 0.484260 0.812508
vt 0.376482 0.832160
vt 0.453097 0.818664
vt 0.519546 0.814644
vt 0.439615 0.821124
vt 0.428798 0.823205
vt 0.488281 0.819906
vt 0.578495 0.811158
vt 0.596231 0.822419
vt 0.578605 0.819750
vt 0.447948 0.825813
vt 0.457950 0.822971
vt 0.453420 0.826775
vt 0.480438 0.816871
vt 0.472444 0.829103
vt 0.573901 0.819276
vt 0.563122 0.830615
vt 0.560262 0.814610
vt 0.398440 0.835663
vt 0.388027 0.840469
vt 0.488216 0.828125
vt 0.484375 0.824219
vt 0.492761 0.830785
vt 0.534896 0.815705
vt 0.528345 0.847137
vt 0.435499 0.835137
vt 0.445105 0.834923
vt 0.449219 0.833562
vt 0.423599 0.841057
vt 0.418520 0.830570
vt 0.515081 0.845263
vt 0.500192 0.849964
vt 0.582396 0.830360
vt 0.592572 0.844333
vt 0.582031 0.841963
vt 0.601509 0.833736
vt 0.464109 0.840288
vt 0.448271 0.844598
vt 0.488281 0.836408
vt 0.495919 0.851416
vt 0.578328 0.842608
vt 0.576882 0.825901
vt 0.413514 0.851988
vt 0.409513 0.835282
vt 0.549397 0.851485
vt 0.551742 0.830155
vt 0.402373 0.854354
vt 0.440429 0.849766
vt 0.578214 0.860765
vt 0.377788 0.844702
vt 0.388487 0.856061
vt 0.376659 0.853659
vt 0.496094 0.846053
vt 0.550509 0.860501
vt 0.499677 0.855526
vt 0.517466 0.861484
vt 0.603677 0.850148
vt 0.592273 0.859261
vt 0.488655 0.859631
vt 0.542083 0.843699
vt 0.532705 0.861472
vt 0.436980 0.868427
vt 0.425929 0.861516
vt 0.442189 0.857711
vt 0.503822 0.868355
vt 0.504166 0.862224
vt 0.605076 0.863510
vt 0.594317 0.866930
vt 0.488680 0.873059
vt 0.507813 0.871032
vt 0.573825 0.867188
vt 0.567005 0.866589
vt 0.589844 0.867188
vt 0.582670 0.867187
vt 0.614052 0.858608
vt 0.615531 0.869854
vt 0.624443 0.867778
vt 0.528138 0.870482
vt 0.518465 0.871094
vt 0.605312 0.871094
vt 0.597656 0.871094
vt 0.433125 0.878825
vt 0.415221 0.871768
vt 0.523390 0.875000
vt 0.507474 0.875000
vt 0.534438 0.871094
vt 0.539876 0.875000
vt 0.531551 0.875000
vt 0.617009 0.875000
vt 0.609375 0.875000
vt 0.621431 0.878239
vt 0.404213 0.882171
vt 0.382632 0.871726
vt 0.547554 0.881837
vt 0.548787 0.870985
vt 0.571187 0.884122
vt 0.617188 0.878906
vt 0.480693 0.882732
vt 0.476563 0.882813
vt 0.469154 0.876884
vt 0.503323 0.878906
vt 0.491849 0.882834
vt 0.496573 0.878906
vt 0.574108 0.877019
vt 0.591208 0.881273
vt 0.432912 0.889517
vt 0.460794 0.890647
vt 0.453585 0.889717
vt 0.450241 0.880730
vt 0.378136 0.894676
vt 0.379573 0.886644
vt 0.449663 0.890625
vt 0.480280 0.886719
vt 0.474593 0.890625
vt 0.473303 0.886719
vt 0.496120 0.891626
vt 0.607685 0.887157
vt 0.593433 0.894694
vt 0.441406 0.894531
vt 0.433878 0.894531
vt 0.450088 0.894417
vt 0.445312 0.894531
vt 0.464844 0.890625
vt 0.458366 0.895142
vt 0.437488 0.905602
vt 0.468750 0.890625
vt 0.390582 0.902511
vt 0.382812 0.898438
vt 0.620105 0.899004
vt 0.605789 0.900669
vt 0.425704 0.899002
vt 0.418029 0.902344
vt 0.433594 0.898438
vt 0.429688 0.902344
vt 0.429688 0.898438
vt 0.420749 0.913040
vt 0.425781 0.902344
vt 0.610483 0.914063
vt 0.580900 0.898849
vt 0.610438 0.924040
vt 0.420498 0.923896
vt 0.410248 0.910011
vt 0.398052 0.921851
vt 0.402344 0.914063
vt 0.402391 0.933765
vt 0.623173 0.923415
vt 0.390599 0.926929
vt 0.379694 0.934293
vt 0.377603 0.916456
vt 0.395869 0.934211
vt 0.390625 0.937500
vt 0.390625 0.933594
vt 0.386733 0.944908
vt 0.380478 0.945190
vt 0.376886 0.949430
vt 0.386382 0.959785
vt 0.405372 0.945700
vt 0.376647 0.969053
vt 0.386645 0.991706
vt 0.408573 0.955357
vt 0.394545 0.999789
vt 0.390896 0.983566
vt 0.424479 0.955817
vt 0.398463 0.999854
vt 0.390625 0.997464
vt 0.382850 1.000011
vt 0.413774 0.979644
vt 0.402405 0.998804
vt 0.480662 0.750000
vt 0.623074 0.856956
vt 0.619873 0.908176
vt 0.625000 0.917969
vt 0.378629 0.783998
vt 0.375000 0.794919
vt 0.394531 0.002600
vt 0.398438 0.009108
vt 0.394531 0.007813
vt 0.395650 0.010700
vt 0.402405 0.017214
vt 0.398438 0.015625
vt 0.399019 0.020886
vt 0.375208 0.000864
vt 0.381410 0.034123
vt 0.410156 0.035156
vt 0.414063 0.037717
vt 0.410518 0.039328
vt 0.414063 0.042969
vt 0.417970 0.045514
vt 0.414404 0.047002
vt 0.395195 0.051095
vt 0.386695 0.046793
vt 0.386180 0.064523
vt 0.376981 0.063744
vt 0.399844 0.063024
vt 0.422555 0.063906
vt 0.422337 0.067750
vt 0.400002 0.073617
vt 0.385127 0.077190
vt 0.429688 0.074219
vt 0.455220 0.097716
vt 0.429688 0.078085
vt 0.425781 0.077902
vt 0.429633 0.086516
vt 0.399720 0.083793
vt 0.388067 0.088472
vt 0.433594 0.085938
vt 0.436512 0.089000
vt 0.433594 0.090853
vt 0.592128 0.089944
vt 0.588819 0.094070
vt 0.585926 0.089782
vt 0.447000 0.097656
vt 0.437627 0.097656
vt 0.568795 0.093750
vt 0.570576 0.097633
vt 0.557968 0.097731
vt 0.423404 0.095185
vt 0.413951 0.110524
vt 0.444511 0.101563
vt 0.464367 0.097656
vt 0.466446 0.101770
vt 0.455293 0.101563
vt 0.471998 0.095212
vt 0.477510 0.101432
vt 0.492487 0.101563
vt 0.556102 0.101711
vt 0.429084 0.113652
vt 0.437500 0.101563
vt 0.488379 0.104552
vt 0.511191 0.101074
vt 0.519995 0.107562
vt 0.527628 0.101563
vt 0.548173 0.101563
vt 0.386651 0.101478
vt 0.382520 0.121094
vt 0.376913 0.097131
vt 0.384866 0.125028
vt 0.428443 0.122802
vt 0.418214 0.133438
vt 0.421875 0.121094
vt 0.396525 0.124962
vt 0.401063 0.128949
vt 0.390911 0.128906
vt 0.414063 0.132812
vt 0.414063 0.128906
vt 0.418191 0.140606
vt 0.414063 0.139048
vt 0.417733 0.148275
vt 0.422554 0.156685
vt 0.389535 0.140645
vt 0.417969 0.144531
vt 0.421928 0.145770
vt 0.425781 0.153552
vt 0.421875 0.152344
vt 0.429688 0.164674
vt 0.425781 0.168738
vt 0.425810 0.162548
vt 0.414285 0.166068
vt 0.430553 0.179891
vt 0.429688 0.172131
vt 0.433687 0.187547
vt 0.433594 0.177353
vt 0.437500 0.184718
vt 0.433594 0.183594
vt 0.441406 0.196590
vt 0.437779 0.199809
vt 0.437504 0.193667
vt 0.444919 0.204097
vt 0.441406 0.203927
vt 0.445312 0.209203
vt 0.441406 0.211217
vt 0.449330 0.215241
vt 0.445312 0.219449
vt 0.445313 0.214844
vt 0.453125 0.223936
vt 0.448919 0.228525
vt 0.449219 0.222656
vt 0.457554 0.235612
vt 0.453125 0.238771
vt 0.453125 0.234375
vt 0.460938 0.242188
vt 0.457031 0.242583
vt 0.390625 0.000000
vt 0.393774 0.004917
vt 0.625000 0.082031
vt 0.622723 0.085938
vt 0.620853 0.082437
vt 0.375000 0.121094
vt 0.375934 0.079645
vt 0.277344 0.502239
vt 0.281250 0.500307
vt 0.277344 0.524243
vt 0.375051 0.510786
vt 0.293095 0.507812
vt 0.323005 0.501699
vt 0.305010 0.511719
vt 0.297806 0.511719
vt 0.349313 0.514373
vt 0.289063 0.511719
vt 0.294355 0.513134
vt 0.289062 0.514782
vt 0.315670 0.515625
vt 0.309525 0.515625
vt 0.285156 0.514753
vt 0.285156 0.519531
vt 0.349479 0.523081
vt 0.322591 0.519531
vt 0.375368 0.525235
vt 0.281250 0.527344
vt 0.291032 0.533624
vt 0.273686 0.537713
vt 0.308583 0.519355
vt 0.297287 0.544688
vt 0.363502 0.534907
vt 0.339820 0.531250
vt 0.343692 0.535156
vt 0.269531 0.539063
vt 0.269468 0.535123
vt 0.279258 0.546276
vt 0.287917 0.545904
vt 0.269731 0.543560
vt 0.335974 0.531552
vt 0.341584 0.552712
vt 0.331007 0.549266
vt 0.351562 0.543567
vt 0.347656 0.544676
vt 0.347656 0.539062
vt 0.265625 0.546875
vt 0.261429 0.550907
vt 0.266894 0.541653
vt 0.266241 0.551929
vt 0.355162 0.546944
vt 0.374131 0.557736
vt 0.360008 0.551666
vt 0.257958 0.558091
vt 0.253328 0.548090
vt 0.261719 0.554688
vt 0.278708 0.556670
vt 0.294094 0.556698
vt 0.305441 0.548970
vt 0.266186 0.562963
vt 0.304393 0.565891
vt 0.332409 0.563822
vt 0.363281 0.558819
vt 0.261719 0.560862
vt 0.257813 0.562500
vt 0.355469 0.556512
vt 0.348754 0.574313
vt 0.351552 0.550141
vt 0.273425 0.567268
vt 0.262191 0.579373
vt 0.254020 0.570250
vt 0.249809 0.578126
vt 0.253386 0.566380
vt 0.293762 0.579539
vt 0.288166 0.565697
vt 0.341049 0.577188
vt 0.329937 0.580016
vt 0.367188 0.573246
vt 0.362919 0.577073
vt 0.363281 0.567757
vt 0.287322 0.585375
vt 0.280988 0.572065
vt 0.371633 0.578459
vt 0.367188 0.579147
vt 0.253906 0.581581
vt 0.249108 0.583874
vt 0.359363 0.563470
vt 0.348560 0.594525
vt 0.323945 0.592174
vt 0.303479 0.581738
vt 0.371094 0.584972
vt 0.366834 0.589065
vt 0.250000 0.597818
vt 0.275418 0.590652
vt 0.258960 0.609307
vt 0.310063 0.605166
vt 0.246094 0.591736
vt 0.245905 0.601212
vt 0.233740 0.611221
vt 0.281553 0.614068
vt 0.294520 0.613552
vt 0.336741 0.598401
vt 0.319751 0.611501
vt 0.371094 0.599043
vt 0.359743 0.616755
vt 0.246094 0.613817
vt 0.271372 0.622329
vt 0.335168 0.614180
vt 0.224328 0.624496
vt 0.322347 0.623845
vt 0.241666 0.626293
vt 0.305810 0.624234
vt 0.350906 0.624175
vt 0.343752 0.628900
vt 0.374936 0.612891
vt 0.367188 0.617188
vt 0.374863 0.605498
vt 0.126382 0.616944
vt 0.145272 0.623325
vt 0.129758 0.623976
vt 0.255875 0.622795
vt 0.246149 0.628136
vt 0.333116 0.628775
vt 0.359375 0.621094
vt 0.355469 0.625000
vt 0.370739 0.621094
vt 0.362872 0.625069
vt 0.363281 0.621094
vt 0.133482 0.628906
vt 0.125219 0.628906
vt 0.208478 0.622187
vt 0.205495 0.637021
vt 0.178206 0.621204
vt 0.141209 0.628906
vt 0.152041 0.632812
vt 0.144531 0.632813
vt 0.249071 0.637028
vt 0.267211 0.634903
vt 0.283045 0.638961
vt 0.301159 0.633800
vt 0.287759 0.625768
vt 0.359414 0.634421
vt 0.355141 0.628906
vt 0.133715 0.632812
vt 0.136719 0.632708
vt 0.126827 0.652844
vt 0.164201 0.636719
vt 0.156250 0.636719
vt 0.241549 0.637028
vt 0.220503 0.636702
vt 0.246094 0.636719
vt 0.324219 0.636719
vt 0.317402 0.639630
vt 0.140625 0.632687
vt 0.149511 0.635969
vt 0.135090 0.661099
vt 0.183938 0.640625
vt 0.204123 0.636719
vt 0.199219 0.640625
vt 0.212867 0.640519
vt 0.261073 0.644523
vt 0.256927 0.640625
vt 0.331285 0.640573
vt 0.339412 0.636719
vt 0.379089 0.635434
vt 0.367608 0.643992
vt 0.206724 0.640625
vt 0.211146 0.663301
vt 0.257812 0.644531
vt 0.328125 0.640625
vt 0.324219 0.640625
vt 0.160025 0.640920
vt 0.143692 0.661764
vt 0.191494 0.644795
vt 0.179479 0.649497
vt 0.184624 0.644531
vt 0.301715 0.643562
vt 0.293966 0.648438
vt 0.316406 0.644531
vt 0.308581 0.648364
vt 0.312500 0.644531
vt 0.312197 0.658454
vt 0.320313 0.644531
vt 0.334236 0.656561
vt 0.261719 0.648438
vt 0.265625 0.652344
vt 0.263108 0.659857
vt 0.268246 0.648438
vt 0.277161 0.652344
vt 0.269531 0.652344
vt 0.281511 0.652344
vt 0.292969 0.652344
vt 0.289063 0.652344
vt 0.273438 0.656250
vt 0.273457 0.664268
vt 0.289115 0.656133
vt 0.296875 0.652344
vt 0.172365 0.659248
vt 0.175803 0.649559
vt 0.247989 0.649259
vt 0.228191 0.669850
vt 0.285156 0.656250
vt 0.281250 0.656250
vt 0.391466 0.654015
vt 0.360453 0.668098
vt 0.385070 0.664958
vt 0.126543 0.670234
vt 0.197211 0.661061
vt 0.186576 0.671969
vt 0.201742 0.671704
vt 0.277344 0.664063
vt 0.277344 0.660156
vt 0.310185 0.669055
vt 0.273350 0.671914
vt 0.292603 0.674607
vt 0.269384 0.671869
vt 0.233043 0.679222
vt 0.337253 0.665711
vt 0.313603 0.679780
vt 0.202907 0.680974
vt 0.217616 0.673978
vt 0.291618 0.685681
vt 0.216058 0.685043
vt 0.150669 0.675072
vt 0.146062 0.688820
vt 0.137050 0.677449
vt 0.171953 0.674636
vt 0.278029 0.676313
vt 0.269531 0.683594
vt 0.269531 0.679688
vt 0.201822 0.689429
vt 0.265641 0.691470
vt 0.329695 0.679222
vt 0.315538 0.694682
vt 0.345119 0.676245
vt 0.341288 0.692668
vt 0.360291 0.683674
vt 0.378283 0.693345
vt 0.365882 0.699594
vt 0.129309 0.700604
vt 0.127150 0.686212
vt 0.238753 0.691681
vt 0.232503 0.703371
vt 0.223393 0.692297
vt 0.354695 0.702484
vt 0.345589 0.707430
vt 0.223764 0.708926
vt 0.274032 0.692865
vt 0.261784 0.708554
vt 0.261719 0.699219
vt 0.332588 0.715034
vt 0.171876 0.694626
vt 0.171707 0.727292
vt 0.144290 0.704766
vt 0.187078 0.694354
vt 0.193239 0.712314
vt 0.175326 0.713055
vt 0.257813 0.707031
vt 0.257812 0.703125
vt 0.213419 0.700327
vt 0.211675 0.715450
vt 0.201033 0.700619
vt 0.253906 0.710938
vt 0.255402 0.702571
vt 0.134166 0.724442
vt 0.253906 0.714844
vt 0.291400 0.709249
vt 0.280277 0.719968
vt 0.278542 0.702810
vt 0.310297 0.713994
vt 0.298107 0.721124
vt 0.302669 0.704301
vt 0.175289 0.727241
vt 0.250181 0.712246
vt 0.246094 0.718750
vt 0.250000 0.718750
vt 0.340281 0.737611
vt 0.265018 0.732834
vt 0.261801 0.721643
vt 0.347845 0.746628
vt 0.204688 0.738198
vt 0.246094 0.722656
vt 0.242188 0.726562
vt 0.239425 0.726015
vt 0.245883 0.730056
vt 0.250000 0.722656
vt 0.286116 0.736700
vt 0.302202 0.731725
vt 0.231573 0.735958
vt 0.231000 0.742412
vt 0.365848 0.717550
vt 0.359896 0.745198
vt 0.190370 0.740540
vt 0.175684 0.740419
vt 0.238278 0.742039
vt 0.242188 0.734375
vt 0.329203 0.745988
vt 0.319746 0.725420
vt 0.156148 0.747093
vt 0.156261 0.733440
vt 0.254684 0.746084
vt 0.209559 0.748094
vt 0.375314 0.600399
vt 0.378816 0.621157
vt 0.381543 0.709255
vt 0.320997 0.750000
vt 0.318566 0.741586
vt 0.234375 0.750000
vt 0.234375 0.746094
vt 0.180778 0.746774
vt 0.431196 0.497645
vt 0.454894 0.510980
vt 0.423737 0.505496
vt 0.448762 0.498301
vt 0.468963 0.505085
vt 0.496094 0.503906
vt 0.499257 0.502760
vt 0.493603 0.507505
vt 0.535026 0.505152
vt 0.527429 0.510818
vt 0.523237 0.501008
vt 0.386222 0.483277
vt 0.420199 0.517053
vt 0.534172 0.516455
vt 0.544469 0.509751
vt 0.465990 0.518014
vt 0.488281 0.510206
vt 0.492188 0.511465
vt 0.488281 0.515625
vt 0.562298 0.512206
vt 0.555116 0.519662
vt 0.617831 0.504254
vt 0.609699 0.524330
vt 0.597165 0.508222
vt 0.443219 0.527620
vt 0.400638 0.530003
vt 0.475142 0.523713
vt 0.551044 0.526365
vt 0.543022 0.518965
vt 0.533697 0.531264
vt 0.545027 0.532120
vt 0.593790 0.524492
vt 0.581181 0.532241
vt 0.601075 0.536275
vt 0.389837 0.539988
vt 0.519999 0.531363
vt 0.513602 0.550326
vt 0.410442 0.545303
vt 0.476017 0.529896
vt 0.478187 0.533590
vt 0.472656 0.539062
vt 0.589784 0.554414
vt 0.613268 0.546730
vt 0.485949 0.545306
vt 0.472652 0.546021
vt 0.526531 0.553879
vt 0.571760 0.543150
vt 0.560319 0.552801
vt 0.601121 0.550533
vt 0.606180 0.551187
vt 0.472959 0.552824
vt 0.468684 0.551814
vt 0.577959 0.558216
vt 0.617188 0.546875
vt 0.431291 0.549032
vt 0.438340 0.561340
vt 0.386829 0.549743
vt 0.384952 0.565137
vt 0.401797 0.562567
vt 0.468737 0.565794
vt 0.496427 0.559687
vt 0.488543 0.570392
vt 0.552889 0.566454
vt 0.548563 0.555305
vt 0.462076 0.569319
vt 0.479988 0.566406
vt 0.530077 0.566406
vt 0.513811 0.563670
vt 0.536554 0.565786
vt 0.545288 0.566406
vt 0.574219 0.562500
vt 0.569559 0.566408
vt 0.570312 0.562500
vt 0.581774 0.562500
vt 0.400748 0.578605
vt 0.385072 0.575180
vt 0.413750 0.575916
vt 0.416092 0.560582
vt 0.433954 0.577810
vt 0.442913 0.573992
vt 0.454380 0.570313
vt 0.506873 0.570312
vt 0.534194 0.570312
vt 0.542731 0.570426
vt 0.549593 0.570312
vt 0.453240 0.574219
vt 0.466619 0.570207
vt 0.460938 0.574219
vt 0.496576 0.574100
vt 0.520116 0.574319
vt 0.449365 0.577338
vt 0.451574 0.588676
vt 0.563408 0.566995
vt 0.593433 0.584696
vt 0.568351 0.578427
vt 0.389074 0.584008
vt 0.435021 0.582031
vt 0.426973 0.582031
vt 0.445312 0.578125
vt 0.441406 0.582031
vt 0.441406 0.578125
vt 0.546769 0.584518
vt 0.425781 0.585938
vt 0.418977 0.585938
vt 0.432613 0.598700
vt 0.506946 0.597313
vt 0.494671 0.590025
vt 0.589853 0.594715
vt 0.565986 0.592023
vt 0.411132 0.589844
vt 0.402847 0.594122
vt 0.417969 0.589844
vt 0.551631 0.596812
vt 0.410156 0.593750
vt 0.418649 0.608761
vt 0.423250 0.589844
vt 0.478891 0.570197
vt 0.445126 0.613912
vt 0.535766 0.600443
vt 0.388468 0.591828
vt 0.388489 0.600919
vt 0.394531 0.601093
vt 0.402344 0.597656
vt 0.398438 0.597656
vt 0.435788 0.613232
vt 0.522271 0.606237
vt 0.524661 0.587642
vt 0.474371 0.613831
vt 0.597670 0.615936
vt 0.577305 0.603409
vt 0.609287 0.613486
vt 0.382812 0.605469
vt 0.378906 0.608876
vt 0.545508 0.630954
vt 0.394189 0.613581
vt 0.386719 0.621894
vt 0.383250 0.609375
vt 0.405527 0.625424
vt 0.407111 0.607923
vt 0.421200 0.625302
vt 0.461939 0.632467
vt 0.471752 0.594405
vt 0.564235 0.606527
vt 0.382812 0.621094
vt 0.379872 0.617461
vt 0.431438 0.631576
vt 0.530586 0.631174
vt 0.394526 0.628927
vt 0.390625 0.625000
vt 0.412035 0.631119
vt 0.511116 0.619128
vt 0.496654 0.632806
vt 0.500341 0.614398
vt 0.593106 0.626385
vt 0.563582 0.635051
vt 0.617220 0.640817
vt 0.398438 0.633989
vt 0.450481 0.630188
vt 0.440622 0.633153
vt 0.394531 0.632813
vt 0.482547 0.628766
vt 0.472474 0.636581
vt 0.533128 0.643937
vt 0.602516 0.649890
vt 0.424563 0.649712
vt 0.422243 0.637277
vt 0.555039 0.643411
vt 0.545645 0.647805
vt 0.570794 0.645988
vt 0.467540 0.645980
vt 0.452099 0.647807
vt 0.497186 0.648570
vt 0.410156 0.648438
vt 0.410030 0.644955
vt 0.444798 0.641096
vt 0.435356 0.659753
vt 0.445412 0.655360
vt 0.494252 0.650905
vt 0.489235 0.644214
vt 0.402519 0.644217
vt 0.406700 0.650105
vt 0.538493 0.656795
vt 0.558422 0.658319
vt 0.549931 0.658177
vt 0.616518 0.660817
vt 0.509522 0.660526
vt 0.502427 0.658648
vt 0.410584 0.657695
vt 0.418553 0.668121
vt 0.490748 0.661442
vt 0.480411 0.662340
vt 0.522675 0.649040
vt 0.534878 0.664573
vt 0.417969 0.664062
vt 0.417969 0.660156
vt 0.448461 0.669872
vt 0.461074 0.658557
vt 0.508716 0.665311
vt 0.604734 0.670555
vt 0.473039 0.671753
vt 0.566277 0.664446
vt 0.552504 0.673122
vt 0.579579 0.655487
vt 0.576667 0.672619
vt 0.429002 0.669567
vt 0.421875 0.671875
vt 0.438374 0.676400
vt 0.497493 0.668756
vt 0.485692 0.671836
vt 0.506070 0.672561
vt 0.501236 0.676617
vt 0.512913 0.672655
vt 0.533349 0.674825
vt 0.519850 0.677836
vt 0.392862 0.680431
vt 0.376942 0.679672
vt 0.408926 0.679588
vt 0.493459 0.677433
vt 0.515625 0.675781
vt 0.565533 0.682938
vt 0.611093 0.679094
vt 0.446760 0.683917
vt 0.482744 0.681701
vt 0.515625 0.679688
vt 0.421875 0.680490
vt 0.425768 0.687499
vt 0.429688 0.684843
vt 0.425781 0.683594
vt 0.425781 0.679688
vt 0.509614 0.681621
vt 0.504155 0.686583
vt 0.545488 0.685253
vt 0.523736 0.689104
vt 0.429619 0.687495
vt 0.473077 0.689497
vt 0.487409 0.689345
vt 0.513238 0.692277
vt 0.405508 0.695378
vt 0.392709 0.699827
vt 0.420850 0.695948
vt 0.450911 0.699010
vt 0.519560 0.683467
vt 0.519531 0.694995
vt 0.437500 0.695313
vt 0.479245 0.696882
vt 0.497240 0.696977
vt 0.486990 0.699520
vt 0.519531 0.704953
vt 0.568916 0.709936
vt 0.550335 0.710190
vt 0.591114 0.698536
vt 0.441406 0.699219
vt 0.441406 0.703125
vt 0.509538 0.706291
vt 0.396618 0.715811
vt 0.536290 0.713925
vt 0.524327 0.714201
vt 0.409627 0.716861
vt 0.416477 0.705892
vt 0.496449 0.706303
vt 0.482063 0.723984
vt 0.431087 0.711871
vt 0.437500 0.704573
vt 0.441406 0.711058
vt 0.603882 0.714734
vt 0.588413 0.726179
vt 0.518359 0.722812
vt 0.557368 0.725425
vt 0.574513 0.724378
vt 0.382197 0.744290
vt 0.427146 0.728535
vt 0.400213 0.744537
vt 0.446038 0.728767
vt 0.437384 0.734345
vt 0.448793 0.710796
vt 0.463742 0.713113
vt 0.457031 0.722656
vt 0.510182 0.733830
vt 0.499762 0.733373
vt 0.472791 0.729484
vt 0.460938 0.726562
vt 0.488834 0.733404
vt 0.539661 0.727015
vt 0.574351 0.743646
vt 0.474063 0.713638
vt 0.543448 0.738642
vt 0.516232 0.731340
vt 0.472656 0.738281
vt 0.476018 0.743047
vt 0.472656 0.742188
vt 0.494401 0.745780
vt 0.479499 0.746329
vt 0.504120 0.745458
vt 0.511492 0.739324
vt 0.476563 0.746094
vt 0.532954 0.748618
vt 0.518955 0.505869
vt 0.505519 0.500000
vt 0.512836 0.750000
vt 0.504000 0.750000
vt 0.472656 0.746094
vt 0.476563 0.750000
vt 0.453636 0.741618
vt 0.366793 0.566281
vt 0.460938 0.257813
vt 0.464844 0.262989
vt 0.453993 0.253902
vt 0.475894 0.281221
vt 0.480072 0.292970
vt 0.476784 0.288041
vt 0.476463 0.295835
vt 0.484937 0.312274
vt 0.480469 0.312500
vt 0.480469 0.307184
vt 0.494162 0.311904
vt 0.496218 0.316531
vt 0.491429 0.316406
vt 0.501267 0.316406
vt 0.476562 0.316406
vt 0.472656 0.320313
vt 0.511524 0.320313
vt 0.515461 0.324081
vt 0.503665 0.323482
vt 0.527414 0.324149
vt 0.519339 0.324724
vt 0.523441 0.320306
vt 0.472672 0.328125
vt 0.544038 0.328206
vt 0.539062 0.328125
vt 0.536009 0.324219
vt 0.464844 0.328125
vt 0.460938 0.332031
vt 0.465586 0.322214
vt 0.466125 0.332031
vt 0.468750 0.328125
vt 0.502715 0.338871
vt 0.524107 0.341492
vt 0.544113 0.348456
vt 0.457031 0.335938
vt 0.453076 0.335987
vt 0.485423 0.341630
vt 0.464806 0.335938
vt 0.546875 0.332031
vt 0.554160 0.335179
vt 0.542975 0.331667
vt 0.570416 0.335828
vt 0.562500 0.335938
vt 0.558860 0.331492
vt 0.573029 0.367649
vt 0.453125 0.339844
vt 0.449219 0.343750
vt 0.445312 0.347656
vt 0.459840 0.339526
vt 0.467203 0.350827
vt 0.457031 0.343750
vt 0.441406 0.351563
vt 0.436254 0.351380
vt 0.529499 0.355655
vt 0.514342 0.357477
vt 0.441512 0.355469
vt 0.446101 0.351562
vt 0.499764 0.350996
vt 0.490520 0.357669
vt 0.580059 0.366871
vt 0.574190 0.343872
vt 0.591385 0.366593
vt 0.582049 0.347567
vt 0.589851 0.351530
vt 0.513622 0.370440
vt 0.597795 0.355341
vt 0.526793 0.367078
vt 0.537688 0.375853
vt 0.543210 0.362925
vt 0.605453 0.359057
vt 0.415130 0.375649
vt 0.400466 0.378924
vt 0.259674 0.506058
vt 0.265411 0.521240
vt 0.222618 0.610227
vt 0.464844 0.269531
vt 0.468943 0.276226
vt 0.466672 0.296605
vt 0.429688 0.363281
vt 0.425781 0.363281
vt 0.422756 0.368094
vt 0.417969 0.371094
vt 0.429688 0.367188
vt 0.425781 0.371094
vt 0.425781 0.367188
vt 0.439106 0.364583
vt 0.424061 0.378778
vt 0.447934 0.372903
vt 0.428576 0.385565
vt 0.485946 0.370776
vt 0.475990 0.378395
vt 0.471656 0.361347
vt 0.554029 0.382859
vt 0.565446 0.390886
vt 0.612474 0.379611
vt 0.603959 0.383239
vt 0.612945 0.363580
vt 0.622146 0.377205
vt 0.465904 0.375762
vt 0.457724 0.388371
vt 0.528168 0.385421
vt 0.596282 0.387316
vt 0.516062 0.391800
vt 0.508979 0.389931
vt 0.590923 0.396391
vt 0.379278 0.392579
vt 0.380264 0.383646
vt 0.407763 0.404772
vt 0.414063 0.382812
vt 0.500928 0.373528
vt 0.498398 0.386529
vt 0.546820 0.390043
vt 0.402861 0.386719
vt 0.398438 0.390625
vt 0.404082 0.383221
vt 0.470618 0.406641
vt 0.488307 0.383982
vt 0.493295 0.410750
vt 0.483982 0.412088
vt 0.537886 0.400822
vt 0.525612 0.404889
vt 0.573310 0.394456
vt 0.390625 0.394531
vt 0.386719 0.398438
vt 0.379363 0.402280
vt 0.398391 0.394226
vt 0.394519 0.398510
vt 0.394531 0.394531
vt 0.440470 0.388714
vt 0.426383 0.401506
vt 0.449264 0.402243
vt 0.581051 0.427465
vt 0.386719 0.402344
vt 0.382813 0.406054
vt 0.414437 0.419582
vt 0.465674 0.413979
vt 0.495903 0.416804
vt 0.614780 0.393638
vt 0.621275 0.406892
vt 0.616603 0.417373
vt 0.547400 0.404330
vt 0.541788 0.415433
vt 0.566368 0.420910
vt 0.431143 0.414229
vt 0.477151 0.420479
vt 0.528449 0.417899
vt 0.502930 0.418351
vt 0.553834 0.426814
vt 0.558447 0.405373
vt 0.399150 0.424427
vt 0.387771 0.437270
vt 0.391120 0.401231
vt 0.454309 0.415195
vt 0.425147 0.424676
vt 0.466969 0.423488
vt 0.456521 0.429890
vt 0.501775 0.428332
vt 0.489936 0.429488
vt 0.528134 0.431869
vt 0.544732 0.434012
vt 0.433124 0.435725
vt 0.476905 0.433664
vt 0.483210 0.425339
vt 0.568716 0.437922
vt 0.421473 0.439810
vt 0.408470 0.442774
vt 0.467202 0.431645
vt 0.469755 0.439508
vt 0.500874 0.440032
vt 0.606469 0.418540
vt 0.623040 0.448346
vt 0.608141 0.452902
vt 0.495186 0.445960
vt 0.487443 0.436065
vt 0.526025 0.450996
vt 0.560146 0.452179
vt 0.455553 0.440715
vt 0.464924 0.449107
vt 0.439615 0.454236
vt 0.543902 0.453535
vt 0.537770 0.440034
vt 0.575533 0.461017
vt 0.567183 0.463761
vt 0.422698 0.463682
vt 0.411972 0.467169
vt 0.586911 0.457078
vt 0.396451 0.446507
vt 0.397618 0.469939
vt 0.514043 0.462583
vt 0.619618 0.453420
vt 0.600745 0.457288
vt 0.470083 0.456602
vt 0.462336 0.480661
vt 0.442200 0.465624
vt 0.450601 0.475361
vt 0.547124 0.469137
vt 0.531083 0.464527
vt 0.578368 0.464713
vt 0.571331 0.464922
vt 0.582525 0.460931
vt 0.596696 0.460938
vt 0.595952 0.474323
vt 0.624375 0.463883
vt 0.611848 0.468292
vt 0.488051 0.454037
vt 0.486109 0.476463
vt 0.479366 0.453110
vt 0.502481 0.472369
vt 0.511889 0.478399
vt 0.538882 0.472789
vt 0.563061 0.467954
vt 0.478492 0.483444
vt 0.531331 0.476675
vt 0.441688 0.481085
vt 0.547751 0.472923
vt 0.542057 0.476586
vt 0.584284 0.481870
vt 0.535156 0.476563
vt 0.533671 0.480469
vt 0.610591 0.484034
vt 0.595953 0.491962
vt 0.481421 0.498507
vt 0.464041 0.492011
vt 0.496347 0.488351
vt 0.511719 0.488281
vt 0.507813 0.492188
vt 0.500273 0.495066
vt 0.520162 0.488281
vt 0.515030 0.491848
vt 0.515625 0.488281
vt 0.431568 0.484495
vt 0.540607 0.491188
vt 0.545190 0.501015
vt 0.534978 0.498430
vt 0.526836 0.493285
vt 0.511561 0.492773
vt 0.378906 0.409069
vt 0.377035 0.449516
vt 0.375000 0.410087
vt 0.695399 0.511719
vt 0.703445 0.516344
vt 0.715744 0.521105
vt 0.700064 0.528144
vt 0.738281 0.526547
vt 0.641406 0.538844
vt 0.734375 0.531250
vt 0.730469 0.536497
vt 0.738281 0.535156
vt 0.654448 0.538853
vt 0.655758 0.534960
vt 0.734375 0.535156
vt 0.671875 0.546875
vt 0.726563 0.545636
vt 0.813987 0.546875
vt 0.670730 0.554230
vt 0.679691 0.550816
vt 0.816406 0.550781
vt 0.702975 0.554688
vt 0.687500 0.554688
vt 0.824843 0.554688
vt 0.839844 0.574219
vt 0.839888 0.578339
vt 0.798888 0.589223
vt 0.843750 0.582031
vt 0.843750 0.586103
vt 0.847656 0.585938
vt 0.851563 0.589844
vt 0.801444 0.602316
vt 0.859591 0.621082
vt 0.859375 0.627161
vt 0.726562 0.640496
vt 0.730469 0.644531
vt 0.745400 0.648676
vt 0.755952 0.659424
vt 0.738285 0.660164
vt 0.737170 0.664193
vt 0.738281 0.670092
vt 0.742188 0.671875
vt 0.851562 0.671875
vt 0.855469 0.667969
vt 0.746094 0.675781
vt 0.742188 0.678431
vt 0.746094 0.679688
vt 0.832616 0.683009
vt 0.839844 0.679688
vt 0.753906 0.687500
vt 0.750000 0.683594
vt 0.832031 0.687500
vt 0.750000 0.689082
vt 0.753906 0.691406
vt 0.816406 0.699219
vt 0.757813 0.700662
vt 0.740280 0.713296
vt 0.765625 0.710938
vt 0.765625 0.719277
vt 0.769531 0.711673
vt 0.769638 0.718643
vt 0.806131 0.742896
vt 0.671060 0.742110
vt 0.761719 0.734375
vt 0.731463 0.748957
vt 0.757813 0.746094
vt 0.718003 0.500000
vt 0.757790 0.750010
vt 0.716886 0.750000
vt 0.675781 0.750000
vt 0.412230 0.752639
vt 0.527682 0.760694
vt 0.531250 0.761628
vt 0.476563 0.768335
vt 0.499366 0.774734
vt 0.542969 0.769531
vt 0.375893 0.762938
vt 0.550781 0.773438
vt 0.554088 0.773438
vt 0.507554 0.779948
vt 0.554688 0.777692
vt 0.558594 0.777344
vt 0.550781 0.777344
vt 0.558594 0.781757
vt 0.562500 0.781250
vt 0.562586 0.786596
vt 0.566406 0.785156
vt 0.566406 0.789062
vt 0.566618 0.793654
vt 0.468918 0.795917
vt 0.540018 0.804281
vt 0.480469 0.804688
vt 0.471728 0.811086
vt 0.480379 0.808624
vt 0.457031 0.816406
vt 0.484133 0.817129
vt 0.495895 0.839823
vt 0.492188 0.835938
vt 0.613457 0.842209
vt 0.613482 0.826713
vt 0.426894 0.850029
vt 0.492188 0.845413
vt 0.562312 0.867653
vt 0.464422 0.866198
vt 0.475406 0.863288
vt 0.583413 0.853652
vt 0.539551 0.870605
vt 0.554498 0.867188
vt 0.578045 0.866974
vt 0.558043 0.871094
vt 0.567804 0.871094
vt 0.500000 0.875000
vt 0.492803 0.878291
vt 0.585938 0.871094
vt 0.590680 0.871930
vt 0.598575 0.875000
vt 0.605469 0.875000
vt 0.488281 0.878906
vt 0.610223 0.879147
vt 0.375597 0.878906
vt 0.465384 0.886178
vt 0.469806 0.885663
vt 0.618923 0.882812
vt 0.485526 0.882813
vt 0.522273 0.894185
vt 0.622188 0.890452
vt 0.421875 0.902344
vt 0.441406 0.898438
vt 0.417981 0.906229
vt 0.414063 0.906250
vt 0.406631 0.906250
vt 0.421875 0.906250
vt 0.383024 0.906823
vt 0.386719 0.906250
vt 0.387717 0.911189
vt 0.391856 0.906250
vt 0.394531 0.910156
vt 0.398366 0.910156
vt 0.394531 0.914063
vt 0.406250 0.910156
vt 0.398438 0.917969
vt 0.394531 0.919715
vt 0.394531 0.925781
vt 0.394531 0.929688
vt 0.386719 0.933366
vt 0.439855 0.922174
vt 0.382812 0.941406
vt 0.386719 0.941406
vt 0.625000 0.794348
vt 0.375000 0.898844
vt 0.378906 0.902344
vt 0.378906 0.898438
vt 0.402344 0.023438
vt 0.405746 0.031071
vt 0.417969 0.050781
vt 0.417969 0.054688
vt 0.421875 0.058594
vt 0.421320 0.054133
vt 0.425922 0.066547
vt 0.423640 0.060813
vt 0.433594 0.082031
vt 0.615062 0.085996
vt 0.598952 0.089983
vt 0.606031 0.085938
vt 0.605836 0.090460
vt 0.613240 0.089869
vt 0.437500 0.093750
vt 0.597586 0.093750
vt 0.581555 0.093639
vt 0.545250 0.097656
vt 0.530903 0.097656
vt 0.406946 0.027802
vt 0.813123 0.748496
vt 0.847235 0.711793
vt 0.870728 0.678191
vt 0.433594 0.097656
vt 0.433594 0.101562
vt 0.429688 0.104603
vt 0.424921 0.108032
vt 0.433594 0.105469
vt 0.429688 0.109375
vt 0.421875 0.113281
vt 0.425781 0.113281
vt 0.390625 0.124980
vt 0.414063 0.121094
vt 0.409931 0.125313
vt 0.378531 0.124724
vt 0.414062 0.125000
vt 0.409919 0.129016
vt 0.757813 0.500000
vt 0.624858 0.363281
vt 0.622168 0.352578
vt 0.607390 0.355604
vt 0.601376 0.351562
vt 0.597656 0.351563
vt 0.593910 0.347656
vt 0.589844 0.347656
vt 0.589844 0.343750
vt 0.578636 0.339830
vt 0.550786 0.327771
vt 0.507543 0.316406
vt 0.484562 0.304584
vt 0.472994 0.272753
vt 0.468143 0.261683
vt 0.465451 0.250924
vt 0.460938 0.250740
vt 0.460937 0.246094
vt 0.453410 0.230494
vt 0.375000 0.128906
vt 0.375879 0.049669
vt 0.285156 0.504467
vt 0.289062 0.503906
vt 0.289063 0.507813
vt 0.268985 0.507027
vt 0.285074 0.499993
vt 0.281250 0.519342
vt 0.300781 0.515500
vt 0.304688 0.515493
vt 0.312500 0.519358
vt 0.316406 0.519531
vt 0.273438 0.530539
vt 0.281250 0.523438
vt 0.321576 0.523514
vt 0.324219 0.523438
vt 0.329118 0.523438
vt 0.277344 0.527344
vt 0.326388 0.527341
vt 0.332154 0.527985
vt 0.277344 0.531250
vt 0.334937 0.527344
vt 0.339844 0.535415
vt 0.343750 0.539390
vt 0.351563 0.546875
vt 0.355469 0.550781
vt 0.359375 0.558594
vt 0.254363 0.574012
vt 0.275013 0.579716
vt 0.371094 0.590456
vt 0.371094 0.617188
vt 0.347656 0.628906
vt 0.313148 0.639977
vt 0.335938 0.632813
vt 0.328489 0.636355
vt 0.347238 0.632812
vt 0.339844 0.632812
vt 0.153973 0.638702
vt 0.164063 0.640625
vt 0.167969 0.640625
vt 0.171861 0.640625
vt 0.191030 0.640625
vt 0.228038 0.640707
vt 0.246094 0.640625
vt 0.305428 0.644016
vt 0.169010 0.643267
vt 0.171875 0.644531
vt 0.177065 0.644531
vt 0.198647 0.644531
vt 0.253696 0.645394
vt 0.250000 0.640625
vt 0.257813 0.648438
vt 0.300781 0.648438
vt 0.221455 0.659018
vt 0.277344 0.656250
vt 0.292986 0.662065
vt 0.175781 0.680992
vt 0.265587 0.680855
vt 0.273438 0.675781
vt 0.187019 0.683009
vt 0.263171 0.686931
vt 0.265625 0.687500
vt 0.298066 0.692360
vt 0.324860 0.703296
vt 0.259307 0.694731
vt 0.261719 0.695312
vt 0.175781 0.697433
vt 0.246094 0.726563
vt 0.238281 0.730469
vt 0.238281 0.734375
vt 0.272330 0.743931
vt 0.238281 0.738281
vt 0.298670 0.743673
vt 0.281608 0.746997
vt 0.338483 0.748605
vt 0.131598 0.748703
vt 0.226624 0.749532
vt 0.230469 0.746094
vt 0.375000 0.617188
vt 0.371094 0.750000
vt 0.263564 0.750000
vt 0.230469 0.750000
vt 0.179688 0.750000
vt 0.175609 0.752917
vt 0.125000 0.716022
vt 0.125000 0.625000
vt 0.492188 0.503906
vt 0.557150 0.502592
vt 0.513478 0.513524
vt 0.484375 0.515731
vt 0.484992 0.519531
vt 0.493434 0.529349
vt 0.484375 0.523438
vt 0.480469 0.522084
vt 0.480879 0.527344
vt 0.514897 0.522606
vt 0.525903 0.522005
vt 0.435594 0.539591
vt 0.572862 0.558527
vt 0.498684 0.544650
vt 0.583407 0.558794
vt 0.595124 0.554733
vt 0.605044 0.554934
vt 0.593544 0.558628
vt 0.559437 0.562500
vt 0.566406 0.562500
vt 0.472656 0.566406
vt 0.558594 0.566406
vt 0.437500 0.578125
vt 0.431047 0.585938
vt 0.415130 0.593750
vt 0.375801 0.590528
vt 0.407304 0.597656
vt 0.399451 0.601563
vt 0.488278 0.608525
vt 0.391505 0.605469
vt 0.386719 0.605469
vt 0.382812 0.625000
vt 0.387958 0.628906
vt 0.386719 0.625000
vt 0.390625 0.628906
vt 0.390625 0.632813
vt 0.397339 0.638992
vt 0.480133 0.639672
vt 0.402344 0.640625
vt 0.406250 0.640625
vt 0.406250 0.644531
vt 0.484285 0.642246
vt 0.410156 0.652344
vt 0.414062 0.652188
vt 0.414063 0.661445
vt 0.413845 0.667921
vt 0.417969 0.673303
vt 0.421875 0.675781
vt 0.496766 0.687061
vt 0.429687 0.691406
vt 0.433594 0.691406
vt 0.611174 0.696937
vt 0.429688 0.695313
vt 0.434073 0.699012
vt 0.437500 0.699219
vt 0.441406 0.707031
vt 0.445313 0.710938
vt 0.445313 0.714844
vt 0.449646 0.719892
vt 0.449219 0.714844
vt 0.453125 0.718750
vt 0.453125 0.722656
vt 0.454382 0.726562
vt 0.457031 0.730469
vt 0.461174 0.733847
vt 0.460938 0.730469
vt 0.464844 0.734375
vt 0.464844 0.738281
vt 0.469153 0.740562
vt 0.468750 0.738281
vt 0.496424 0.500063
vt 0.378906 0.613281
vt 0.464844 0.257812
vt 0.468750 0.265625
vt 0.468750 0.269531
vt 0.472656 0.277344
vt 0.472656 0.283161
vt 0.480469 0.300249
vt 0.484375 0.316406
vt 0.476563 0.320312
vt 0.480469 0.316406
vt 0.480716 0.320313
vt 0.503906 0.320313
vt 0.517370 0.320312
vt 0.472656 0.324219
vt 0.476563 0.324219
vt 0.535156 0.328125
vt 0.531250 0.328125
vt 0.550781 0.332031
vt 0.460938 0.335938
vt 0.559246 0.336589
vt 0.571403 0.339844
vt 0.566406 0.339844
vt 0.453125 0.343750
vt 0.578125 0.343750
vt 0.583270 0.343750
vt 0.450062 0.347656
vt 0.585938 0.347656
vt 0.593750 0.351563
vt 0.454895 0.362706
vt 0.601563 0.355387
vt 0.609375 0.359375
vt 0.614323 0.359375
vt 0.437685 0.359190
vt 0.617188 0.363281
vt 0.619940 0.367763
vt 0.421875 0.371094
vt 0.417969 0.375000
vt 0.410156 0.378906
vt 0.414063 0.378906
vt 0.410156 0.382813
vt 0.394531 0.390625
vt 0.406329 0.389875
vt 0.390625 0.398438
vt 0.622520 0.391459
vt 0.477862 0.444832
vt 0.486633 0.443905
vt 0.554796 0.466332
vt 0.554688 0.472656
vt 0.554867 0.468743
vt 0.622997 0.479180
vt 0.412597 0.488567
vt 0.523438 0.480469
vt 0.516438 0.483784
vt 0.527344 0.480469
vt 0.523438 0.484375
vt 0.527384 0.484377
vt 0.549161 0.487750
vt 0.553137 0.494528
vt 0.625000 0.367188
vt 0.625000 0.371094
vt 0.500000 0.500000
vt 0.375000 0.488736
vt 0.378906 0.406250
vt 0.375000 0.406250
vt 0.835938 0.683594
vt 0.832031 0.691406
vt 0.753906 0.695312
vt 0.757813 0.695313
vt 0.765625 0.707031
vt 0.740290 0.729037
vt 0.656872 0.744629
vt 0.753906 0.500000
vt 0.623067 0.809804
vt 0.623074 0.826112
vt 0.623076 0.841886
vt 0.404101 0.865424
vt 0.382901 0.863479
vt 0.593750 0.871094
vt 0.503906 0.875000
vt 0.437500 0.898438
vt 0.382813 0.902344
vt 0.386719 0.902344
vt 0.398438 0.914063
vt 0.625000 0.878906
vt 0.625000 0.882790
vt 0.375000 0.894531
vt 0.421875 0.117188
vt 0.417969 0.117188
vt 0.425781 0.117188
vt 0.417969 0.121094
vt 0.417969 0.125000
vt 0.375000 0.125000
vt 0.285156 0.523438
vt 0.257813 0.566406
vt 0.332031 0.636719
vt 0.320312 0.640625
vt 0.304745 0.648380
vt 0.242188 0.730469
vt 0.234375 0.738281
vt 0.234375 0.742188
vt 0.398438 0.636719
vt 0.402344 0.636719
vt 0.425781 0.675781
vt 0.433594 0.695313
vt 0.505781 0.696689
vt 0.445312 0.707031
vt 0.457031 0.726563
vt 0.464844 0.730469
vt 0.468750 0.734375
vt 0.468750 0.324219
vt 0.457031 0.339844
vt 0.421875 0.375000
vt 0.417969 0.378906
vt 0.625000 0.428684
s 0
usemtl Material
f 89/1/1 115/2/1 72/3/1
f 91/4/2 105/5/2 90/6/2
f 92/7/3 101/8/3 91/4/3
f 97/9/4 101/8/4 92/7/4
f 97/9/5 98/10/5 103/11/5
f 89/1/6 108/12/6 115/2/6
f 72/3/7 115/2/7 107/13/7
f 89/1/8 104/14/8 109/15/8
f 102/16/9 106/17/9 114/18/9
f 107/13/10 125/19/10 1325/20/10
f 113/21/11 118/22/11 112/23/11
f 116/24/12 126/25/12 115/2/12
f 116/24/13 117/26/13 127/27/13
f 108/12/14 109/15/14 117/26/14
f 120/28/15 114/18/15 124/29/15
f 123/30/16 129/31/16 122/32/16
f 117/26/17 150/33/17 149/34/17
f 121/35/18 145/36/18 131/37/18
f 136/38/19 173/39/19 145/36/19
f 137/40/20 165/41/20 136/38/20
f 138/42/21 146/43/21 137/40/21
f 139/44/22 146/43/22 138/42/22
f 145/36/23 154/45/23 144/46/23
f 147/47/24 156/48/24 139/44/24
f 150/33/25 161/49/25 160/50/25
f 154/45/26 164/51/26 153/52/26
f 158/53/27 166/54/27 157/55/27
f 140/56/28 148/57/28 207/58/28
f 163/59/29 171/60/29 151/61/29
f 165/41/30 194/62/30 173/39/30
f 94/63/31 95/64/31 99/65/31 98/10/31
f 143/66/32 176/67/32 162/68/32
f 154/45/33 179/69/33 172/70/33
f 155/71/34 180/72/34 165/41/34
f 179/69/35 185/73/35 178/74/35
f 156/48/36 187/75/36 180/72/36
f 166/54/37 187/75/37 156/48/37
f 182/76/38 200/77/38 215/78/38
f 170/79/39 192/80/39 191/81/39
f 154/45/40 193/82/40 185/73/40
f 165/41/41 196/83/41 194/62/41
f 180/72/42 196/83/42 165/41/42
f 190/84/43 197/85/43 189/86/43
f 190/84/44 199/87/44 198/88/44
f 184/89/45 208/90/45 201/91/45
f 194/62/46 202/92/46 186/93/46
f 167/94/47 203/95/47 166/54/47
f 188/96/48 203/95/48 167/94/48
f 188/96/49 197/85/49 203/95/49
f 193/82/50 209/97/50 192/80/50
f 197/85/51 204/98/51 203/95/51
f 206/99/52 210/100/52 205/101/52
f 51/102/53 236/103/53 1372/104/53
f 201/91/54 208/90/54 211/105/54
f 191/81/55 209/97/55 216/106/55
f 195/107/56 202/92/56 194/62/56
f 187/75/57 217/108/57 180/72/57
f 199/87/58 225/109/58 214/110/58
f 208/90/59 216/106/59 226/111/59
f 212/112/60 227/113/60 193/82/60
f 1372/104/61 236/103/61 263/114/61
f 207/58/62 245/115/62 236/103/62
f 215/78/63 219/116/63 245/115/63
f 211/105/64 226/111/64 239/117/64
f 227/113/65 231/118/65 209/97/65
f 232/119/66 237/120/66 227/113/66
f 219/116/67 239/117/67 256/121/67
f 226/111/68 246/122/68 239/117/68
f 237/120/69 240/123/69 231/118/69
f 223/124/70 243/125/70 222/126/70
f 238/127/71 244/128/71 234/129/71
f 226/111/72 240/123/72 246/122/72
f 228/130/73 259/131/73 220/132/73
f 232/119/74 249/133/74 237/120/74
f 220/132/75 259/131/75 232/119/75
f 233/134/76 251/135/76 243/125/76
f 236/103/77 252/136/77 264/137/77
f 245/115/78 248/138/78 252/136/78
f 240/123/79 249/133/79 253/139/79
f 249/133/80 258/140/80 257/141/80
f 254/142/81 260/143/81 241/144/81
f 236/103/82 264/137/82 263/114/82
f 258/140/83 265/145/83 257/141/83
f 247/146/84 260/143/84 266/147/84
f 261/148/85 267/149/85 251/135/85
f 255/150/86 268/151/86 262/152/86
f 248/138/87 281/153/87 280/154/87
f 246/122/88 283/155/88 274/156/88
f 258/140/89 250/157/89 269/158/89
f 259/131/90 266/147/90 277/159/90
f 254/142/91 271/160/91 270/161/91
f 268/151/92 272/162/92 261/148/92
f 269/158/93 250/157/93 276/163/93
f 266/147/94 295/164/94 277/159/94
f 260/143/95 270/161/95 295/164/95
f 274/156/96 283/155/96 290/165/96
f 276/163/97 283/155/97 275/166/97
f 250/157/98 285/167/98 284/168/98
f 270/161/99 287/169/99 286/170/99
f 271/160/100 288/171/100 287/169/100
f 267/149/101 288/171/101 271/160/101
f 279/172/102 301/173/102 297/174/102
f 274/156/103 290/165/103 289/175/103
f 276/163/104 284/168/104 291/176/104
f 284/168/105 298/177/105 294/178/105
f 272/162/106 296/179/106 267/149/106
f 277/159/107 295/164/107 305/180/107
f 292/181/108 296/179/108 272/162/108
f 280/154/109 318/182/109 317/183/109
f 281/153/110 282/184/110 318/182/110
f 295/164/111 315/185/111 305/180/111
f 296/179/112 306/186/112 267/149/112
f 300/187/113 307/188/113 292/181/113
f 279/172/114 297/174/114 52/189/114
f 289/175/115 323/190/115 302/191/115
f 303/192/116 304/193/116 309/194/116
f 315/185/117 286/170/117 325/195/117
f 288/171/118 310/196/118 320/197/118
f 309/194/119 304/193/119 312/198/119
f 290/165/120 311/199/120 324/200/120
f 286/170/121 320/197/121 325/195/121
f 307/188/122 308/201/122 326/202/122
f 300/187/123 65/203/123 327/204/123
f 302/191/124 323/190/124 322/205/124
f 307/188/125 332/206/125 306/186/125
f 316/207/126 335/208/126 297/174/126
f 65/203/127 340/209/127 334/210/127
f 324/200/128 337/211/128 323/190/128
f 332/206/129 347/212/129 306/186/129
f 325/195/130 345/213/130 344/214/130
f 325/195/131 346/215/131 345/213/131
f 320/197/132 347/212/132 346/215/132
f 310/196/133 347/212/133 320/197/133
f 335/208/134 1566/216/134 52/189/134
f 337/211/135 350/217/135 323/190/135
f 328/218/136 337/211/136 324/200/136
f 344/214/137 345/213/137 330/219/137
f 349/220/138 354/221/138 348/222/138
f 321/223/139 362/224/139 301/173/139
f 346/215/140 368/225/140 376/226/140
f 354/221/141 361/227/141 353/228/141
f 355/229/142 425/230/142 349/220/142
f 336/231/143 363/232/143 317/183/143
f 341/233/144 364/234/144 336/231/144
f 345/213/145 376/226/145 367/235/145
f 361/227/146 372/236/146 360/237/146
f 362/224/147 35/238/147 316/207/147
f 328/218/148 373/239/148 337/211/148
f 356/240/149 374/241/149 328/218/149
f 367/235/150 376/226/150 390/242/150
f 369/243/151 378/244/151 377/245/151
f 372/236/152 394/246/152 371/247/152
f 335/208/153 53/248/153 1566/216/153
f 350/217/154 380/249/154 341/233/154
f 368/225/155 385/250/155 376/226/155
f 377/245/156 386/251/156 385/250/156
f 378/244/157 387/252/157 377/245/157
f 390/242/158 410/253/158 389/254/158
f 376/226/159 384/255/159 390/242/159
f 376/226/160 391/256/160 384/255/160
f 385/250/161 392/257/161 391/256/161
f 387/252/162 401/258/162 386/251/162
f 316/207/163 53/248/163 335/208/163
f 364/234/164 395/259/164 363/232/164
f 373/239/165 396/260/165 337/211/165
f 389/254/166 398/261/166 397/262/166
f 390/242/167 399/263/167 410/253/167
f 392/257/168 400/264/168 391/256/168
f 380/249/169 402/265/169 364/234/169
f 381/266/170 405/267/170 374/241/170
f 410/253/171 409/268/171 408/269/171
f 399/263/172 411/270/172 410/253/172
f 399/263/173 412/271/173 411/270/173
f 399/263/174 420/272/174 412/271/174
f 35/238/175 482/273/175 316/207/175
f 406/274/176 405/267/176 381/266/176
f 409/268/177 418/275/177 417/276/177
f 414/277/178 437/278/178 413/279/178
f 394/246/179 453/280/179 401/258/179
f 396/260/180 421/281/180 380/249/180
f 420/272/181 436/282/181 419/283/181
f 395/259/182 426/284/182 321/223/182
f 402/265/183 427/285/183 395/259/183
f 422/286/184 421/281/184 396/260/184
f 403/287/185 422/286/185 396/260/185
f 428/288/186 433/289/186 405/267/186
f 421/281/187 438/290/187 402/265/187
f 422/286/188 439/291/188 421/281/188
f 434/292/189 433/289/189 428/288/189
f 436/282/190 447/293/190 435/294/190
f 437/278/191 444/295/191 436/282/191
f 439/291/192 438/290/192 421/281/192
f 447/293/193 443/296/193 440/297/193
f 424/298/194 444/295/194 437/278/194
f 431/299/195 441/300/195 422/286/195
f 442/301/196 450/302/196 433/289/196
f 436/282/197 452/303/197 447/293/197
f 444/295/198 452/303/198 436/282/198
f 438/290/199 448/304/199 430/305/199
f 439/291/200 456/306/200 438/290/200
f 448/304/201 36/307/201 427/285/201
f 452/303/202 457/308/202 451/309/202
f 453/280/203 46/310/203 444/295/203
f 450/302/204 40/311/204 449/312/204
f 444/295/205 45/313/205 44/314/205
f 107/13/206 96/315/206 1915/316/206
f 90/6/207 89/1/207 71/317/207
f 93/318/208 92/7/208 69/319/208
f 42/320/209 41/321/209 450/302/209
f 456/306/210 37/322/210 448/304/210
f 316/207/211 1639/323/211 53/248/211
f 1393/324/212 263/114/212 279/172/212
f 140/56/213 207/58/213 50/325/213
f 125/19/214 49/326/214 1325/20/214
f 31/327/215 460/328/215 32/329/215
f 464/330/216 476/331/216 463/332/216
f 465/333/217 477/334/217 464/330/217
f 465/333/218 469/335/218 477/334/218
f 466/336/219 471/337/219 470/338/219
f 466/336/220 467/339/220 471/337/220
f 460/328/221 473/340/221 32/329/221
f 460/328/222 474/341/222 473/340/222
f 30/342/223 461/343/223 474/341/223
f 498/344/224 475/345/224 462/346/224
f 471/337/225 481/347/225 480/348/225
f 468/349/226 483/350/226 488/351/226
f 32/329/227 473/340/227 489/352/227
f 482/273/228 487/353/228 481/347/228
f 473/340/229 474/341/229 490/354/229
f 480/348/230 485/355/230 504/356/230
f 486/357/231 494/358/231 493/359/231
f 486/357/232 501/360/232 494/358/232
f 487/353/233 501/360/233 486/357/233
f 35/361/234 487/353/234 482/273/234
f 459/362/235 495/363/235 63/364/235
f 472/365/236 496/366/236 495/363/236
f 488/351/237 510/367/237 519/368/237
f 489/352/238 490/354/238 510/367/238
f 474/341/239 497/369/239 503/370/239
f 477/334/240 504/356/240 513/371/240
f 496/366/241 519/368/241 527/372/241
f 487/353/242 455/373/242 518/374/242
f 490/354/243 520/375/243 510/367/243
f 502/376/244 520/375/244 490/354/244
f 511/377/245 528/378/245 497/369/245
f 501/360/246 524/379/246 517/380/246
f 495/363/247 526/381/247 525/382/247
f 495/363/248 527/372/248 526/381/248
f 520/375/249 509/383/249 510/367/249
f 514/384/250 537/385/250 513/371/250
f 518/374/251 540/386/251 501/360/251
f 509/383/252 533/387/252 519/368/252
f 502/376/253 534/388/253 520/375/253
f 527/372/254 532/389/254 558/390/254
f 520/375/255 541/391/255 509/383/255
f 535/392/256 521/393/256 543/394/256
f 528/378/257 529/395/257 552/396/257
f 537/385/258 544/397/258 530/398/258
f 538/399/259 554/400/259 537/385/259
f 533/387/260 548/401/260 532/389/260
f 534/388/261 549/402/261 520/375/261
f 521/393/262 536/403/262 551/404/262
f 544/397/263 553/405/263 530/398/263
f 540/386/264 557/406/264 539/407/264
f 541/391/265 563/408/265 533/387/265
f 534/388/266 550/409/266 569/410/266
f 556/411/267 561/412/267 546/413/267
f 547/414/268 568/415/268 540/386/268
f 569/410/269 564/416/269 534/388/269
f 552/396/270 576/417/270 570/418/270
f 525/382/271 558/390/271 62/419/271
f 564/416/272 574/420/272 549/402/272
f 571/421/273 576/417/273 553/405/273
f 573/422/274 562/423/274 563/408/274
f 570/418/275 576/417/275 581/424/275
f 567/425/276 591/426/276 582/427/276
f 574/420/277 586/428/277 573/422/277
f 592/429/278 587/430/278 574/420/278
f 579/431/279 588/432/279 569/410/279
f 577/433/280 596/434/280 566/435/280
f 558/390/281 584/436/281 609/437/281
f 581/424/282 593/438/282 589/439/282
f 581/424/283 590/440/283 593/438/283
f 572/441/284 604/442/284 571/421/284
f 573/422/285 599/443/285 562/423/285
f 586/428/286 600/444/286 573/422/286
f 587/430/287 601/445/287 586/428/287
f 562/423/288 610/446/288 578/447/288
f 599/443/289 610/446/289 562/423/289
f 603/448/290 625/449/290 576/417/290
f 597/450/291 616/451/291 607/452/291
f 597/450/292 598/453/292 616/451/292
f 587/430/293 611/454/293 617/455/293
f 602/456/294 613/457/294 588/432/294
f 607/452/295 619/458/295 606/459/295
f 610/446/296 622/460/296 585/461/296
f 596/434/297 628/462/297 595/463/297
f 584/436/298 621/464/298 609/437/298
f 617/455/299 624/465/299 600/444/299
f 607/452/300 643/466/300 619/458/300
f 1273/467/301 626/468/301 61/469/301
f 625/449/302 613/457/302 618/470/302
f 619/458/303 641/471/303 628/462/303
f 625/449/304 633/472/304 613/457/304
f 604/442/305 634/473/305 603/448/305
f 616/451/306 620/474/306 636/475/306
f 633/472/307 612/476/307 613/457/307
f 594/477/308 635/478/308 604/442/308
f 628/462/309 635/478/309 594/477/309
f 624/465/310 644/479/310 638/480/310
f 631/481/311 644/479/311 624/465/311
f 633/472/312 639/482/312 612/476/312
f 640/483/313 639/482/313 633/472/313
f 636/475/314 654/484/314 653/485/314
f 639/482/315 656/486/315 612/476/315
f 640/483/316 645/487/316 639/482/316
f 640/483/317 634/473/317 645/487/317
f 643/466/318 649/488/318 648/489/318
f 636/475/319 652/490/319 651/491/319
f 630/492/320 667/493/320 654/484/320
f 630/492/321 40/494/321 667/493/321
f 646/495/322 657/496/322 634/473/322
f 653/485/323 666/497/323 665/498/323
f 654/484/324 667/493/324 666/497/324
f 644/479/325 682/499/325 655/500/325
f 657/496/326 673/501/326 672/502/326
f 658/503/327 675/504/327 674/505/327
f 667/493/328 680/506/328 679/507/328
f 667/493/329 41/508/329 680/506/329
f 655/500/330 681/509/330 59/510/330
f 673/501/331 702/511/331 672/502/331
f 674/505/332 702/511/332 673/501/332
f 660/512/333 703/513/333 702/511/333
f 680/506/334 41/508/334 691/514/334
f 683/515/335 693/516/335 669/517/335
f 687/518/336 701/519/336 686/520/336
f 702/511/337 701/519/337 687/518/337
f 688/521/338 689/522/338 703/513/338
f 682/499/339 705/523/339 681/509/339
f 692/524/340 696/525/340 668/526/340
f 681/509/341 711/527/341 1272/528/341
f 696/525/342 706/529/342 668/526/342
f 700/530/343 709/531/343 699/532/343
f 701/519/344 716/533/344 700/530/344
f 689/522/345 704/534/345 710/535/345
f 705/523/346 713/536/346 712/537/346
f 706/529/347 715/538/347 714/539/347
f 707/540/348 726/541/348 692/524/348
f 709/531/349 742/542/349 708/543/349
f 711/527/350 731/544/350 720/545/350
f 704/534/351 45/546/351 727/547/351
f 721/548/352 732/549/352 731/544/352
f 723/550/353 735/551/353 722/552/353
f 735/551/354 755/553/354 734/554/354
f 710/535/355 748/555/355 718/556/355
f 718/556/356 748/555/356 48/557/356
f 742/542/357 761/558/357 755/553/357
f 752/559/358 756/560/358 751/561/358
f 755/553/359 759/562/359 752/559/359
f 748/555/360 47/563/360 48/557/360
f 757/564/361 1275/565/361 56/566/361
f 759/562/362 764/567/362 756/560/362
f 764/567/363 765/568/363 763/569/363
f 764/567/364 769/570/364 765/568/364
f 55/571/365 769/570/365 773/572/365
f 759/562/366 771/573/366 769/570/366
f 770/574/367 771/573/367 759/562/367
f 773/572/368 771/573/368 54/575/368
f 54/575/369 771/573/369 776/576/369
f 772/577/370 22/578/370 774/579/370
f 775/580/371 23/581/371 772/577/371
f 774/579/372 776/576/372 771/573/372
f 22/578/373 778/582/373 774/579/373
f 778/582/374 779/583/374 776/576/374
f 777/584/375 24/585/375 23/581/375
f 463/332/376 462/346/376 28/586/376
f 39/587/377 40/494/377 630/492/377
f 46/588/378 453/589/378 748/555/378
f 508/590/379 525/382/379 1270/591/379
f 22/592/380 23/593/380 780/594/380
f 23/593/381 781/595/381 780/594/381
f 23/593/382 24/596/382 782/597/382
f 24/596/383 783/598/383 782/597/383
f 776/599/384 781/595/384 6/600/384
f 781/595/385 783/598/385 6/600/385
f 787/601/386 788/602/386 789/603/386
f 791/604/387 795/605/387 792/606/387
f 789/603/388 792/606/388 793/607/388
f 790/608/389 797/609/389 4/610/389
f 793/607/390 798/611/390 797/609/390
f 792/606/391 801/612/391 798/611/391
f 798/611/392 803/613/392 804/614/392
f 797/609/393 804/614/393 806/615/393
f 807/616/394 836/617/394 810/618/394
f 805/619/395 812/620/395 804/614/395
f 809/621/396 811/622/396 806/615/396
f 816/623/397 826/624/397 820/625/397
f 817/626/398 829/627/398 821/628/398
f 826/624/399 835/629/399 834/630/399
f 827/631/400 843/632/400 842/633/400
f 824/634/401 855/635/401 809/621/401
f 835/629/402 846/636/402 834/630/402
f 837/637/403 868/638/403 847/639/403
f 838/640/404 848/641/404 868/638/404
f 838/640/405 849/642/405 848/641/405
f 842/633/406 843/632/406 852/643/406
f 846/636/407 860/644/407 845/645/407
f 849/642/408 861/646/408 848/641/408
f 839/647/409 854/648/409 849/642/409
f 850/649/410 854/648/410 839/647/410
f 851/650/411 852/643/411 850/649/411
f 831/651/412 869/652/412 1085/653/412
f 877/654/413 869/652/413 831/651/413
f 873/655/414 882/656/414 872/657/414
f 863/658/415 879/659/415 878/660/415
f 882/656/416 883/661/416 881/662/416
f 873/655/417 885/663/417 882/656/417
f 882/656/418 884/664/418 883/661/418
f 888/665/419 892/666/419 890/667/419
f 884/664/420 886/668/420 888/665/420
f 887/669/421 888/665/421 886/668/421
f 889/670/422 891/671/422 887/669/422
f 889/670/423 892/666/423 891/671/423
f 894/672/424 896/673/424 893/674/424
f 895/675/425 896/673/425 899/676/425
f 896/673/426 897/677/426 899/676/426
f 895/675/427 899/676/427 902/678/427
f 898/679/428 899/676/428 897/677/428
f 900/680/429 901/681/429 898/679/429
f 900/680/430 902/678/430 901/681/430
f 905/682/431 906/683/431 903/684/431
f 904/685/432 907/686/432 905/682/432
f 908/687/433 909/688/433 907/686/433
f 910/689/434 912/690/434 911/691/434
f 914/692/435 915/693/435 913/694/435
f 919/695/436 918/696/436 917/697/436
f 919/695/437 921/698/437 920/699/437
f 778/700/438 22/592/438 779/701/438
f 340/702/439 65/703/439 815/704/439
f 1085/653/440 869/652/440 2/705/440
f 4/610/441 806/615/441 3/706/441
f 9/707/442 8/708/442 927/709/442
f 926/710/443 929/711/443 7/712/443
f 929/711/444 933/713/444 932/714/444
f 929/711/445 934/715/445 933/713/445
f 926/710/446 934/715/446 929/711/446
f 931/716/447 938/717/447 937/718/447
f 934/715/448 942/719/448 941/720/448
f 930/721/449 937/718/449 943/722/449
f 934/715/450 954/723/450 946/724/450
f 934/715/451 88/725/451 954/723/451
f 926/710/452 88/725/452 934/715/452
f 956/726/453 957/727/453 965/728/453
f 950/729/454 970/730/454 957/727/454
f 954/723/455 974/731/455 964/732/455
f 964/732/456 974/731/456 967/733/456
f 965/728/457 968/734/457 961/735/457
f 957/727/458 969/736/458 965/728/458
f 957/727/459 970/730/459 977/737/459
f 965/728/460 976/738/460 968/734/460
f 963/739/461 982/740/461 981/741/461
f 973/742/462 978/743/462 972/744/462
f 980/745/463 985/746/463 975/747/463
f 976/738/464 986/748/464 980/745/464
f 984/749/465 87/750/465 989/751/465
f 985/746/466 995/752/466 979/753/466
f 986/748/467 990/754/467 985/746/467
f 969/736/468 991/755/468 976/738/468
f 977/737/469 991/755/469 969/736/469
f 970/730/470 992/756/470 977/737/470
f 993/757/471 992/756/471 970/730/471
f 991/755/472 997/758/472 986/748/472
f 981/741/473 1003/759/473 993/757/473
f 982/740/474 998/760/474 981/741/474
f 989/751/475 87/750/475 1000/761/475
f 995/752/476 996/762/476 1001/763/476
f 994/764/477 1009/765/477 987/766/477
f 997/758/478 1007/767/478 1027/768/478
f 1011/769/479 1016/770/479 1005/771/479
f 1003/759/480 1015/772/480 1002/773/480
f 1008/774/481 1021/775/481 998/760/481
f 1013/776/482 1029/777/482 1010/778/482
f 1015/772/483 1019/779/483 1012/780/483
f 1013/776/484 85/781/484 1022/782/484
f 1016/770/485 1017/783/485 1023/784/485
f 1004/785/486 1028/786/486 1009/765/486
f 1021/775/487 1026/787/487 1020/788/487
f 1024/789/488 1040/790/488 1022/782/488
f 1008/774/489 1026/787/489 1021/775/489
f 1023/784/490 1027/768/490 1031/791/490
f 1027/768/491 1025/792/491 1037/793/491
f 1026/787/492 1034/794/492 1020/788/492
f 1032/795/493 1031/791/493 1033/796/493
f 1033/796/494 1048/797/494 1032/795/494
f 1019/779/495 1038/798/495 1025/792/495
f 1034/794/496 1039/799/496 1015/772/496
f 1035/800/497 1043/801/497 1026/787/497
f 1036/802/498 1046/803/498 1040/790/498
f 1033/796/499 1037/793/499 1041/804/499
f 1025/792/500 1038/798/500 1042/805/500
f 1028/786/501 1044/806/501 1035/800/501
f 1040/790/502 1044/806/502 1028/786/502
f 1033/796/503 1067/807/503 1048/797/503
f 1035/800/504 1055/808/504 1043/801/504
f 1041/804/505 1077/809/505 1033/796/505
f 1043/801/506 1054/810/506 1034/794/506
f 1044/806/507 1055/808/507 1035/800/507
f 1046/803/508 1062/811/508 1068/812/508
f 81/813/509 1049/814/509 82/815/509
f 890/816/510 1051/817/510 1059/818/510
f 1041/804/511 1053/819/511 1060/820/511
f 1040/790/512 1081/821/512 1044/806/512
f 1056/822/513 1063/823/513 1046/803/513
f 1058/824/514 1064/825/514 1057/826/514
f 1059/818/515 1065/827/515 2/828/515
f 1052/829/516 1076/830/516 1047/831/516
f 1066/832/517 1075/833/517 1074/834/517
f 1066/832/518 1076/830/518 1075/833/518
f 1053/819/519 1094/835/519 1060/820/519
f 1053/819/520 1078/836/520 1094/835/520
f 1042/805/521 1079/837/521 1078/836/521
f 1054/810/522 1080/838/522 1061/839/522
f 1064/825/523 1099/840/523 1070/841/523
f 1071/842/524 1072/843/524 1085/844/524
f 1075/833/525 1089/845/525 1088/846/525
f 1077/809/526 1092/847/526 1091/848/526
f 1060/820/527 1094/835/527 1093/849/527
f 1081/821/528 1095/850/528 1115/851/528
f 1073/852/529 1086/853/529 1134/854/529
f 1076/830/530 1104/855/530 1089/845/530
f 1090/856/531 1106/857/531 1076/830/531
f 1091/848/532 1108/858/532 1090/856/532
f 1078/836/533 1127/859/533 1112/860/533
f 1099/840/534 1132/861/534 1098/862/534
f 79/863/535 1133/864/535 1099/840/535
f 1107/865/536 1108/858/536 1161/866/536
f 1112/860/537 1127/859/537 1126/867/537
f 1118/868/538 1132/861/538 1117/869/538
f 1086/853/539 1100/870/539 1159/871/539
f 1123/872/540 1135/873/540 1122/874/540
f 1113/875/541 1139/876/541 1079/837/541
f 1130/877/542 1152/878/542 1129/879/542
f 1132/861/543 1167/880/543 1131/881/543
f 1133/864/544 1158/882/544 1132/861/544
f 1137/883/545 1145/884/545 1163/885/545
f 1138/886/546 1147/887/546 1146/888/546
f 1138/886/547 1148/889/547 1147/887/547
f 1139/876/548 1150/890/548 1149/891/548
f 1146/888/549 1154/892/549 1164/893/549
f 1150/890/550 1166/894/550 1149/891/550
f 1151/895/551 1166/894/551 1150/890/551
f 1135/873/552 1160/896/552 1142/897/552
f 1144/898/553 1163/885/553 1162/899/553
f 1157/900/554 1166/894/554 1156/901/554
f 78/902/555 1168/903/555 1158/882/555
f 78/902/556 77/904/556 1168/903/556
f 1085/844/557 1134/854/557 3/905/557
f 1153/906/558 1170/907/558 1135/873/558
f 1161/866/559 1176/908/559 1153/906/559
f 1166/894/560 1171/909/560 1165/910/560
f 1158/882/561 1180/911/561 1167/880/561
f 1166/894/562 1179/912/562 1171/909/562
f 1167/880/563 1180/911/563 1194/913/563
f 1163/885/564 1178/914/564 1186/915/564
f 1173/916/565 1190/917/565 1180/911/565
f 1161/866/566 1185/918/566 1176/908/566
f 1177/919/567 1185/918/567 1161/866/567
f 1180/911/568 1207/920/568 1194/913/568
f 1162/899/569 1186/915/569 1192/921/569
f 1169/922/570 1195/923/570 1174/924/570
f 1184/925/571 1195/923/571 1169/922/571
f 1177/919/572 1192/921/572 1185/918/572
f 1189/926/573 1193/927/573 1188/928/573
f 1192/921/574 1196/929/574 1185/918/574
f 1189/926/575 1206/930/575 1193/927/575
f 1183/931/576 1200/932/576 1190/917/576
f 1181/933/577 1201/934/577 1183/931/577
f 1202/935/578 75/936/578 1213/937/578
f 1195/923/579 5/938/579 4/939/579
f 1198/940/580 1215/941/580 1197/942/580
f 1212/943/581 1220/944/581 1201/934/581
f 1215/941/582 1229/945/582 1197/942/582
f 1217/946/583 1224/947/583 1216/948/583
f 1220/944/584 1241/949/584 1201/934/584
f 1214/950/585 1227/951/585 1221/952/585
f 1204/953/586 1238/954/586 1228/955/586
f 1224/947/587 1231/956/587 1223/957/587
f 1209/958/588 1234/959/588 1208/960/588
f 1229/945/589 1234/959/589 1209/958/589
f 1231/956/590 1235/961/590 1222/962/590
f 1221/952/591 1233/963/591 5/938/591
f 1224/947/592 1240/964/592 1235/961/592
f 1232/965/593 1244/966/593 1225/967/593
f 1236/968/594 1251/969/594 1219/970/594
f 1228/955/595 1238/954/595 1256/971/595
f 1230/972/596 1242/973/596 1215/941/596
f 1240/964/597 1243/974/597 1230/972/597
f 1220/944/598 1252/975/598 1241/949/598
f 1244/966/599 1266/976/599 1250/977/599
f 1212/943/600 63/978/600 1220/944/600
f 1234/959/601 1257/979/601 1238/954/601
f 1248/980/602 1253/981/602 1239/982/602
f 1250/977/603 1261/983/603 1249/984/603
f 1251/969/604 1255/985/604 1244/966/604
f 1236/968/605 1262/986/605 1251/969/605
f 1247/987/606 1258/988/606 1229/945/606
f 1237/989/607 64/990/607 1212/943/607
f 1238/954/608 1263/991/608 1267/992/608
f 1238/954/609 1257/979/609 1263/991/609
f 1261/983/610 1272/993/610 1265/994/610
f 1252/975/611 1270/995/611 1245/996/611
f 1267/992/612 54/997/612 1246/998/612
f 1250/977/613 59/999/613 1261/983/613
f 1257/979/614 56/1000/614 1263/991/614
f 83/1001/615 82/815/615 1036/802/615
f 1058/824/616 1454/1002/616 1064/825/616
f 1064/825/617 79/863/617 1099/840/617
f 1213/937/618 74/1003/618 1237/989/618
f 1270/995/619 525/1004/619 1274/1005/619
f 1272/993/620 711/1006/620 1277/1007/620
f 1263/991/621 56/1000/621 1275/1008/621
f 20/1009/622 1286/1010/622 21/1011/622
f 19/1012/623 1278/1013/623 1286/1010/623
f 1281/1014/624 1282/1015/624 1288/1016/624
f 1284/1017/625 1296/1018/625 15/1019/625
f 1292/1020/626 1301/1021/626 926/710/626
f 1284/1017/627 1297/1022/627 1296/1018/627
f 1289/1023/628 1297/1022/628 1284/1017/628
f 1286/1010/629 1298/1024/629 1301/1021/629
f 1278/1013/630 1298/1024/630 1286/1010/630
f 1287/1025/631 1294/1026/631 1299/1027/631
f 1290/1028/632 1300/1029/632 1289/1023/632
f 1291/1030/633 1311/1031/633 1285/1032/633
f 1301/1021/634 1312/1033/634 1317/1034/634
f 1298/1024/635 1306/1035/635 1312/1033/635
f 1300/1029/636 1309/1036/636 1305/1037/636
f 1305/1037/637 1319/1038/637 1297/1022/637
f 1309/1036/638 1315/1039/638 1305/1037/638
f 1310/1040/639 1316/1041/639 1290/1028/639
f 1325/20/640 1320/1042/640 1311/1031/640
f 88/725/641 1317/1034/641 1326/1043/641
f 1330/1044/642 1319/1038/642 1333/1045/642
f 1317/1034/643 1329/1046/643 1326/1043/643
f 1313/1047/644 1322/1048/644 1327/1049/644
f 1320/1042/645 1348/1050/645 1316/1041/645
f 1325/20/646 1328/1051/646 1320/1042/646
f 1322/1048/647 1342/1052/647 1332/1053/647
f 1333/1045/648 1319/1038/648 1352/1054/648
f 1324/1055/649 1331/1056/649 1309/1036/649
f 1320/1042/650 1344/1057/650 1348/1050/650
f 1328/1051/651 1336/1058/651 1320/1042/651
f 1332/1053/652 1341/1059/652 1340/1060/652
f 1316/1041/653 1343/1061/653 1324/1055/653
f 1348/1050/654 1343/1061/654 1316/1041/654
f 1337/1062/655 50/325/655 51/102/655
f 1339/1063/656 1340/1060/656 1351/1064/656
f 1338/1065/657 1361/1066/657 87/750/657
f 1338/1065/658 1362/1067/658 1361/1066/658
f 1340/1060/659 1364/1068/659 1351/1064/659
f 1340/1060/660 1341/1059/660 1364/1068/660
f 1342/1052/661 1345/1069/661 1400/1070/661
f 1331/1056/662 1355/1071/662 1335/1072/662
f 1364/1068/663 1363/1073/663 1351/1064/663
f 1341/1059/664 1400/1070/664 1366/1074/664
f 1352/1054/665 1368/1075/665 1367/1076/665
f 1334/1077/666 1368/1075/666 1352/1054/666
f 1355/1071/667 1369/1078/667 1335/1072/667
f 1359/1079/668 1371/1080/668 1358/1081/668
f 1360/1082/669 1393/324/669 1371/1080/669
f 1361/1066/670 1395/1083/670 1379/1084/670
f 1362/1067/671 1380/1085/671 1395/1083/671
f 1350/1086/672 1381/1087/672 1380/1085/672
f 1351/1064/673 1382/1088/673 1381/1087/673
f 1351/1064/674 1373/1089/674 1382/1088/674
f 1345/1069/675 1376/1090/675 1400/1070/675
f 1367/1076/676 1377/1091/676 1376/1090/676
f 1369/1078/677 1391/1092/677 1334/1077/677
f 1355/1071/678 1378/1093/678 1369/1078/678
f 1373/1089/679 1383/1094/679 1382/1088/679
f 1374/1095/680 1384/1096/680 1363/1073/680
f 1376/1090/681 1390/1097/681 1400/1070/681
f 1377/1091/682 1385/1098/682 1376/1090/682
f 1383/1094/683 1399/1099/683 1382/1088/683
f 1384/1096/684 1411/1100/684 1383/1094/684
f 1386/1101/685 1425/1102/685 1392/1103/685
f 1379/1084/686 1394/1104/686 85/781/686
f 1381/1087/687 1397/1105/687 1396/1106/687
f 1389/1107/688 1398/1108/688 1388/1109/688
f 1392/1103/689 1401/1110/689 1391/1092/689
f 1393/324/690 279/172/690 1425/1102/690
f 1396/1106/691 1403/1111/691 1402/1112/691
f 1398/1108/692 1428/1113/692 1397/1105/692
f 1399/1099/693 1428/1113/693 1398/1108/693
f 1385/1098/694 1423/1114/694 1422/1115/694
f 1392/1103/695 1438/1116/695 1406/1117/695
f 1395/1083/696 1408/1118/696 1412/1119/696
f 1402/1112/697 1409/1120/697 1408/1118/697
f 1406/1117/698 1424/1121/698 1401/1110/698
f 1408/1118/699 1413/1122/699 1412/1119/699
f 1428/1113/700 1421/1123/700 1410/1124/700
f 1375/1125/701 1446/1126/701 1411/1100/701
f 1424/1121/702 1416/1127/702 1401/1110/702
f 1407/1128/703 1426/1129/703 83/1001/703
f 1407/1128/704 1417/1130/704 1426/1129/704
f 1412/1119/705 1419/1131/705 1418/1132/705
f 1411/1100/706 1441/1133/706 1428/1113/706
f 1416/1127/707 1429/1134/707 1405/1135/707
f 1422/1115/708 1437/1136/708 1390/1097/708
f 1438/1116/709 1453/1137/709 1431/1138/709
f 1425/1102/710 1448/1139/710 1438/1116/710
f 1425/1102/711 279/172/711 1448/1139/711
f 83/1001/712 1433/1140/712 1432/1141/712
f 1424/1121/713 1443/1142/713 1416/1127/713
f 1438/1116/714 1448/1139/714 1453/1137/714
f 1440/1143/715 1445/1144/715 1439/1145/715
f 1421/1123/716 1456/1146/716 1436/1147/716
f 1428/1113/717 1457/1148/717 1421/1123/717
f 1441/1133/718 1457/1148/718 1428/1113/718
f 1437/1136/719 1462/1149/719 1415/1150/719
f 1430/1151/720 1443/1142/720 1424/1121/720
f 1445/1144/721 1455/1152/721 1449/1153/721
f 1446/1126/722 1473/1154/722 1441/1133/722
f 1416/1127/723 1452/1155/723 1429/1134/723
f 1450/1156/724 1461/1157/724 1440/1143/724
f 1457/1148/725 1467/1158/725 1421/1123/725
f 1451/1159/726 1463/1160/726 1442/1161/726
f 1443/1142/727 1452/1155/727 1416/1127/727
f 1431/1138/728 1470/1162/728 1469/1163/728
f 1448/1139/729 1489/1164/729 1453/1137/729
f 1456/1146/730 1466/1165/730 1450/1156/730
f 1458/1166/731 1479/1167/731 1446/1126/731
f 1453/1137/732 1489/1164/732 1470/1162/732
f 1466/1165/733 1472/1168/733 1450/1156/733
f 1468/1169/734 1480/1170/734 1437/1136/734
f 1452/1155/735 1481/1171/735 1451/1159/735
f 1470/1162/736 1489/1164/736 1497/1172/736
f 1479/1167/737 1505/1173/737 1478/1174/737
f 1443/1142/738 1481/1171/738 1452/1155/738
f 1443/1142/739 1496/1175/739 1502/1176/739
f 1470/1162/740 1497/1172/740 1474/1177/740
f 1486/1178/741 1492/1179/741 1462/1149/741
f 1481/1171/742 1495/1180/742 1463/1160/742
f 1469/1163/743 1474/1177/743 1496/1175/743
f 1478/1174/744 1499/1181/744 1484/1182/744
f 1485/1183/745 1512/1184/745 1479/1167/745
f 1492/1179/746 1500/1185/746 1485/1183/746
f 1495/1180/747 1501/1186/747 1488/1187/747
f 1490/1188/748 1498/1189/748 78/902/748
f 1481/1171/749 1502/1176/749 1515/1190/749
f 1496/1175/750 1509/1191/750 1508/1192/750
f 1497/1172/751 1489/1164/751 1517/1193/751
f 1520/1194/752 1514/1195/752 1501/1186/752
f 78/902/753 1511/1196/753 77/904/753
f 1512/1184/754 1525/1197/754 1505/1173/754
f 1493/1198/755 1506/1199/755 1486/1178/755
f 1507/1200/756 1523/1201/756 1520/1194/756
f 1525/1197/757 1521/1202/757 1519/1203/757
f 1500/1185/758 1522/1204/758 1512/1184/758
f 1513/1205/759 1522/1204/759 1500/1185/759
f 1520/1194/760 1530/1206/760 1514/1195/760
f 1515/1190/761 1508/1192/761 1523/1201/761
f 1497/1172/762 1517/1193/762 1539/1207/762
f 1506/1199/763 1527/1208/763 1513/1205/763
f 1509/1191/764 1516/1209/764 1545/1210/764
f 1510/1211/765 1539/1207/765 1558/1212/765
f 1526/1213/766 1533/1214/766 1525/1197/766
f 1522/1204/767 1550/1215/767 1512/1184/767
f 1529/1216/768 1528/1217/768 1493/1198/768
f 1535/1218/769 1534/1219/769 1529/1216/769
f 1530/1206/770 1536/1220/770 1535/1218/770
f 1523/1201/771 1538/1221/771 1537/1222/771
f 1523/1201/772 1545/1210/772 1538/1221/772
f 77/904/773 1540/1223/773 76/1224/773
f 77/904/774 1531/1225/774 1540/1223/774
f 1534/1219/775 1543/1226/775 1529/1216/775
f 1536/1220/776 1537/1222/776 1544/1227/776
f 1516/1209/777 1558/1212/777 1572/1228/777
f 1539/1207/778 1546/1229/778 1558/1212/778
f 1527/1208/779 1555/1230/779 1522/1204/779
f 1528/1217/780 1551/1231/780 1527/1208/780
f 1543/1226/781 1551/1231/781 1528/1217/781
f 1544/1227/782 1537/1222/782 1553/1232/782
f 1531/1225/783 1547/1233/783 1559/1234/783
f 1549/1235/784 1554/1236/784 1548/1237/784
f 1534/1219/785 1552/1238/785 1564/1239/785
f 1538/1221/786 1571/1240/786 1557/1241/786
f 1545/1210/787 1572/1228/787 1571/1240/787
f 1555/1230/788 1560/1242/788 1550/1215/788
f 1551/1231/789 1561/1243/789 1555/1230/789
f 1551/1231/790 1562/1244/790 1561/1243/790
f 1552/1238/791 1565/1245/791 1564/1239/791
f 1540/1223/792 1588/1246/792 1583/1247/792
f 1531/1225/793 1567/1248/793 1588/1246/793
f 1555/1230/794 1561/1243/794 1577/1249/794
f 1556/1250/795 1557/1241/795 1570/1251/795
f 1560/1242/796 1577/1249/796 1576/1252/796
f 1561/1243/797 1578/1253/797 1577/1249/797
f 1562/1244/798 1580/1254/798 1579/1255/798
f 1570/1251/799 1557/1241/799 1587/1256/799
f 1571/1240/800 1594/1257/800 1593/1258/800
f 1572/1228/801 1573/1259/801 1594/1257/801
f 75/936/802 1583/1247/802 74/1003/802
f 1586/1260/803 1577/1249/803 1590/1261/803
f 1587/1256/804 1592/1262/804 1565/1245/804
f 1583/1247/805 1588/1246/805 1604/1263/805
f 1557/1241/806 1617/1264/806 1608/1265/806
f 1571/1240/807 1593/1258/807 1617/1264/807
f 1588/1246/808 1605/1266/808 1604/1263/808
f 1588/1246/809 1595/1267/809 1605/1266/809
f 1579/1255/810 1591/1268/810 1613/1269/810
f 1595/1267/811 1609/1270/811 1605/1266/811
f 1589/1271/812 1600/1272/812 1609/1270/812
f 1599/1273/813 1638/1274/813 1573/1259/813
f 1587/1256/814 1616/1275/814 1592/1262/814
f 1587/1256/815 1608/1265/815 1616/1275/815
f 1593/1258/816 1628/1276/816 1617/1264/816
f 1593/1258/817 1594/1257/817 1628/1276/817
f 1573/1259/818 1638/1274/818 1618/1277/818
f 74/1003/819 1604/1263/819 73/1278/819
f 1605/1266/820 1622/1279/820 33/1280/820
f 1609/1270/821 1610/1281/821 1633/1282/821
f 1602/1283/822 1603/1284/822 1620/1285/822
f 1591/1268/823 1614/1286/823 1621/1287/823
f 1594/1257/824 1618/1277/824 1628/1276/824
f 1609/1270/825 1633/1282/825 1622/1279/825
f 1603/1284/826 1632/1288/826 1625/1289/826
f 1591/1268/827 1621/1287/827 1626/1290/827
f 1608/1265/828 1627/1291/828 1616/1275/828
f 1639/323/829 1651/1292/829 1599/1273/829
f 1604/1263/830 33/1280/830 73/1278/830
f 1604/1263/831 1605/1266/831 33/1280/831
f 1598/1293/832 1613/1269/832 1632/1288/832
f 1616/1275/833 1637/1294/833 1615/1295/833
f 1613/1269/834 1626/1290/834 1632/1288/834
f 1628/1276/835 1618/1277/835 1637/1294/835
f 1618/1277/836 1638/1274/836 1651/1292/836
f 1643/1296/837 1648/1297/837 1647/1298/837
f 1626/1290/838 1649/1299/838 1654/1300/838
f 1621/1287/839 1650/1301/839 1649/1299/839
f 1614/1286/840 1644/1302/840 1650/1301/840
f 1633/1282/841 31/327/841 32/329/841
f 1648/1297/842 1654/1300/842 1653/1303/842
f 1644/1302/843 25/1304/843 1650/1301/843
f 19/1012/844 1286/1010/844 20/1009/844
f 15/1019/845 1283/1305/845 16/1306/845
f 50/325/846 207/58/846 51/102/846
f 1489/1164/847 52/189/847 1517/1193/847
f 1637/1294/848 467/339/848 25/1304/848
f 25/1304/849 466/336/849 26/1307/849
f 1650/1301/850 26/1307/850 27/1308/850
f 1650/1301/851 27/1308/851 463/332/851
f 1654/1300/852 463/332/852 28/586/852
f 1652/1309/853 29/1310/853 461/343/853
f 1645/1311/854 30/342/854 31/327/854
f 33/1280/855 459/362/855 73/1278/855
f 87/750/856 1361/1066/856 86/1312/856
f 1656/1313/857 1659/1314/857 1658/1315/857
f 1668/1316/858 1672/1317/858 1670/1318/858
f 1670/1318/859 1672/1317/859 1671/1319/859
f 1677/1320/860 1676/1321/860 1674/1322/860
f 1678/1323/861 1690/1324/861 1683/1325/861
f 1678/1323/862 1684/1326/862 1690/1324/862
f 1680/1327/863 1686/1328/863 1671/1319/863
f 1692/1329/864 1699/1330/864 1689/1331/864
f 1700/1332/865 1706/1333/865 1694/1334/865
f 1689/1331/866 1699/1330/866 1705/1335/866
f 1702/1336/867 1709/1337/867 1701/1338/867
f 1703/1339/868 1711/1340/868 1679/1341/868
f 1705/1335/869 1712/1342/869 1704/1343/869
f 1705/1335/870 1734/1344/870 1712/1342/870
f 1699/1330/871 1720/1345/871 1734/1344/871
f 1699/1330/872 1758/1346/872 1720/1345/872
f 1711/1340/873 1717/1347/873 1730/1348/873
f 1712/1342/874 1725/1349/874 1719/1350/874
f 1714/1351/875 1742/1352/875 1713/1353/875
f 1716/1354/876 1721/1355/876 1710/1356/876
f 1713/1353/877 1765/1357/877 1758/1346/877
f 1722/1358/878 1731/1359/878 1730/1348/878
f 1731/1359/879 1739/1360/879 1730/1348/879
f 1724/1361/880 1749/1362/880 1733/1363/880
f 1724/1361/881 1725/1349/881 1749/1362/881
f 1739/1360/882 1747/1364/882 1762/1365/882
f 1734/1344/883 1751/1366/883 1750/1367/883
f 1749/1362/884 1757/1368/884 1748/1369/884
f 1741/1370/885 1750/1367/885 1772/1371/885
f 1742/1352/886 1774/1372/886 1765/1357/886
f 1735/1373/887 1792/1374/887 1774/1372/887
f 1743/1375/888 1752/1376/888 1792/1374/888
f 1750/1367/889 1782/1377/889 1772/1371/889
f 1752/1376/890 1759/1378/890 1792/1374/890
f 1750/1367/891 1783/1379/891 1782/1377/891
f 1751/1366/892 1796/1380/892 1783/1379/892
f 1751/1366/893 1773/1381/893 1796/1380/893
f 1759/1378/894 1766/1382/894 1792/1374/894
f 1793/1383/895 1801/1384/895 11/1385/895 935/1386/895 961/735/895 975/747/895 979/753/895 995/752/895 1005/771/895 1016/770/895 1023/784/895 1032/795/895 1045/1387/895 1052/829/895 1047/831/895 1051/817/895 890/667/895 895/675/895 902/678/895 903/684/895 906/683/895 907/686/895 909/688/895 911/691/895 912/690/895 915/693/895 917/697/895 918/696/895 1658/1315/895 1659/1314/895 1662/1388/895 1664/1389/895 1669/1390/895 1679/1341/895 1711/1340/895 1730/1348/895 1739/1360/895 1762/1365/895 1770/1391/895 1769/1392/895 1777/1393/895 1785/1394/895
f 1779/1395/896 1787/1396/896 1778/1397/896
f 1780/1398/897 1804/1399/897 1779/1395/897
f 1781/1400/898 1819/1401/898 1780/1398/898
f 1790/1402/899 1789/1403/899 1764/1404/899
f 1773/1381/900 1809/1405/900 1796/1380/900
f 1773/1381/901 1815/1406/901 1809/1405/901
f 1766/1382/902 1811/1407/902 1810/1408/902
f 1775/1409/903 93/1410/903 1811/1407/903
f 1788/1411/904 1805/1412/904 1781/1400/904
f 1783/1379/905 1796/1380/905 1800/1413/905
f 1792/1374/906 1810/1408/906 1822/1414/906
f 1782/1377/907 1808/1415/907 1837/1416/907
f 1782/1377/908 1800/1413/908 1808/1415/908
f 1774/1372/909 1822/1414/909 1831/1417/909
f 1801/1384/910 10/1418/910 11/1419/910
f 1804/1399/911 1839/1420/911 1803/1421/911
f 1791/1422/912 1837/1416/912 1807/1423/912
f 1796/1380/913 1814/1424/913 1800/1413/913
f 1813/1425/914 1817/1426/914 1812/1427/914
f 1789/1403/915 1821/1428/915 1788/1411/915
f 1806/1429/916 1836/1430/916 1827/1431/916
f 1806/1429/917 1807/1423/917 1836/1430/917
f 1800/1413/918 1829/1432/918 1828/1433/918
f 1765/1357/919 1831/1417/919 1830/1434/919
f 1824/1435/920 1832/1436/920 9/1437/920
f 1826/1438/921 1834/1439/921 1825/1440/921
f 1820/1441/922 1835/1442/922 1819/1401/922
f 1805/1412/923 1840/1443/923 1820/1441/923
f 1830/1434/924 1831/1417/924 1859/1444/924
f 1838/1445/925 1842/1446/925 9/1437/925
f 1835/1442/926 1851/1447/926 1839/1420/926
f 1821/1428/927 1848/1448/927 1805/1412/927
f 1808/1415/928 1828/1433/928 1844/1449/928
f 1823/1450/929 70/1451/929 1860/1452/929
f 1829/1432/930 1845/1453/930 1858/1454/930
f 1815/1406/931 1859/1444/931 1850/1455/931
f 1835/1442/932 1852/1456/932 1851/1447/932
f 1827/1431/933 1854/1457/933 1821/1428/933
f 1828/1433/934 1862/1458/934 1849/1459/934
f 1845/1453/935 1855/1460/935 1858/1454/935
f 1846/1461/936 1850/1455/936 1855/1460/936
f 1826/1438/937 1856/1462/937 1834/1439/937
f 1834/1439/938 1878/1463/938 1843/1464/938
f 1853/1465/939 1864/1466/939 1852/1456/939
f 1857/1467/940 1861/1468/940 1853/1465/940
f 1854/1457/941 1857/1467/941 1848/1448/941
f 1856/1462/942 1878/1463/942 1834/1439/942
f 1844/1449/943 1871/1469/943 1870/1470/943
f 1862/1458/944 1866/1471/944 1871/1469/944
f 1862/1458/945 1888/1472/945 1866/1471/945
f 1858/1454/946 1855/1460/946 1888/1472/946
f 1861/1468/947 1867/1473/947 1864/1466/947
f 1854/1457/948 1869/1474/948 1857/1467/948
f 1865/1475/949 1869/1474/949 1854/1457/949
f 1850/1455/950 1877/1476/950 1855/1460/950
f 1874/1477/951 1873/1478/951 1851/1447/951
f 1868/1479/952 1879/1480/952 1861/1468/952
f 1869/1474/953 1879/1480/953 1868/1479/953
f 1871/1469/954 1880/1481/954 1870/1470/954
f 1871/1469/955 1866/1471/955 1880/1481/955
f 1863/1482/956 71/1483/956 1881/1484/956
f 1880/1481/957 1884/1485/957 1875/1486/957
f 1866/1471/958 1893/1487/958 1880/1481/958
f 1855/1460/959 1889/1488/959 1888/1472/959
f 1882/1489/960 1886/1490/960 1885/1491/960
f 1888/1472/961 1894/1492/961 1876/1493/961
f 1877/1476/962 1895/1494/962 1906/1495/962
f 1877/1476/963 1859/1444/963 1895/1494/963
f 1873/1478/964 1908/1496/964 1922/1497/964
f 1873/1478/965 1874/1477/965 1908/1496/965
f 1889/1488/966 1894/1492/966 1888/1472/966
f 1859/1444/967 1897/1498/967 1895/1494/967
f 1878/1463/968 1872/1499/968 1901/1500/968
f 1893/1487/969 1896/1501/969 1884/1485/969
f 1881/1484/970 72/1502/970 1898/1503/970
f 1886/1490/971 1891/1504/971 1923/1505/971
f 1909/1506/972 1886/1490/972 1916/1507/972
f 1894/1492/973 1904/1508/973 1903/1509/973
f 1895/1494/974 1914/1510/974 1921/1511/974
f 1895/1494/975 1899/1512/975 1914/1510/975
f 1900/1513/976 1898/1503/976 1907/1514/976
f 72/1502/977 107/1515/977 1915/1516/977
f 1890/1517/978 1910/1518/978 1892/1519/978
f 1902/1520/979 1910/1518/979 1890/1517/979
f 1903/1509/980 1928/1521/980 1896/1501/980
f 1904/1508/981 1911/1522/981 1903/1509/981
f 1906/1495/982 1921/1511/982 1913/1523/982
f 1886/1490/983 1923/1505/983 1916/1507/983
f 1910/1518/984 1917/1524/984 1892/1519/984
f 1911/1522/985 1918/1525/985 1903/1509/985
f 1908/1496/986 1934/1526/986 1922/1497/986
f 1909/1506/987 1916/1507/987 1934/1526/987
f 1891/1504/988 1917/1524/988 1923/1505/988
f 1911/1522/989 1919/1527/989 1925/1528/989
f 1914/1510/990 1907/1514/990 1940/1529/990
f 1924/1530/991 1925/1528/991 1931/1531/991
f 1907/1514/992 1926/1532/992 1949/1533/992
f 1917/1524/993 1279/1534/993 1941/1535/993
f 1935/1536/994 1279/1534/994 1917/1524/994
f 1942/1537/995 1945/1538/995 1950/1539/995
f 1944/1540/996 1946/1541/996 1943/1542/996
f 1927/1543/997 19/1012/997 20/1009/997
f 1941/1535/998 1278/1013/998 19/1012/998
f 1939/1544/999 13/1545/999 14/1546/999
f 14/1546/1000 15/1019/1000 1947/1547/1000
f 1946/1541/1001 15/1019/1001 1951/1548/1001
f 1847/1549/1002 7/1550/1002 925/1551/1002
f 92/7/1003 93/318/1003 97/9/1003
f 97/9/1004 94/63/1004 98/10/1004
f 102/16/1005 97/9/1005 103/11/1005
f 90/6/1006 100/1552/1006 89/1/1006
f 90/6/1007 105/5/1007 100/1552/1007
f 91/4/1008 101/8/1008 105/5/1008
f 97/9/1009 102/16/1009 101/8/1009
f 115/2/1010 108/12/1010 116/24/1010
f 96/315/1011 1325/20/1011 1291/1030/1011
f 89/1/1012 100/1552/1012 104/14/1012
f 101/8/1013 102/16/1013 113/21/1013
f 106/17/1014 102/16/1014 103/11/1014
f 110/1553/1015 105/5/1015 111/1554/1015
f 96/315/1016 107/13/1016 1325/20/1016
f 108/12/1017 89/1/1017 109/15/1017
f 104/14/1018 110/1553/1018 128/1555/1018
f 112/23/1019 101/8/1019 113/21/1019
f 113/21/1020 102/16/1020 114/18/1020
f 111/1554/1021 112/23/1021 122/32/1021
f 107/13/1022 115/2/1022 125/19/1022
f 108/12/1023 117/26/1023 116/24/1023
f 104/14/1024 128/1555/1024 109/15/1024
f 110/1553/1025 111/1554/1025 128/1555/1025
f 119/1556/1026 113/21/1026 120/28/1026
f 112/23/1027 118/22/1027 122/32/1027
f 113/21/1028 119/1556/1028 118/22/1028
f 122/32/1029 118/22/1029 123/30/1029
f 115/2/1030 141/1557/1030 125/19/1030
f 115/2/1031 126/25/1031 141/1557/1031
f 111/1554/1032 122/32/1032 128/1555/1032
f 124/29/1033 119/1556/1033 120/28/1033
f 129/31/1034 123/30/1034 130/1558/1034
f 117/26/1035 109/15/1035 150/33/1035
f 122/32/1036 129/31/1036 128/1555/1036
f 131/37/1037 119/1556/1037 124/29/1037
f 121/35/1038 124/29/1038 114/18/1038
f 150/33/1039 109/15/1039 143/66/1039
f 129/31/1040 151/61/1040 128/1555/1040
f 129/31/1041 133/1559/1041 151/61/1041
f 135/1560/1042 131/37/1042 145/36/1042
f 121/35/1043 136/38/1043 145/36/1043
f 49/326/1044 125/19/1044 140/56/1044
f 141/1557/1045 126/25/1045 142/1561/1045
f 126/25/1046 132/1562/1046 142/1561/1046
f 127/27/1047 117/26/1047 149/34/1047
f 144/46/1048 133/1559/1048 134/1563/1048
f 155/71/1049 137/40/1049 146/43/1049
f 137/40/1050 155/71/1050 165/41/1050
f 148/57/1051 125/19/1051 141/1557/1051
f 125/19/1052 148/57/1052 140/56/1052
f 141/1557/1053 142/1561/1053 182/76/1053
f 128/1555/1054 151/61/1054 143/66/1054
f 136/38/1055 165/41/1055 173/39/1055
f 145/36/1056 173/39/1056 154/45/1056
f 156/48/1057 147/47/1057 157/55/1057
f 157/55/1058 147/47/1058 158/53/1058
f 148/57/1059 141/1557/1059 182/76/1059
f 149/34/1060 150/33/1060 159/1564/1060
f 151/61/1061 152/1565/1061 163/59/1061
f 150/33/1062 143/66/1062 161/49/1062
f 143/66/1063 162/68/1063 161/49/1063
f 164/51/1064 152/1565/1064 153/52/1064
f 166/54/1065 158/53/1065 167/94/1065
f 157/55/1066 166/54/1066 156/48/1066
f 167/94/1067 158/53/1067 168/1566/1067
f 149/34/1068 159/1564/1068 183/1567/1068
f 160/50/1069 161/49/1069 169/1568/1069
f 151/61/1070 170/79/1070 143/66/1070
f 151/61/1071 171/60/1071 170/79/1071
f 152/1565/1072 172/70/1072 163/59/1072
f 155/71/1073 156/48/1073 180/72/1073
f 167/94/1074 168/1566/1074 174/1569/1074
f 182/76/1075 183/1567/1075 200/77/1075
f 148/57/1076 182/76/1076 207/58/1076
f 177/1570/1077 170/79/1077 191/81/1077
f 162/68/1078 176/67/1078 175/1571/1078
f 143/66/1079 177/1570/1079 176/67/1079
f 163/59/1080 178/74/1080 171/60/1080
f 173/39/1081 186/93/1081 154/45/1081
f 174/1569/1082 188/96/1082 167/94/1082
f 183/1567/1083 169/1568/1083 201/91/1083
f 169/1568/1084 175/1571/1084 201/91/1084
f 177/1570/1085 191/81/1085 184/89/1085
f 179/69/1086 154/45/1086 185/73/1086
f 173/39/1087 194/62/1087 186/93/1087
f 189/86/1088 181/1572/1088 190/84/1088
f 197/85/1089 190/84/1089 198/88/1089
f 194/62/1090 196/83/1090 195/107/1090
f 188/96/1091 189/86/1091 197/85/1091
f 207/58/1092 182/76/1092 215/78/1092
f 154/45/1093 186/93/1093 193/82/1093
f 186/93/1094 202/92/1094 212/112/1094
f 166/54/1095 203/95/1095 187/75/1095
f 197/85/1096 198/88/1096 204/98/1096
f 205/101/1097 199/87/1097 206/99/1097
f 204/98/1098 205/101/1098 210/100/1098
f 184/89/1099 191/81/1099 208/90/1099
f 191/81/1100 192/80/1100 209/97/1100
f 196/83/1101 180/72/1101 217/108/1101
f 51/102/1102 207/58/1102 236/103/1102
f 208/90/1103 191/81/1103 216/106/1103
f 186/93/1104 212/112/1104 193/82/1104
f 210/100/1105 206/99/1105 213/1573/1105
f 214/110/1106 206/99/1106 199/87/1106
f 207/58/1107 215/78/1107 245/115/1107
f 195/107/1108 220/132/1108 202/92/1108
f 196/83/1109 217/108/1109 195/107/1109
f 203/95/1110 204/98/1110 223/124/1110
f 210/100/1111 213/1573/1111 218/1574/1111
f 219/116/1112 200/77/1112 211/105/1112
f 215/78/1113 200/77/1113 219/116/1113
f 211/105/1114 208/90/1114 226/111/1114
f 217/108/1115 187/75/1115 221/1575/1115
f 222/126/1116 203/95/1116 223/124/1116
f 218/1574/1117 214/110/1117 224/1576/1117
f 220/132/1118 195/107/1118 228/130/1118
f 193/82/1119 227/113/1119 209/97/1119
f 218/1574/1120 224/1576/1120 229/1577/1120
f 219/116/1121 211/105/1121 239/117/1121
f 226/111/1122 216/106/1122 240/123/1122
f 216/106/1123 209/97/1123 231/118/1123
f 212/112/1124 232/119/1124 227/113/1124
f 202/92/1125 220/132/1125 232/119/1125
f 233/134/1126 223/124/1126 218/1574/1126
f 229/1577/1127 230/1578/1127 234/129/1127
f 235/1579/1128 230/1578/1128 225/109/1128
f 236/103/1129 245/115/1129 252/136/1129
f 231/118/1130 227/113/1130 237/120/1130
f 234/129/1131 235/1579/1131 238/127/1131
f 248/138/1132 219/116/1132 256/121/1132
f 245/115/1133 219/116/1133 248/138/1133
f 228/130/1134 217/108/1134 241/144/1134
f 222/126/1135 243/125/1135 242/1580/1135
f 233/134/1136 234/129/1136 244/128/1136
f 228/130/1137 247/146/1137 259/131/1137
f 223/124/1138 233/134/1138 243/125/1138
f 249/133/1139 240/123/1139 237/120/1139
f 232/119/1140 250/157/1140 249/133/1140
f 232/119/1141 259/131/1141 250/157/1141
f 228/130/1142 241/144/1142 247/146/1142
f 246/122/1143 240/123/1143 253/139/1143
f 242/1580/1144 254/142/1144 241/144/1144
f 233/134/1145 261/148/1145 251/135/1145
f 252/136/1146 248/138/1146 280/154/1146
f 248/138/1147 256/121/1147 281/153/1147
f 253/139/1148 249/133/1148 257/141/1148
f 247/146/1149 241/144/1149 260/143/1149
f 246/122/1150 253/139/1150 283/155/1150
f 259/131/1151 247/146/1151 266/147/1151
f 251/135/1152 267/149/1152 271/160/1152
f 262/152/1153 268/151/1153 261/148/1153
f 270/161/1154 260/143/1154 254/142/1154
f 250/157/1155 259/131/1155 277/159/1155
f 273/1581/1156 268/151/1156 255/150/1156
f 261/148/1157 272/162/1157 267/149/1157
f 264/137/1158 252/136/1158 280/154/1158
f 283/155/1159 265/145/1159 275/166/1159
f 295/164/1160 266/147/1160 260/143/1160
f 273/1581/1161 278/1582/1161 268/151/1161
f 279/172/1162 263/114/1162 301/173/1162
f 263/114/1163 264/137/1163 301/173/1163
f 281/153/1164 256/121/1164 282/184/1164
f 286/170/1165 295/164/1165 270/161/1165
f 276/163/1166 250/157/1166 284/168/1166
f 250/157/1167 277/159/1167 285/167/1167
f 270/161/1168 271/160/1168 287/169/1168
f 272/162/1169 268/151/1169 292/181/1169
f 283/155/1170 276/163/1170 291/176/1170
f 293/1583/1171 294/178/1171 298/177/1171
f 282/184/1172 289/175/1172 302/191/1172
f 280/154/1173 281/153/1173 318/182/1173
f 289/175/1174 290/165/1174 323/190/1174
f 293/1583/1175 298/177/1175 299/1584/1175
f 298/177/1176 285/167/1176 313/1585/1176
f 267/149/1177 306/186/1177 288/171/1177
f 292/181/1178 307/188/1178 296/179/1178
f 311/199/1179 293/1583/1179 299/1584/1179
f 290/165/1180 293/1583/1180 311/199/1180
f 310/196/1181 288/171/1181 306/186/1181
f 311/199/1182 303/192/1182 309/194/1182
f 300/187/1183 308/201/1183 307/188/1183
f 314/1586/1184 313/1585/1184 305/180/1184
f 287/169/1185 288/171/1185 320/197/1185
f 264/137/1186 280/154/1186 321/223/1186
f 314/1586/1187 305/180/1187 315/185/1187
f 296/179/1188 307/188/1188 306/186/1188
f 297/174/1189 301/173/1189 316/207/1189
f 318/182/1190 282/184/1190 336/231/1190
f 323/190/1191 290/165/1191 324/200/1191
f 331/1587/1192 304/193/1192 313/1585/1192
f 286/170/1193 287/169/1193 320/197/1193
f 308/201/1194 300/187/1194 327/204/1194
f 264/137/1195 321/223/1195 301/173/1195
f 307/188/1196 326/202/1196 332/206/1196
f 313/1585/1197 314/1586/1197 331/1587/1197
f 327/204/1198 326/202/1198 308/201/1198
f 324/200/1199 319/1588/1199 328/218/1199
f 334/210/1200 327/204/1200 65/203/1200
f 329/1589/1201 330/219/1201 338/1590/1201
f 297/174/1202 335/208/1202 52/189/1202
f 318/182/1203 336/231/1203 317/183/1203
f 344/214/1204 315/185/1204 325/195/1204
f 331/1587/1205 314/1586/1205 344/214/1205
f 314/1586/1206 315/185/1206 344/214/1206
f 306/186/1207 347/212/1207 310/196/1207
f 339/1591/1208 333/1592/1208 349/220/1208
f 326/202/1209 339/1591/1209 348/222/1209
f 349/220/1210 333/1592/1210 334/210/1210
f 355/229/1211 334/210/1211 340/209/1211
f 334/210/1212 355/229/1212 349/220/1212
f 343/1593/1213 338/1590/1213 330/219/1213
f 323/190/1214 350/217/1214 322/205/1214
f 329/1589/1215 338/1590/1215 342/1594/1215
f 348/222/1216 339/1591/1216 349/220/1216
f 331/1587/1217 344/214/1217 330/219/1217
f 325/195/1218 320/197/1218 346/215/1218
f 341/233/1219 322/205/1219 350/217/1219
f 342/1594/1220 343/1593/1220 351/1595/1220
f 367/235/1221 343/1593/1221 330/219/1221
f 332/206/1222 358/1596/1222 347/212/1222
f 332/206/1223 352/1597/1223 358/1596/1223
f 328/218/1224 342/1594/1224 356/240/1224
f 356/240/1225 342/1594/1225 351/1595/1225
f 330/219/1226 345/213/1226 367/235/1226
f 345/213/1227 346/215/1227 376/226/1227
f 346/215/1228 347/212/1228 368/225/1228
f 347/212/1229 358/1596/1229 369/243/1229
f 354/221/1230 349/220/1230 361/227/1230
f 321/223/1231 317/183/1231 363/232/1231
f 301/173/1232 362/224/1232 316/207/1232
f 336/231/1233 364/234/1233 363/232/1233
f 366/1598/1234 357/1599/1234 367/235/1234
f 347/212/1235 369/243/1235 368/225/1235
f 358/1596/1236 370/1600/1236 369/243/1236
f 356/240/1237 365/1601/1237 374/241/1237
f 361/227/1238 349/220/1238 372/236/1238
f 328/218/1239 374/241/1239 373/239/1239
f 365/1601/1240 366/1598/1240 375/1602/1240
f 390/242/1241 366/1598/1241 367/235/1241
f 372/236/1242 349/220/1242 394/246/1242
f 341/233/1243 380/249/1243 364/234/1243
f 365/1601/1244 381/266/1244 374/241/1244
f 378/244/1245 401/258/1245 387/252/1245
f 349/220/1246 425/230/1246 394/246/1246
f 337/211/1247 396/260/1247 350/217/1247
f 393/1603/1248 386/251/1248 401/258/1248
f 363/232/1249 395/259/1249 321/223/1249
f 350/217/1250 396/260/1250 380/249/1250
f 388/1604/1251 389/254/1251 397/262/1251
f 389/254/1252 410/253/1252 398/261/1252
f 390/242/1253 384/255/1253 399/263/1253
f 414/277/1254 384/255/1254 391/256/1254
f 392/257/1255 424/298/1255 400/264/1255
f 364/234/1256 402/265/1256 395/259/1256
f 373/239/1257 403/287/1257 396/260/1257
f 404/1605/1258 374/241/1258 405/267/1258
f 388/1604/1259 406/274/1259 381/266/1259
f 414/277/1260 400/264/1260 424/298/1260
f 418/275/1261 409/268/1261 410/253/1261
f 420/272/1262 413/279/1262 437/278/1262
f 380/249/1263 421/281/1263 402/265/1263
f 406/274/1264 428/288/1264 405/267/1264
f 415/1606/1265 423/1607/1265 406/274/1265
f 416/1608/1266 417/276/1266 429/1609/1266
f 417/276/1267 418/275/1267 429/1609/1267
f 414/277/1268 424/298/1268 437/278/1268
f 394/246/1269 425/230/1269 453/280/1269
f 321/223/1270 426/284/1270 362/224/1270
f 395/259/1271 427/285/1271 426/284/1271
f 429/1609/1272 423/1607/1272 416/1608/1272
f 420/272/1273 437/278/1273 436/282/1273
f 401/258/1274 453/280/1274 424/298/1274
f 402/265/1275 430/305/1275 427/285/1275
f 403/287/1276 431/299/1276 422/286/1276
f 435/294/1277 423/1607/1277 429/1609/1277
f 425/230/1278 47/1610/1278 453/280/1278
f 402/265/1279 438/290/1279 430/305/1279
f 422/286/1280 441/300/1280 439/291/1280
f 443/296/1281 434/292/1281 440/297/1281
f 434/292/1282 442/301/1282 433/289/1282
f 426/284/1283 427/285/1283 445/1611/1283
f 434/292/1284 446/1612/1284 442/301/1284
f 424/298/1285 453/280/1285 444/295/1285
f 430/305/1286 448/304/1286 427/285/1286
f 431/299/1287 449/312/1287 441/300/1287
f 451/309/1288 442/301/1288 446/1612/1288
f 452/303/1289 444/295/1289 44/314/1289
f 450/302/1290 442/301/1290 42/320/1290
f 427/285/1291 36/307/1291 445/1611/1291
f 438/290/1292 456/306/1292 448/304/1292
f 439/291/1293 441/300/1293 456/306/1293
f 457/308/1294 442/301/1294 451/309/1294
f 39/1613/1295 449/312/1295 40/311/1295
f 449/312/1296 39/1613/1296 441/300/1296
f 442/301/1297 458/1614/1297 42/320/1297
f 90/6/1298 70/1615/1298 91/4/1298
f 71/317/1299 89/1/1299 72/3/1299
f 444/295/1300 46/310/1300 45/313/1300
f 42/320/1301 458/1614/1301 43/1616/1301
f 450/302/1302 41/321/1302 40/311/1302
f 441/300/1303 39/1613/1303 38/1617/1303
f 456/306/1304 38/1617/1304 37/322/1304
f 448/304/1305 37/322/1305 36/307/1305
f 445/1611/1306 36/307/1306 547/1618/1306
f 316/207/1307 482/273/1307 1639/323/1307
f 464/330/1308 477/334/1308 476/331/1308
f 459/362/1309 468/349/1309 472/365/1309
f 468/349/1310 1640/1619/1310 483/350/1310
f 460/328/1311 30/342/1311 474/341/1311
f 461/343/1312 462/346/1312 475/345/1312
f 469/335/1313 470/338/1313 478/1620/1313
f 479/1621/1314 471/337/1314 480/348/1314
f 471/337/1315 467/339/1315 481/347/1315
f 467/339/1316 482/273/1316 481/347/1316
f 472/365/1317 468/349/1317 488/351/1317
f 474/341/1318 461/343/1318 484/1622/1318
f 480/348/1319 481/347/1319 485/355/1319
f 477/334/1320 469/335/1320 478/1620/1320
f 485/355/1321 481/347/1321 486/357/1321
f 489/352/1322 473/340/1322 490/354/1322
f 481/347/1323 487/353/1323 486/357/1323
f 498/344/1324 476/331/1324 491/1623/1324
f 492/1624/1325 486/357/1325 493/359/1325
f 478/1620/1326 479/1621/1326 504/356/1326
f 479/1621/1327 480/348/1327 504/356/1327
f 485/355/1328 486/357/1328 492/1624/1328
f 510/367/1329 483/350/1329 489/352/1329
f 64/1625/1330 459/362/1330 63/364/1330
f 459/362/1331 472/365/1331 495/363/1331
f 472/365/1332 488/351/1332 496/366/1332
f 488/351/1333 483/350/1333 510/367/1333
f 474/341/1334 484/1622/1334 497/369/1334
f 477/334/1335 478/1620/1335 504/356/1335
f 485/355/1336 492/1624/1336 504/356/1336
f 493/359/1337 494/358/1337 499/1626/1337
f 494/358/1338 500/1627/1338 499/1626/1338
f 496/366/1339 488/351/1339 519/368/1339
f 490/354/1340 474/341/1340 502/376/1340
f 477/334/1341 513/371/1341 512/1628/1341
f 506/1629/1342 500/1627/1342 507/1630/1342
f 487/353/1343 35/361/1343 455/373/1343
f 519/368/1344 510/367/1344 509/383/1344
f 498/344/1345 511/377/1345 497/369/1345
f 511/377/1346 491/1623/1346 512/1628/1346
f 513/371/1347 504/356/1347 514/384/1347
f 504/356/1348 505/1631/1348 538/399/1348
f 506/1629/1349 507/1630/1349 515/1632/1349
f 487/353/1350 518/374/1350 501/360/1350
f 503/370/1351 497/369/1351 521/393/1351
f 506/1629/1352 515/1632/1352 538/399/1352
f 497/369/1353 528/378/1353 521/393/1353
f 504/356/1354 538/399/1354 514/384/1354
f 515/1632/1355 516/1633/1355 522/1634/1355
f 517/380/1356 524/379/1356 523/1635/1356
f 508/590/1357 495/363/1357 525/382/1357
f 512/1628/1358 513/371/1358 530/398/1358
f 515/1632/1359 522/1634/1359 538/399/1359
f 522/1634/1360 523/1635/1360 531/1636/1360
f 523/1635/1361 524/379/1361 531/1636/1361
f 501/360/1362 540/386/1362 524/379/1362
f 527/372/1363 519/368/1363 532/389/1363
f 519/368/1364 533/387/1364 532/389/1364
f 536/403/1365 521/393/1365 528/378/1365
f 513/371/1366 537/385/1366 530/398/1366
f 514/384/1367 538/399/1367 537/385/1367
f 531/1636/1368 545/1637/1368 522/1634/1368
f 524/379/1369 540/386/1369 539/407/1369
f 518/374/1370 547/414/1370 540/386/1370
f 526/381/1371 527/372/1371 558/390/1371
f 543/394/1372 542/1638/1372 535/392/1372
f 509/383/1373 541/391/1373 533/387/1373
f 502/376/1374 542/1638/1374 534/388/1374
f 538/399/1375 522/1634/1375 545/1637/1375
f 536/403/1376 528/378/1376 552/396/1376
f 545/1637/1377 524/379/1377 546/413/1377
f 524/379/1378 539/407/1378 546/413/1378
f 550/409/1379 542/1638/1379 543/394/1379
f 520/375/1380 549/402/1380 541/391/1380
f 542/1638/1381 550/409/1381 534/388/1381
f 545/1637/1382 546/413/1382 561/412/1382
f 537/385/1383 554/400/1383 544/397/1383
f 538/399/1384 555/1639/1384 554/400/1384
f 545/1637/1385 561/412/1385 538/399/1385
f 546/413/1386 539/407/1386 556/411/1386
f 539/407/1387 557/406/1387 556/411/1387
f 558/390/1388 525/382/1388 526/381/1388
f 560/1640/1389 551/404/1389 536/403/1389
f 538/399/1390 561/412/1390 555/1639/1390
f 540/386/1391 568/415/1391 557/406/1391
f 548/401/1392 533/387/1392 562/423/1392
f 533/387/1393 563/408/1393 562/423/1393
f 569/410/1394 550/409/1394 559/1641/1394
f 560/1640/1395 565/1642/1395 551/404/1395
f 565/1642/1396 552/396/1396 570/418/1396
f 554/400/1397 571/421/1397 544/397/1397
f 557/406/1398 568/415/1398 567/425/1398
f 549/402/1399 574/420/1399 541/391/1399
f 544/397/1400 571/421/1400 553/405/1400
f 554/400/1401 572/441/1401 571/421/1401
f 564/416/1402 575/1643/1402 574/420/1402
f 570/418/1403 580/1644/1403 579/431/1403
f 555/1639/1404 595/463/1404 572/441/1404
f 561/412/1405 577/433/1405 566/435/1405
f 584/436/1406 558/390/1406 532/389/1406
f 568/415/1407 591/426/1407 567/425/1407
f 585/461/1408 548/401/1408 578/447/1408
f 592/429/1409 575/1643/1409 569/410/1409
f 575/1643/1410 592/429/1410 574/420/1410
f 581/424/1411 580/1644/1411 570/418/1411
f 559/1641/1412 579/431/1412 569/410/1412
f 574/420/1413 587/430/1413 586/428/1413
f 579/431/1414 580/1644/1414 589/439/1414
f 569/410/1415 588/432/1415 592/429/1415
f 590/440/1416 581/424/1416 576/417/1416
f 566/435/1417 596/434/1417 595/463/1417
f 577/433/1418 606/459/1418 596/434/1418
f 609/437/1419 62/419/1419 558/390/1419
f 588/432/1420 589/439/1420 593/438/1420
f 572/441/1421 594/477/1421 604/442/1421
f 572/441/1422 595/463/1422 594/477/1422
f 582/427/1423 591/426/1423 597/450/1423
f 573/422/1424 600/444/1424 599/443/1424
f 586/428/1425 601/445/1425 600/444/1425
f 593/438/1426 602/456/1426 588/432/1426
f 571/421/1427 604/442/1427 603/448/1427
f 571/421/1428 603/448/1428 576/417/1428
f 597/450/1429 591/426/1429 598/453/1429
f 587/430/1430 592/429/1430 611/454/1430
f 615/1645/1431 576/417/1431 625/449/1431
f 590/440/1432 605/1646/1432 602/456/1432
f 590/440/1433 576/417/1433 615/1645/1433
f 608/1647/1434 598/453/1434 583/1648/1434
f 597/450/1435 607/452/1435 606/459/1435
f 599/443/1436 600/444/1436 624/465/1436
f 578/447/1437 610/446/1437 585/461/1437
f 599/443/1438 623/1649/1438 610/446/1438
f 599/443/1439 624/465/1439 623/1649/1439
f 600/444/1440 601/445/1440 617/455/1440
f 611/454/1441 588/432/1441 612/476/1441
f 601/445/1442 587/430/1442 617/455/1442
f 602/456/1443 614/1650/1443 613/457/1443
f 588/432/1444 613/457/1444 612/476/1444
f 606/459/1445 619/458/1445 596/434/1445
f 62/419/1446 609/437/1446 1273/467/1446
f 615/1645/1447 618/470/1447 614/1650/1447
f 594/477/1448 595/463/1448 628/462/1448
f 596/434/1449 619/458/1449 628/462/1449
f 616/451/1450 598/453/1450 620/474/1450
f 614/1650/1451 618/470/1451 613/457/1451
f 610/446/1452 623/1649/1452 622/460/1452
f 624/465/1453 617/455/1453 631/481/1453
f 618/470/1454 615/1645/1454 625/449/1454
f 619/458/1455 643/466/1455 642/1651/1455
f 1273/467/1456 609/437/1456 626/468/1456
f 609/437/1457 621/464/1457 626/468/1457
f 632/1652/1458 611/454/1458 627/1653/1458
f 607/452/1459 629/1654/1459 643/466/1459
f 630/492/1460 620/474/1460 608/1647/1460
f 624/465/1461 638/480/1461 623/1649/1461
f 629/1654/1462 616/451/1462 636/475/1462
f 623/1649/1463 638/480/1463 622/460/1463
f 604/442/1464 635/478/1464 634/473/1464
f 619/458/1465 642/1651/1465 641/471/1465
f 643/466/1466 629/1654/1466 636/475/1466
f 636/475/1467 620/474/1467 654/484/1467
f 655/500/1468 638/480/1468 644/479/1468
f 628/462/1469 641/471/1469 635/478/1469
f 635/478/1470 646/495/1470 634/473/1470
f 641/471/1471 660/512/1471 659/1655/1471
f 641/471/1472 647/1656/1472 660/512/1472
f 643/466/1473 650/1657/1473 649/488/1473
f 651/491/1474 643/466/1474 636/475/1474
f 669/517/1475 627/1653/1475 656/486/1475
f 632/1652/1476 668/526/1476 631/481/1476
f 627/1653/1477 669/517/1477 632/1652/1477
f 660/512/1478 647/1656/1478 661/1658/1478
f 645/487/1479 634/473/1479 657/496/1479
f 646/495/1480 659/1655/1480 658/503/1480
f 662/1659/1481 648/489/1481 649/488/1481
f 642/1651/1482 648/489/1482 662/1659/1482
f 668/526/1483 644/479/1483 631/481/1483
f 653/485/1484 654/484/1484 666/497/1484
f 632/1652/1485 669/517/1485 668/526/1485
f 656/486/1486 670/1660/1486 685/1661/1486
f 645/487/1487 657/496/1487 672/502/1487
f 675/504/1488 658/503/1488 659/1655/1488
f 646/495/1489 658/503/1489 674/505/1489
f 675/504/1490 659/1655/1490 660/512/1490
f 688/521/1491 661/1658/1491 662/1659/1491
f 650/1657/1492 663/1662/1492 689/522/1492
f 663/1662/1493 676/1663/1493 689/522/1493
f 677/1664/1494 665/498/1494 666/497/1494
f 666/497/1495 678/1665/1495 677/1664/1495
f 655/500/1496 682/499/1496 681/509/1496
f 682/499/1497 644/479/1497 705/523/1497
f 656/486/1498 684/1666/1498 683/515/1498
f 656/486/1499 683/515/1499 669/517/1499
f 656/486/1500 685/1661/1500 684/1666/1500
f 689/522/1501 677/1664/1501 704/534/1501
f 672/502/1502 702/511/1502 687/518/1502
f 674/505/1503 675/504/1503 702/511/1503
f 675/504/1504 660/512/1504 702/511/1504
f 660/512/1505 688/521/1505 703/513/1505
f 676/1663/1506 677/1664/1506 689/522/1506
f 690/1667/1507 679/507/1507 680/506/1507
f 678/1665/1508 679/507/1508 690/1667/1508
f 680/506/1509 691/514/1509 690/1667/1509
f 1261/1668/1510 681/509/1510 1272/528/1510
f 669/517/1511 697/1669/1511 692/524/1511
f 669/517/1512 692/524/1512 668/526/1512
f 669/517/1513 698/1670/1513 697/1669/1513
f 669/517/1514 693/516/1514 698/1670/1514
f 701/519/1515 685/1661/1515 686/520/1515
f 695/1671/1516 690/1667/1516 691/514/1516
f 691/514/1517 41/508/1517 695/1671/1517
f 700/530/1518 683/515/1518 694/1672/1518
f 700/530/1519 694/1672/1519 701/519/1519
f 701/519/1520 702/511/1520 716/533/1520
f 681/509/341 705/523/341 711/527/341
f 705/523/1521 668/526/1521 706/529/1521
f 707/540/1522 692/524/1522 697/1669/1522
f 700/530/1523 716/533/1523 709/531/1523
f 702/511/1524 717/1673/1524 716/533/1524
f 702/511/1525 703/513/1525 718/556/1525
f 703/513/1526 689/522/1526 710/535/1526
f 705/523/1527 731/544/1527 711/527/1527
f 705/523/1528 721/548/1528 731/544/1528
f 715/538/1529 706/529/1529 696/525/1529
f 709/531/1530 716/533/1530 742/542/1530
f 710/535/1531 704/534/1531 727/547/1531
f 704/534/1532 44/1674/1532 45/546/1532
f 721/548/1533 733/1675/1533 732/549/1533
f 721/548/1534 734/554/1534 733/1675/1534
f 723/550/1535 755/553/1535 735/551/1535
f 742/542/1536 725/1676/1536 715/538/1536
f 727/547/1537 45/546/1537 46/588/1537
f 732/549/1538 747/1677/1538 740/1678/1538
f 732/549/1539 740/1678/1539 739/1679/1539
f 741/1680/1540 734/554/1540 755/553/1540
f 710/535/1541 727/547/1541 748/555/1541
f 736/1681/1542 737/1682/1542 743/1683/1542
f 743/1683/1543 738/1684/1543 744/1685/1543
f 738/1684/1544 745/1686/1544 744/1685/1544
f 752/559/1545 740/1678/1545 747/1677/1545
f 747/1677/1546 741/1680/1546 755/553/1546
f 749/1687/1547 743/1683/1547 744/1685/1547
f 751/561/1548 746/1688/1548 752/559/1548
f 752/559/1549 747/1677/1549 755/553/1549
f 727/547/1550 46/588/1550 748/555/1550
f 56/566/1551 736/1681/1551 757/564/1551
f 736/1681/1552 743/1683/1552 757/564/1552
f 754/1689/1553 751/561/1553 756/560/1553
f 756/560/1554 753/1690/1554 754/1689/1554
f 752/559/1555 759/562/1555 756/560/1555
f 757/564/1556 753/1690/1556 758/1691/1556
f 755/553/1557 761/558/1557 759/562/1557
f 760/1692/1558 757/564/1558 758/1691/1558
f 762/1693/1559 757/564/1559 763/569/1559
f 757/564/1560 762/1693/1560 1275/565/1560
f 761/558/1561 766/1694/1561 770/574/1561
f 762/1693/1562 763/569/1562 765/568/1562
f 761/558/1563 770/574/1563 759/562/1563
f 767/1695/1564 762/1693/1564 768/1696/1564
f 1275/565/1565 767/1695/1565 55/571/1565
f 764/567/1566 759/562/1566 769/570/1566
f 766/1694/1567 772/577/1567 770/574/1567
f 773/572/1568 769/570/1568 771/573/1568
f 770/574/1569 772/577/1569 774/579/1569
f 770/574/1570 774/579/1570 771/573/1570
f 766/1694/1571 775/580/1571 772/577/1571
f 772/577/1572 23/581/1572 22/578/1572
f 775/580/1573 777/584/1573 23/581/1573
f 774/579/1574 778/582/1574 776/576/1574
f 459/362/1575 33/1280/1575 468/349/1575
f 31/327/1576 30/342/1576 460/328/1576
f 27/1308/1577 464/330/1577 463/332/1577
f 465/333/1578 26/1307/1578 466/336/1578
f 25/1304/1579 467/339/1579 466/336/1579
f 1639/323/1580 482/273/1580 467/339/1580
f 518/374/1581 455/373/1581 445/1697/1581
f 667/493/1582 40/494/1582 41/508/1582
f 748/555/1583 453/589/1583 47/563/1583
f 57/1698/1584 728/1699/1584 56/566/1584
f 57/1698/1585 719/1700/1585 728/1699/1585
f 779/701/1586 22/592/1586 780/594/1586
f 776/599/1587 779/701/1587 781/595/1587
f 779/701/1588 780/594/1588 781/595/1588
f 781/595/1589 23/593/1589 782/597/1589
f 781/595/1590 782/597/1590 783/598/1590
f 783/598/1591 24/596/1591 784/1701/1591
f 6/600/1592 783/598/1592 790/608/1592
f 790/608/1593 786/1702/1593 789/603/1593
f 789/603/1594 788/602/1594 791/604/1594
f 789/603/1595 791/604/1595 792/606/1595
f 794/1703/1596 792/606/1596 795/605/1596
f 792/606/1597 794/1703/1597 796/1704/1597
f 799/1705/1598 796/1704/1598 800/1706/1598
f 790/608/1599 793/607/1599 797/609/1599
f 793/607/1600 792/606/1600 798/611/1600
f 792/606/1601 796/1704/1601 801/612/1601
f 803/613/1602 808/1707/1602 805/619/1602
f 797/609/1603 798/611/1603 804/614/1603
f 803/613/1604 805/619/1604 804/614/1604
f 4/610/1605 797/609/1605 806/615/1605
f 807/616/1606 805/619/1606 808/1707/1606
f 804/614/1607 809/621/1607 806/615/1607
f 807/616/1608 810/618/1608 805/619/1608
f 807/616/1609 808/1707/1609 836/617/1609
f 808/1707/1610 802/1708/1610 836/617/1610
f 805/619/1611 810/618/1611 812/620/1611
f 806/615/1612 811/622/1612 3/706/1612
f 810/618/1613 836/617/1613 813/1709/1613
f 826/624/1614 813/1709/1614 836/617/1614
f 814/1710/1615 815/704/1615 65/703/1615
f 804/614/1616 824/634/1616 809/621/1616
f 812/620/1617 816/623/1617 820/625/1617
f 818/1711/1618 819/1712/1618 822/1713/1618
f 822/1713/1619 819/1712/1619 823/1714/1619
f 812/620/1620 820/625/1620 824/634/1620
f 819/1712/1621 814/1710/1621 823/1714/1621
f 825/1715/1622 820/625/1622 826/624/1622
f 829/627/1623 817/626/1623 830/1716/1623
f 821/628/1624 829/627/1624 828/1717/1624
f 1085/653/1625 811/622/1625 831/651/1625
f 817/626/1626 818/1711/1626 830/1716/1626
f 835/629/1614 826/624/1614 836/617/1614
f 825/1715/1627 826/624/1627 834/630/1627
f 842/633/1628 841/1718/1628 840/1719/1628 839/647/1628 849/642/1628 838/640/1628 837/637/1628 836/617/1628 802/1708/1628 800/1706/1628 795/605/1628 791/604/1628 788/602/1628 787/601/1628 785/1720/1628 24/596/1628 777/584/1628 775/580/1628 766/1694/1628 742/542/1628 716/533/1628 717/1673/1628 718/556/1628 48/1721/1628 454/1722/1628 815/1723/1628 814/1710/1628 819/1712/1628 818/1711/1628 817/626/1628 821/628/1628 828/1717/1628 827/631/1628
f 809/621/1629 855/635/1629 811/622/1629
f 833/1724/1630 844/1725/1630 832/1726/1630
f 846/636/1631 835/629/1631 847/639/1631
f 834/630/1632 846/636/1632 845/645/1632
f 847/639/1633 836/617/1633 837/637/1633
f 835/629/1634 836/617/1634 847/639/1634
f 837/637/1635 838/640/1635 868/638/1635
f 839/647/1636 840/1719/1636 850/649/1636
f 850/649/1637 840/1719/1637 851/650/1637
f 851/650/1638 841/1718/1638 852/643/1638
f 824/634/1639 832/1726/1639 856/1727/1639
f 841/1718/1640 842/633/1640 852/643/1640
f 824/634/1641 856/1727/1641 855/635/1641
f 853/1728/1642 832/1726/1642 844/1725/1642
f 853/1728/1643 845/645/1643 860/644/1643
f 849/642/1644 854/648/1644 861/646/1644
f 850/649/1645 852/643/1645 854/648/1645
f 811/622/1646 855/635/1646 831/651/1646
f 857/1729/1647 853/1728/1647 860/644/1647
f 858/1730/1648 856/1727/1648 859/1731/1648
f 862/1732/1649 831/651/1649 863/658/1649
f 831/651/1650 862/1732/1650 877/654/1650
f 855/635/1651 870/1733/1651 864/1734/1651
f 869/652/1652 877/654/1652 874/1735/1652
f 870/1733/1653 875/1736/1653 864/1734/1653
f 878/660/1654 877/654/1654 862/1732/1654
f 878/660/1655 862/1732/1655 863/658/1655
f 879/659/1656 863/658/1656 864/1734/1656
f 864/1734/1657 880/1737/1657 879/659/1657
f 874/1735/1658 878/660/1658 888/665/1658
f 877/654/1659 878/660/1659 874/1735/1659
f 883/661/1660 880/1737/1660 881/662/1660
f 874/1735/1661 888/665/1661 890/667/1661
f 885/663/1662 884/664/1662 882/656/1662
f 886/668/1663 885/663/1663 887/669/1663
f 884/664/1664 885/663/1664 886/668/1664
f 888/665/1665 887/669/1665 891/671/1665
f 888/665/1666 891/671/1666 892/666/1666
f 893/674/1667 892/666/1667 889/670/1667
f 896/673/1668 894/672/1668 897/677/1668
f 899/676/1669 898/679/1669 901/681/1669
f 902/678/1670 899/676/1670 901/681/1670
f 903/684/1671 902/678/1671 900/680/1671
f 873/655/1672 860/644/1672 846/636/1672 847/639/1672 868/638/1672 848/641/1672 861/646/1672 854/648/1672 852/643/1672 843/632/1672 827/631/1672 828/1717/1672 829/627/1672 830/1716/1672 818/1711/1672 822/1713/1672 823/1714/1672 814/1710/1672 65/203/1672 300/187/1672 278/1582/1672 273/1581/1672 255/150/1672 262/152/1672 244/128/1672 238/127/1672 235/1579/1672 225/109/1672 199/87/1672 190/84/1672 181/1572/1672 189/86/1672 188/96/1672 174/1569/1672 168/1566/1672 158/53/1672 147/47/1672 139/44/1672 138/42/1672 137/40/1672 136/38/1672 121/35/1672 99/65/1672 95/64/1672 67/1738/1672 66/1739/1672 1756/1740/1672 1761/1741/1672 1755/1742/1672 1754/1743/1672 1746/1744/1672 1745/1745/1672 1738/1746/1672 1729/1747/1672 1716/1354/1672 1710/1356/1672 1695/1748/1672 1694/1334/1672 1685/1749/1672 1684/1326/1672 1678/1323/1672 1675/1750/1672 1672/1317/1672 1668/1316/1672 1665/1751/1672 1660/1752/1672 1655/1753/1672 34/1754/1672 922/1755/1672 921/698/1672 919/695/1672 916/1756/1672 914/692/1672 910/689/1672 904/685/1672 905/682/1672 903/684/1672 900/680/1672 898/679/1672 897/677/1672 894/672/1672 893/674/1672 889/670/1672 887/669/1672 885/663/1672
f 906/683/1673 905/682/1673 907/686/1673
f 907/686/1674 904/685/1674 908/687/1674
f 904/685/1675 910/689/1675 908/687/1675
f 909/688/1676 908/687/1676 911/691/1676
f 912/690/1677 910/689/1677 913/694/1677
f 915/693/1678 912/690/1678 913/694/1678
f 916/1756/1679 915/693/1679 914/692/1679
f 917/697/1680 916/1756/1680 919/695/1680
f 915/693/1681 916/1756/1681 917/697/1681
f 918/696/1682 919/695/1682 920/699/1682
f 920/699/1683 921/698/1683 922/1755/1683
f 1059/1757/1684 874/1735/1684 890/667/1684
f 5/1758/1685 790/608/1685 4/610/1685
f 923/1759/1686 924/1760/1686 928/1761/1686
f 10/1762/1687 9/707/1687 927/709/1687
f 929/711/1688 924/1760/1688 925/1763/1688
f 925/1763/1689 7/712/1689 929/711/1689
f 923/1759/1690 930/721/1690 8/708/1690
f 938/717/1691 929/711/1691 932/714/1691
f 8/708/1692 936/1764/1692 927/709/1692
f 937/718/1693 930/721/1693 931/716/1693
f 938/717/1694 932/714/1694 939/1765/1694
f 940/1766/1695 933/713/1695 941/720/1695
f 941/720/1696 933/713/1696 934/715/1696
f 943/722/1697 936/1764/1697 930/721/1697
f 950/729/1698 941/720/1698 944/1767/1698
f 940/1766/1699 941/720/1699 950/729/1699
f 945/1768/1700 942/719/1700 946/724/1700
f 946/724/1701 942/719/1701 934/715/1701
f 10/1762/1702 947/1769/1702 935/1386/1702
f 948/1770/1703 927/709/1703 936/1764/1703
f 957/727/1704 937/718/1704 938/717/1704
f 957/727/1705 938/717/1705 939/1765/1705
f 951/1771/1706 946/724/1706 952/1772/1706
f 944/1767/1707 945/1768/1707 951/1771/1707
f 945/1768/1708 946/724/1708 951/1771/1708
f 952/1772/1709 946/724/1709 953/1773/1709
f 953/1773/1710 946/724/1710 954/723/1710
f 927/709/1711 955/1774/1711 947/1769/1711
f 951/1771/1712 952/1772/1712 958/1775/1712
f 958/1775/1713 953/1773/1713 959/1776/1713
f 935/1386/1714 947/1769/1714 961/735/1714
f 962/1777/1715 947/1769/1715 955/1774/1715
f 962/1777/1716 956/726/1716 965/728/1716
f 959/1776/1717 960/1778/1717 963/739/1717
f 963/739/1718 960/1778/1718 964/732/1718
f 964/732/1719 960/1778/1719 954/723/1719
f 965/728/1720 947/1769/1720 962/1777/1720
f 947/1769/1721 965/728/1721 961/735/1721
f 963/739/1722 964/732/1722 966/1779/1722
f 966/1779/1723 964/732/1723 967/733/1723
f 961/735/1724 968/734/1724 975/747/1724
f 970/730/1725 951/1771/1725 993/757/1725
f 951/1771/1726 958/1775/1726 993/757/1726
f 966/1779/1727 967/733/1727 971/1780/1727
f 971/1780/1728 967/733/1728 972/744/1728
f 972/744/1729 974/731/1729 973/742/1729
f 968/734/1730 976/738/1730 975/747/1730
f 957/727/1731 977/737/1731 969/736/1731
f 993/757/1732 963/739/1732 981/741/1732
f 963/739/1733 966/1779/1733 982/740/1733
f 971/1780/1734 972/744/1734 978/743/1734
f 984/749/1735 974/731/1735 1338/1065/1735
f 973/742/1736 974/731/1736 984/749/1736
f 971/1780/1737 978/743/1737 982/740/1737
f 978/743/1738 973/742/1738 983/1781/1738
f 980/745/1739 986/748/1739 985/746/1739
f 983/1781/1740 987/766/1740 978/743/1740
f 987/766/1741 988/1782/1741 994/764/1741
f 976/738/1742 991/755/1742 986/748/1742
f 977/737/1743 992/756/1743 991/755/1743
f 994/764/1744 989/751/1744 999/1783/1744
f 993/757/1745 1003/759/1745 992/756/1745
f 981/741/1746 998/760/1746 1003/759/1746
f 978/743/1747 987/766/1747 982/740/1747
f 1007/767/1748 991/755/1748 1002/773/1748
f 991/755/1749 1007/767/1749 997/758/1749
f 1002/773/1750 992/756/1750 1003/759/1750
f 999/1783/1751 1004/785/1751 994/764/1751
f 998/760/1752 982/740/1752 1008/774/1752
f 1004/785/1753 1000/761/1753 1010/778/1753
f 1010/778/1754 86/1312/1754 1013/776/1754
f 1002/773/1755 1015/772/1755 1012/780/1755
f 1010/778/1756 1029/777/1756 1004/785/1756
f 1013/776/1757 86/1312/1757 85/781/1757
f 1017/783/1758 1014/1784/1758 1027/768/1758
f 1018/1785/1759 1027/768/1759 1007/767/1759
f 1029/777/1760 1013/776/1760 1022/782/1760
f 1012/780/1761 1019/779/1761 1018/1785/1761
f 1003/759/1762 1020/788/1762 1015/772/1762
f 1003/759/1763 1021/775/1763 1020/788/1763
f 1022/782/1764 85/781/1764 1024/789/1764
f 1004/785/1765 1029/777/1765 1028/786/1765
f 1027/768/1766 1018/1785/1766 1025/792/1766
f 1029/777/1767 1022/782/1767 1040/790/1767
f 1040/790/1768 1024/789/1768 1030/1786/1768
f 1023/784/1769 1017/783/1769 1027/768/1769
f 1009/765/1770 1035/800/1770 1008/774/1770
f 1009/765/1771 1028/786/1771 1035/800/1771
f 1032/795/1772 1023/784/1772 1031/791/1772
f 1020/788/1773 1034/794/1773 1015/772/1773
f 1008/774/1774 1035/800/1774 1026/787/1774
f 1030/1786/1775 1036/802/1775 1040/790/1775
f 1038/798/1776 1019/779/1776 1039/799/1776
f 1032/795/1777 1048/797/1777 1045/1387/1777
f 1033/796/1778 1031/791/1778 1037/793/1778
f 1031/791/1779 1027/768/1779 1037/793/1779
f 1026/787/1780 1043/801/1780 1034/794/1780
f 1036/802/1781 82/815/1781 1046/803/1781
f 1042/805/1782 1037/793/1782 1025/792/1782
f 1040/790/1783 1046/803/1783 1068/812/1783
f 1041/804/1784 1037/793/1784 1053/819/1784
f 1045/1387/1785 1048/797/1785 1052/829/1785
f 1033/796/1786 1077/809/1786 1067/807/1786
f 1034/794/1787 1054/810/1787 1039/799/1787
f 82/815/1788 1049/814/1788 1046/803/1788
f 81/813/1789 1050/1787/1789 1049/814/1789
f 1048/797/1790 1067/807/1790 1052/829/1790
f 1061/839/1791 1039/799/1791 1054/810/1791
f 1040/790/1792 1068/812/1792 1081/821/1792
f 1046/803/1793 1057/826/1793 1056/822/1793
f 1049/814/1794 1050/1787/1794 1058/824/1794
f 1060/820/1795 1077/809/1795 1041/804/1795
f 1053/819/1796 1037/793/1796 1042/805/1796
f 1038/798/1797 1061/839/1797 1042/805/1797
f 1056/822/1798 1064/825/1798 1063/823/1798
f 1056/822/1799 1057/826/1799 1064/825/1799
f 1052/829/1800 1067/807/1800 1076/830/1800
f 1051/817/1801 1047/831/1801 1066/832/1801
f 1047/831/1802 1076/830/1802 1066/832/1802
f 1054/810/1803 1055/808/1803 1080/838/1803
f 1069/1788/1804 1062/811/1804 1070/841/1804
f 1062/811/1805 1063/823/1805 1070/841/1805
f 1071/842/1806 1065/827/1806 1072/843/1806
f 2/828/1807 1065/827/1807 1071/842/1807
f 1073/852/1808 1066/832/1808 1074/834/1808
f 1067/807/1809 1077/809/1809 1076/830/1809
f 1053/819/1810 1042/805/1810 1078/836/1810
f 1042/805/1811 1061/839/1811 1079/837/1811
f 1061/839/1812 1080/838/1812 1079/837/1812
f 1055/808/1813 1115/851/1813 1114/1789/1813
f 1081/821/1814 1082/1790/1814 1096/1791/1814
f 1068/812/1815 1084/1792/1815 1083/1793/1815
f 1068/812/1816 1069/1788/1816 1084/1792/1816
f 1086/853/1817 1075/833/1817 1087/1794/1817
f 1073/852/1818 1074/834/1818 1086/853/1818
f 1074/834/1819 1075/833/1819 1086/853/1819
f 1087/1794/1820 1075/833/1820 1088/846/1820
f 1089/845/1821 1075/833/1821 1076/830/1821
f 1076/830/1822 1091/848/1822 1090/856/1822
f 1081/821/1823 1096/1791/1823 1095/850/1823
f 1082/1790/1824 1083/1793/1824 1098/862/1824
f 1085/844/1825 1072/843/1825 1134/854/1825
f 1072/843/1826 1073/852/1826 1134/854/1826
f 1101/1795/1827 1089/845/1827 1102/1796/1827
f 1089/845/1828 1101/1795/1828 1100/870/1828
f 1107/865/1829 1090/856/1829 1108/858/1829
f 1089/845/1830 1103/1797/1830 1102/1796/1830
f 1089/845/1831 1104/855/1831 1103/1797/1831
f 1076/830/1832 1105/1798/1832 1104/855/1832
f 1076/830/1833 1106/857/1833 1105/1798/1833
f 1090/856/1834 1107/865/1834 1106/857/1834
f 1108/858/1835 1091/848/1835 1109/1799/1835
f 1110/1800/1836 1092/847/1836 1093/849/1836
f 1094/835/1837 1078/836/1837 1112/860/1837
f 1079/837/1838 1080/838/1838 1113/875/1838
f 1113/875/1839 1114/1789/1839 1128/1801/1839
f 1100/870/1840 1101/1795/1840 1119/1802/1840
f 1099/840/1841 1133/864/1841 1132/861/1841
f 1086/853/1842 1087/1794/1842 1100/870/1842
f 1119/1802/1843 1101/1795/1843 1102/1796/1843
f 1120/1803/1844 1103/1797/1844 1121/1804/1844
f 1122/874/1845 1104/855/1845 1105/1798/1845
f 1104/855/1846 1122/874/1846 1121/1804/1846
f 1123/872/1847 1105/1798/1847 1124/1805/1847
f 1105/1798/1848 1123/872/1848 1122/874/1848
f 1105/1798/1849 1106/857/1849 1124/1805/1849
f 1107/865/1850 1161/866/1850 1153/906/1850
f 1092/847/1851 1110/1800/1851 1144/898/1851
f 1125/1806/1852 1111/1807/1852 1112/860/1852
f 1128/1801/1853 1114/1789/1853 1129/879/1853
f 1112/860/1854 1126/867/1854 1125/1806/1854
f 1119/1802/1855 1120/1803/1855 1142/897/1855
f 1134/854/1856 1086/853/1856 1159/871/1856
f 1121/1804/1857 1135/873/1857 1142/897/1857
f 1120/1803/1858 1121/1804/1858 1142/897/1858
f 1124/1805/1859 1153/906/1859 1123/872/1859
f 1136/1808/1860 1125/1806/1860 1126/867/1860
f 1137/883/1861 1127/859/1861 1138/886/1861
f 1139/876/1862 1113/875/1862 1140/1809/1862
f 1127/859/1863 1079/837/1863 1138/886/1863
f 1079/837/1864 1139/876/1864 1138/886/1864
f 1132/861/1865 1158/882/1865 1167/880/1865
f 1119/1802/1866 1142/897/1866 1160/896/1866
f 1143/1810/1867 1109/1799/1867 1162/899/1867
f 1125/1806/1868 1136/1808/1868 1144/898/1868
f 1145/884/1869 1138/886/1869 1146/888/1869
f 1137/883/1870 1138/886/1870 1145/884/1870
f 1139/876/1871 1149/891/1871 1148/889/1871
f 1133/864/1872 78/902/1872 1158/882/1872
f 1123/872/1873 1153/906/1873 1135/873/1873
f 1146/888/1874 1147/887/1874 1154/892/1874
f 1147/887/1875 1155/1811/1875 1154/892/1875
f 1158/882/1876 1168/903/1876 1173/916/1876
f 1164/893/1877 1165/910/1877 1171/909/1877
f 1159/871/1878 1160/896/1878 1169/922/1878
f 1135/873/1879 1170/907/1879 1160/896/1879
f 1177/919/1880 1161/866/1880 1143/1810/1880
f 1169/922/1881 1160/896/1881 1184/925/1881
f 1164/893/1882 1171/909/1882 1179/912/1882
f 1166/894/1883 1172/1812/1883 1189/926/1883
f 1166/894/1884 1189/926/1884 1179/912/1884
f 1158/882/1885 1173/916/1885 1180/911/1885
f 1134/854/1886 1159/871/1886 1174/924/1886
f 1184/925/1887 1160/896/1887 1175/1813/1887
f 1170/907/1888 1153/906/1888 1176/908/1888
f 1179/912/1889 1178/914/1889 1164/893/1889
f 1162/899/1890 1163/885/1890 1186/915/1890
f 1183/931/1891 1173/916/1891 1181/933/1891
f 3/905/1892 1134/854/1892 1174/924/1892
f 1186/915/1893 1178/914/1893 1187/1814/1893
f 1182/1815/1894 1178/914/1894 1179/912/1894
f 3/905/1895 1174/924/1895 4/939/1895
f 1179/912/1896 1189/926/1896 1182/1815/1896
f 1180/911/1897 1190/917/1897 1207/920/1897
f 1173/916/1898 1183/931/1898 1190/917/1898
f 1168/903/1899 77/904/1899 76/1224/1899
f 1187/1814/1900 1178/914/1900 1188/928/1900
f 1177/919/1901 1162/899/1901 1192/921/1901
f 1188/928/1902 1182/1815/1902 1189/926/1902
f 1172/1812/1903 1194/913/1903 1189/926/1903
f 1193/927/1904 1187/1814/1904 1188/928/1904
f 1170/907/1905 1191/1816/1905 1175/1813/1905
f 1174/924/1906 1195/923/1906 4/939/1906
f 1186/915/1907 1198/940/1907 1197/942/1907
f 1205/1817/1908 1187/1814/1908 1199/1818/1908
f 1190/917/1909 1200/932/1909 1218/1819/1909
f 1183/931/1910 1201/934/1910 1226/1820/1910
f 1181/933/1911 1202/935/1911 1201/934/1911
f 1202/935/1912 76/1224/1912 75/936/1912
f 1198/940/1913 1205/1817/1913 1210/1821/1913
f 1205/1817/1914 1199/1818/1914 1206/930/1914
f 1183/931/1915 1226/1820/1915 1200/932/1915
f 1202/935/1916 1213/937/1916 1212/943/1916
f 1195/923/1917 1221/952/1917 5/938/1917
f 1205/1817/1918 1211/1822/1918 1210/1821/1918
f 1218/1819/1919 1200/932/1919 1219/970/1919
f 1202/935/1920 1212/943/1920 1201/934/1920
f 1195/923/1921 1214/950/1921 1221/952/1921
f 1210/1821/1922 1211/1822/1922 1216/948/1922
f 1225/967/1923 1207/920/1923 1218/1819/1923
f 1204/953/1924 1208/960/1924 1238/954/1924
f 1218/1819/1925 1219/970/1925 1232/965/1925
f 1197/942/1926 1229/945/1926 1209/958/1926
f 1198/940/1927 1222/962/1927 1215/941/1927
f 1200/932/1928 1226/1820/1928 1236/968/1928
f 1217/946/1929 1225/967/1929 1224/947/1929
f 1218/1819/1930 1232/965/1930 1225/967/1930
f 1200/932/1931 1236/968/1931 1219/970/1931
f 1201/934/1932 1241/949/1932 1226/1820/1932
f 1228/955/1933 1203/1823/1933 1204/953/1933
f 1215/941/1934 1222/962/1934 1230/972/1934
f 1224/947/1935 1225/967/1935 1250/977/1935
f 1222/962/1936 1223/957/1936 1231/956/1936
f 1213/937/1937 1237/989/1937 1212/943/1937
f 1208/960/1938 1234/959/1938 1238/954/1938
f 1222/962/1939 1235/961/1939 1230/972/1939
f 1231/956/1940 1224/947/1940 1235/961/1940
f 1240/964/1941 1230/972/1941 1235/961/1941
f 1244/966/1942 1232/965/1942 1251/969/1942
f 1219/970/1943 1251/969/1943 1232/965/1943
f 1226/1820/1944 1245/996/1944 1236/968/1944
f 1226/1820/1945 1241/949/1945 1245/996/1945
f 1230/972/1946 1243/974/1946 1242/973/1946
f 1240/964/1947 1224/947/1947 1243/974/1947
f 1225/967/1948 1244/966/1948 1250/977/1948
f 1233/963/1949 1221/952/1949 1246/998/1949
f 1227/951/1950 1228/955/1950 1256/971/1950
f 1239/982/1951 1247/987/1951 1229/945/1951
f 1241/949/1952 1252/975/1952 1245/996/1952
f 1220/944/1953 63/978/1953 1252/975/1953
f 1254/1824/1954 1249/984/1954 1261/983/1954
f 1248/980/1955 1254/1824/1955 1253/981/1955
f 1236/968/1956 1274/1005/1956 1262/986/1956
f 1257/979/1957 1234/959/1957 1258/988/1957
f 1239/982/1958 1259/1825/1958 1247/987/1958
f 1251/969/1959 1262/986/1959 1255/985/1959
f 1212/943/1960 64/990/1960 63/978/1960
f 1227/951/1961 1267/992/1961 1246/998/1961
f 1256/971/1962 1238/954/1962 1267/992/1962
f 1259/1825/1963 1264/1826/1963 1247/987/1963
f 1244/966/1964 1255/985/1964 61/1827/1964
f 1233/963/1965 1246/998/1965 54/997/1965
f 1269/1828/1966 1265/994/1966 1272/993/1966
f 1262/986/1967 62/1829/1967 1255/985/1967
f 1245/996/1968 1270/995/1968 1274/1005/1968
f 64/990/1969 1237/989/1969 73/1278/1969
f 62/1829/1970 1262/986/1970 1274/1005/1970
f 1255/985/1971 1273/1830/1971 61/1827/1971
f 1270/995/1972 1252/975/1972 508/1831/1972
f 1233/963/1973 54/997/1973 776/1832/1973
f 57/1833/1974 1258/988/1974 1276/1834/1974
f 1258/988/1975 57/1833/1975 56/1000/1975
f 1255/985/1976 62/1829/1976 1273/1830/1976
f 1252/975/1977 63/978/1977 508/1831/1977
f 8/708/1978 925/1763/1978 923/1759/1978
f 923/1759/1979 925/1763/1979 924/1760/1979
f 974/731/1980 88/725/1980 1326/1043/1980
f 984/749/1981 1338/1065/1981 87/750/1981
f 1050/1787/1982 81/813/1982 80/1835/1982
f 1064/825/1983 1454/1002/1983 79/863/1983
f 1213/937/1984 75/936/1984 74/1003/1984
f 1237/989/1985 74/1003/1985 73/1278/1985
f 64/990/1986 73/1278/1986 459/1836/1986
f 62/1829/1987 1274/1005/1987 525/1004/1987
f 1266/976/1988 61/1827/1988 60/1837/1988
f 1266/976/1989 60/1837/1989 59/999/1989
f 58/1838/1990 57/1833/1990 1276/1834/1990
f 1267/992/1991 1263/991/1991 1275/1008/1991
f 1275/1008/1992 55/1839/1992 773/1840/1992
f 1267/992/1993 773/1840/1993 54/997/1993
f 6/1841/1994 5/938/1994 1233/963/1994
f 2/828/1995 1/1842/1995 1059/818/1995
f 1279/1534/1996 1287/1025/1996 1278/1013/1996
f 1288/1016/1997 1280/1843/1997 1281/1014/1997
f 15/1019/1998 1296/1018/1998 1283/1305/1998
f 1284/1017/1999 13/1545/1999 1289/1023/1999
f 13/1545/2000 12/1844/2000 1289/1023/2000
f 1294/1026/2001 1287/1025/2001 1288/1016/2001
f 1288/1016/2002 1282/1015/2002 1295/1845/2002
f 1282/1015/2003 1283/1305/2003 1295/1845/2003
f 1283/1305/2004 1296/1018/2004 1295/1845/2004
f 12/1844/2005 1290/1028/2005 1289/1023/2005
f 926/710/2006 1301/1021/2006 1317/1034/2006
f 1292/1020/2007 21/1011/2007 1301/1021/2007
f 1278/1013/2008 1293/1846/2008 1298/1024/2008
f 21/1011/2009 1286/1010/2009 1301/1021/2009
f 1299/1027/2010 1293/1846/2010 1287/1025/2010
f 1294/1026/2011 1288/1016/2011 1295/1845/2011
f 1289/1023/2012 1305/1037/2012 1297/1022/2012
f 1289/1023/2013 1300/1029/2013 1305/1037/2013
f 1303/1847/2014 1293/1846/2014 1299/1027/2014
f 1318/1848/2015 1299/1027/2015 1294/1026/2015
f 1294/1026/2016 1295/1845/2016 1318/1848/2016
f 1290/1028/2017 1285/1032/2017 1310/1040/2017
f 1301/1021/2018 1298/1024/2018 1312/1033/2018
f 1307/1849/2019 1302/1850/2019 1303/1847/2019
f 1307/1849/2020 1303/1847/2020 1318/1848/2020
f 88/725/2021 926/710/2021 1317/1034/2021
f 1285/1032/2022 1311/1031/2022 1310/1040/2022
f 1291/1030/2023 1325/20/2023 1311/1031/2023
f 1314/1851/2024 1302/1850/2024 1307/1849/2024
f 1307/1849/2025 1318/1848/2025 1314/1851/2025
f 1304/1852/2026 1308/1853/2026 1330/1044/2026
f 1308/1853/2027 1297/1022/2027 1319/1038/2027
f 1305/1037/2028 1315/1039/2028 1319/1038/2028
f 1290/1028/2029 1316/1041/2029 1300/1029/2029
f 1312/1033/2030 1306/1035/2030 1313/1047/2030
f 1322/1048/2031 1313/1047/2031 1314/1851/2031
f 1322/1048/2032 1314/1851/2032 1318/1848/2032
f 1330/1044/2033 1308/1853/2033 1319/1038/2033
f 1310/1040/2034 1320/1042/2034 1316/1041/2034
f 1310/1040/2035 1311/1031/2035 1320/1042/2035
f 1317/1034/2036 1312/1033/2036 1321/1854/2036
f 1312/1033/2037 1313/1047/2037 1321/1854/2037
f 1300/1029/2038 1324/1055/2038 1309/1036/2038
f 1327/1049/2039 1321/1854/2039 1313/1047/2039
f 1317/1034/2040 1321/1854/2040 1329/1046/2040
f 1322/1048/2041 1318/1848/2041 1342/1052/2041
f 1332/1053/2042 1327/1049/2042 1322/1048/2042
f 1325/20/2043 49/326/2043 1328/1051/2043
f 1321/1854/2044 1327/1049/2044 1332/1053/2044
f 1352/1054/2045 1319/1038/2045 1334/1077/2045
f 1329/1046/2046 1321/1854/2046 1339/1063/2046
f 1321/1854/2047 1332/1053/2047 1339/1063/2047
f 1320/1042/2048 1336/1058/2048 1344/1057/2048
f 49/326/2049 50/325/2049 1337/1062/2049
f 1326/1043/2050 1329/1046/2050 1338/1065/2050
f 1339/1063/2051 1332/1053/2051 1340/1060/2051
f 1324/1055/2052 1343/1061/2052 1346/1855/2052
f 1332/1053/2053 1342/1052/2053 1341/1059/2053
f 1323/1856/2054 1330/1044/2054 1333/1045/2054
f 1324/1055/2055 1346/1855/2055 1331/1056/2055
f 1336/1058/2056 1328/1051/2056 51/102/2056
f 1328/1051/2057 1337/1062/2057 51/102/2057
f 1338/1065/2058 1329/1046/2058 1350/1086/2058
f 1342/1052/2059 1323/1856/2059 1345/1069/2059
f 1348/1050/2060 1347/1857/2060 1343/1061/2060
f 1348/1050/2061 1344/1057/2061 1349/1858/2061
f 1349/1858/2062 1344/1057/2062 1354/1859/2062
f 1341/1059/2063 1342/1052/2063 1400/1070/2063
f 1344/1057/2064 1336/1058/2064 1354/1859/2064
f 1338/1065/2065 1350/1086/2065 1362/1067/2065
f 1347/1857/2066 1348/1050/2066 1353/1860/2066
f 1348/1050/2067 1349/1858/2067 1353/1860/2067
f 1333/1045/2068 1352/1054/2068 1367/1076/2068
f 1331/1056/2069 1356/1861/2069 1355/1071/2069
f 1357/1862/2070 1346/1855/2070 1358/1081/2070
f 1346/1855/2071 1359/1079/2071 1358/1081/2071
f 1365/1863/2072 1364/1068/2072 1341/1059/2072
f 1343/1061/2073 1347/1857/2073 1360/1082/2073
f 1354/1859/2074 1336/1058/2074 1372/104/2074
f 1365/1863/2075 1341/1059/2075 1366/1074/2075
f 1355/1071/2076 1356/1861/2076 1370/1864/2076
f 1335/1072/2077 1369/1078/2077 1334/1077/2077
f 1370/1864/2078 1356/1861/2078 1386/1101/2078
f 1357/1862/2079 1358/1081/2079 1371/1080/2079
f 1359/1079/2080 1360/1082/2080 1371/1080/2080
f 1360/1082/2081 1347/1857/2081 1393/324/2081
f 1347/1857/2082 1353/1860/2082 1393/324/2082
f 1361/1066/2083 1362/1067/2083 1395/1083/2083
f 1362/1067/2084 1350/1086/2084 1380/1085/2084
f 1350/1086/2085 1351/1064/2085 1381/1087/2085
f 1374/1095/2086 1363/1073/2086 1364/1068/2086
f 1375/1125/2087 1366/1074/2087 1400/1070/2087
f 1365/1863/2088 1366/1074/2088 1375/1125/2088
f 1345/1069/2089 1367/1076/2089 1376/1090/2089
f 1391/1092/2090 1369/1078/2090 1378/1093/2090
f 1367/1076/2091 1368/1075/2091 1377/1091/2091
f 1368/1075/2092 1334/1077/2092 1377/1091/2092
f 1334/1077/2093 1391/1092/2093 1377/1091/2093
f 1378/1093/2094 1392/1103/2094 1391/1092/2094
f 1376/1090/2095 1385/1098/2095 1390/1097/2095
f 1377/1091/2096 1391/1092/2096 1385/1098/2096
f 1389/1107/2097 1382/1088/2097 1399/1099/2097
f 1399/1099/2098 1383/1094/2098 1411/1100/2098
f 1384/1096/2099 1374/1095/2099 1411/1100/2099
f 1397/1105/2100 1381/1087/2100 1387/1865/2100
f 1386/1101/2101 1371/1080/2101 1425/1102/2101
f 1379/1084/2102 1395/1083/2102 1394/1104/2102
f 1380/1085/2103 1381/1087/2103 1396/1106/2103
f 1400/1070/2104 1390/1097/2104 1415/1150/2104
f 1389/1107/2105 1399/1099/2105 1398/1108/2105
f 1374/1095/2106 1375/1125/2106 1411/1100/2106
f 1402/1112/2107 1380/1085/2107 1396/1106/2107
f 1371/1080/2108 1393/324/2108 1425/1102/2108
f 1395/1083/2109 1380/1085/2109 1402/1112/2109
f 1404/1866/2110 1396/1106/2110 1397/1105/2110
f 1404/1866/2111 1397/1105/2111 1428/1113/2111
f 1375/1125/2112 1415/1150/2112 1458/1166/2112
f 1385/1098/2113 1405/1135/2113 1423/1114/2113
f 1392/1103/2114 1406/1117/2114 1401/1110/2114
f 1392/1103/2115 1425/1102/2115 1438/1116/2115
f 1410/1124/2116 1402/1112/2116 1403/1111/2116
f 1399/1099/2117 1411/1100/2117 1428/1113/2117
f 1414/1867/2118 1408/1118/2118 1409/1120/2118
f 1418/1132/2119 1407/1128/2119 1412/1119/2119
f 1406/1117/2120 1438/1116/2120 1431/1138/2120
f 84/1868/2121 1407/1128/2121 83/1001/2121
f 1420/1869/2122 1412/1119/2122 1413/1122/2122
f 1436/1147/2123 1414/1867/2123 1421/1123/2123
f 1405/1135/2124 1429/1134/2124 1423/1114/2124
f 1427/1870/2125 1417/1130/2125 1418/1132/2125
f 1427/1870/2126 1418/1132/2126 1419/1131/2126
f 1411/1100/2127 1446/1126/2127 1441/1133/2127
f 1375/1125/2128 1458/1166/2128 1446/1126/2128
f 1424/1121/2129 1406/1117/2129 1430/1151/2129
f 1423/1114/2130 1447/1871/2130 1422/1115/2130
f 1406/1117/2131 1431/1138/2131 1430/1151/2131
f 1435/1872/2132 1426/1129/2132 1417/1130/2132
f 1427/1870/2133 1436/1147/2133 1440/1143/2133
f 1439/1145/2134 1432/1141/2134 1433/1140/2134
f 1439/1145/2135 1433/1140/2135 1434/1873/2135
f 1422/1115/2136 1447/1871/2136 1437/1136/2136
f 1423/1114/2137 1451/1159/2137 1442/1161/2137
f 1449/1153/2138 1439/1145/2138 1445/1144/2138
f 1454/1002/2139 1449/1153/2139 1455/1152/2139
f 1429/1134/2140 1452/1155/2140 1451/1159/2140
f 1431/1138/2141 1453/1137/2141 1470/1162/2141
f 1447/1871/2142 1468/1169/2142 1437/1136/2142
f 1459/1874/2143 1454/1002/2143 1455/1152/2143
f 1443/1142/2144 1430/1151/2144 1469/1163/2144
f 1421/1123/2145 1467/1158/2145 1456/1146/2145
f 1441/1133/2146 1473/1154/2146 1457/1148/2146
f 1430/1151/2147 1431/1138/2147 1469/1163/2147
f 79/863/2148 1459/1874/2148 1464/1875/2148
f 1459/1874/2149 1460/1876/2149 1464/1875/2149
f 1461/1157/2150 1450/1156/2150 1465/1877/2150
f 1463/1160/2151 1451/1159/2151 1481/1171/2151
f 1446/1126/2152 1479/1167/2152 1473/1154/2152
f 79/863/2153 1471/1878/2153 1475/1879/2153
f 1457/1148/2154 1473/1154/2154 1478/1174/2154
f 1437/1136/2155 1480/1170/2155 1462/1149/2155
f 1469/1163/2156 1470/1162/2156 1474/1177/2156
f 1471/1878/2157 1472/1168/2157 1475/1879/2157
f 1473/1154/2158 1479/1167/2158 1478/1174/2158
f 1458/1166/2159 1462/1149/2159 1492/1179/2159
f 1458/1166/2160 1492/1179/2160 1485/1183/2160
f 1468/1169/2161 1487/1880/2161 1480/1170/2161
f 1443/1142/2162 1469/1163/2162 1496/1175/2162
f 1480/1170/2163 1486/1178/2163 1462/1149/2163
f 1480/1170/2164 1487/1880/2164 1486/1178/2164
f 1443/1142/2165 1502/1176/2165 1481/1171/2165
f 1133/864/2166 79/863/2166 1490/1188/2166
f 1490/1188/2167 1475/1879/2167 1482/1881/2167
f 79/863/2168 1475/1879/2168 1490/1188/2168
f 1483/1882/2169 1484/1182/2169 1491/1883/2169
f 1487/1880/2170 1494/1884/2170 1493/1198/2170
f 1487/1880/2171 1493/1198/2171 1486/1178/2171
f 1490/1188/2172 1491/1883/2172 1498/1189/2172
f 1463/1160/2173 1495/1180/2173 1488/1187/2173
f 1481/1171/2174 1507/1200/2174 1495/1180/2174
f 1485/1183/2175 1500/1185/2175 1512/1184/2175
f 1479/1167/2176 1512/1184/2176 1505/1173/2176
f 1498/1189/2177 1499/1181/2177 1503/1885/2177
f 1133/864/2178 1490/1188/2178 78/902/2178
f 1478/1174/2179 1505/1173/2179 1504/1886/2179
f 1501/1186/2180 1495/1180/2180 1520/1194/2180
f 1507/1200/2181 1481/1171/2181 1515/1190/2181
f 1495/1180/2182 1507/1200/2182 1520/1194/2182
f 1502/1176/2183 1496/1175/2183 1508/1192/2183
f 1496/1175/2184 1474/1177/2184 1509/1191/2184
f 1498/1189/2185 1503/1885/2185 1511/1196/2185
f 1492/1179/2186 1513/1205/2186 1500/1185/2186
f 1501/1186/2187 1514/1195/2187 1493/1198/2187
f 1509/1191/2188 1474/1177/2188 1516/1209/2188
f 1511/1196/2189 1504/1886/2189 1518/1887/2189
f 78/902/2190 1498/1189/2190 1511/1196/2190
f 1505/1173/2191 1525/1197/2191 1519/1203/2191
f 1518/1887/2192 1519/1203/2192 1521/1202/2192
f 77/904/2193 1511/1196/2193 1524/1888/2193
f 1558/1212/2194 1516/1209/2194 1510/1211/2194
f 1512/1184/2195 1526/1213/2195 1525/1197/2195
f 1514/1195/2196 1529/1216/2196 1493/1198/2196
f 1514/1195/2197 1530/1206/2197 1529/1216/2197
f 1510/1211/2198 1497/1172/2198 1539/1207/2198
f 1527/1208/2199 1506/1199/2199 1528/1217/2199
f 1513/1205/2200 1527/1208/2200 1522/1204/2200
f 1530/1206/2201 1535/1218/2201 1529/1216/2201
f 1545/1210/2202 1508/1192/2202 1509/1191/2202
f 1523/1201/2203 1508/1192/2203 1545/1210/2203
f 1532/1889/2204 1525/1197/2204 1533/1214/2204
f 77/904/2205 1524/1888/2205 1531/1225/2205
f 1524/1888/2206 1525/1197/2206 1532/1889/2206
f 1512/1184/2207 1550/1215/2207 1526/1213/2207
f 1536/1220/2208 1523/1201/2208 1537/1222/2208
f 1517/1193/2209 1546/1229/2209 1539/1207/2209
f 1517/1193/2210 52/189/2210 1546/1229/2210
f 1532/1889/2211 1533/1214/2211 1541/1890/2211
f 1538/1221/2212 1545/1210/2212 1571/1240/2212
f 1545/1210/2213 1516/1209/2213 1572/1228/2213
f 1526/1213/2214 1550/1215/2214 1549/1235/2214
f 1522/1204/2215 1555/1230/2215 1550/1215/2215
f 1527/1208/2216 1551/1231/2216 1555/1230/2216
f 1534/1219/2217 1535/1218/2217 1552/1238/2217
f 1535/1218/2218 1536/1220/2218 1552/1238/2218
f 1547/1233/2219 1548/1237/2219 1554/1236/2219
f 52/189/2220 1566/216/2220 1546/1229/2220
f 1543/1226/2221 1563/1891/2221 1551/1231/2221
f 1552/1238/2222 1553/1232/2222 1556/1250/2222
f 1553/1232/2223 1537/1222/2223 1556/1250/2223
f 1558/1212/2224 1546/1229/2224 1573/1259/2224
f 76/1224/2225 1540/1223/2225 75/936/2225
f 1540/1223/2226 1531/1225/2226 1588/1246/2226
f 1568/1892/2227 1560/1242/2227 1569/1893/2227
f 1551/1231/2228 1563/1891/2228 1562/1244/2228
f 1552/1238/2229 1556/1250/2229 1565/1245/2229
f 1546/1229/2230 1582/1894/2230 1573/1259/2230
f 1546/1229/2231 1566/216/2231 1582/1894/2231
f 75/936/2232 1540/1223/2232 1583/1247/2232
f 1531/1225/2233 1559/1234/2233 1567/1248/2233
f 1559/1234/2234 1560/1242/2234 1568/1892/2234
f 1555/1230/2235 1577/1249/2235 1560/1242/2235
f 1556/1250/2236 1570/1251/2236 1565/1245/2236
f 1557/1241/2237 1571/1240/2237 1617/1264/2237
f 1558/1212/2238 1573/1259/2238 1572/1228/2238
f 1576/1252/2239 1569/1893/2239 1560/1242/2239
f 1578/1253/2240 1561/1243/2240 1562/1244/2240
f 1562/1244/2241 1563/1891/2241 1580/1254/2241
f 1595/1267/2242 1588/1246/2242 1567/1248/2242
f 1567/1248/2243 1574/1895/2243 1584/1896/2243
f 1589/1271/2244 1584/1896/2244 1585/1897/2244
f 1570/1251/2245 1587/1256/2245 1565/1245/2245
f 1571/1240/2246 1572/1228/2246 1594/1257/2246
f 1567/1248/2247 1584/1896/2247 1609/1270/2247
f 1577/1249/2248 1578/1253/2248 1603/1284/2248
f 1591/1268/2249 1579/1255/2249 1580/1254/2249
f 1582/1894/2250 1599/1273/2250 1573/1259/2250
f 1589/1271/2251 1590/1261/2251 1596/1898/2251
f 1557/1241/2252 1608/1265/2252 1587/1256/2252
f 1595/1267/2253 1567/1248/2253 1609/1270/2253
f 1589/1271/2254 1596/1898/2254 1600/1272/2254
f 1613/1269/2255 1598/1293/2255 1579/1255/2255
f 1577/1249/2256 1603/1284/2256 1602/1283/2256
f 1573/1259/2257 1618/1277/2257 1594/1257/2257
f 74/1003/2258 1583/1247/2258 1604/1263/2258
f 1600/1272/2259 1601/1899/2259 1606/1900/2259
f 1610/1281/2260 1606/1900/2260 1611/1901/2260
f 1582/1894/2261 53/248/2261 1599/1273/2261
f 1605/1266/2262 1609/1270/2262 1622/1279/2262
f 1609/1270/2263 1600/1272/2263 1610/1281/2263
f 1606/1900/2264 1607/1902/2264 1611/1901/2264
f 1614/1286/2265 1592/1262/2265 1615/1295/2265
f 1591/1268/2266 1592/1262/2266 1614/1286/2266
f 1611/1901/2267 1612/1903/2267 1619/1904/2267
f 1592/1262/2268 1616/1275/2268 1615/1295/2268
f 1620/1285/2269 1612/1903/2269 1602/1283/2269
f 1603/1284/2270 1598/1293/2270 1632/1288/2270
f 1608/1265/2271 1617/1264/2271 1627/1291/2271
f 53/248/2272 1639/323/2272 1599/1273/2272
f 1610/1281/2273 1611/1901/2273 1623/1905/2273
f 1611/1901/2274 1619/1904/2274 1623/1905/2274
f 1613/1269/2275 1591/1268/2275 1626/1290/2275
f 1617/1264/2276 1628/1276/2276 1627/1291/2276
f 1616/1275/2277 1627/1291/2277 1637/1294/2277
f 1599/1273/2278 1651/1292/2278 1638/1274/2278
f 1610/1281/2279 1629/1906/2279 1634/1907/2279
f 1629/1906/2280 1630/1908/2280 1634/1907/2280
f 1640/1619/2281 33/1280/2281 1622/1279/2281
f 1627/1291/2282 1628/1276/2282 1637/1294/2282
f 1633/1282/2283 1610/1281/2283 1645/1311/2283
f 1610/1281/2284 1634/1907/2284 1645/1311/2284
f 1634/1907/2285 1635/1909/2285 1641/1910/2285
f 1643/1296/2286 1632/1288/2286 1648/1297/2286
f 1644/1302/2287 1614/1286/2287 1615/1295/2287
f 1645/1311/2288 1641/1910/2288 1646/1911/2288
f 1637/1294/2289 1618/1277/2289 1651/1292/2289
f 1640/1619/2290 1622/1279/2290 1633/1282/2290
f 1641/1910/2291 1642/1912/2291 1646/1911/2291
f 1626/1290/2292 1621/1287/2292 1649/1299/2292
f 1646/1911/2293 1647/1298/2293 1652/1309/2293
f 1640/1619/2294 1633/1282/2294 32/329/2294
f 1633/1282/2295 1645/1311/2295 31/327/2295
f 1645/1311/2296 1646/1911/2296 30/342/2296
f 1644/1302/2297 1637/1294/2297 25/1304/2297
f 1280/1843/2298 18/1913/2298 1281/1014/2298
f 18/1913/2299 1280/1843/2299 1279/1534/2299
f 16/1306/2300 1283/1305/2300 1282/1015/2300
f 14/1546/2301 1284/1017/2301 15/1019/2301
f 50/325/2302 49/326/2302 140/56/2302
f 12/1844/2303 1285/1032/2303 1290/1028/2303
f 1393/324/2304 1372/104/2304 263/114/2304
f 1566/216/2305 53/248/2305 1582/1894/2305
f 1489/1164/2306 279/172/2306 52/189/2306
f 1651/1292/2307 1639/323/2307 467/339/2307
f 1637/1294/2308 1651/1292/2308 467/339/2308
f 1650/1301/2309 25/1304/2309 26/1307/2309
f 1649/1299/2310 1650/1301/2310 463/332/2310
f 1654/1300/2311 1649/1299/2311 463/332/2311
f 1652/1309/2312 1653/1303/2312 29/1310/2312
f 1444/1914/2313 81/813/2313 1432/1141/2313
f 1658/1315/2314 34/1754/2314 1656/1313/2314
f 1656/1313/2315 1657/1915/2315 1659/1314/2315
f 1659/1314/2316 1660/1752/2316 1661/1916/2316
f 1665/1751/2317 1661/1916/2317 1660/1752/2317
f 1662/1388/2318 1663/1917/2318 1664/1389/2318
f 1664/1389/2319 1665/1751/2319 1666/1918/2319
f 1664/1389/2320 1666/1918/2320 1667/1919/2320
f 1667/1919/2321 1668/1316/2321 1670/1318/2321
f 1671/1319/2322 1667/1919/2322 1670/1318/2322
f 1669/1390/2323 1667/1919/2323 1671/1319/2323
f 1671/1319/2324 1672/1317/2324 1673/1920/2324
f 1673/1920/2325 1674/1322/2325 1671/1319/2325
f 1674/1322/2326 1675/1750/2326 1677/1320/2326
f 1674/1322/2327 1676/1321/2327 1671/1319/2327
f 1682/1921/2328 1677/1320/2328 1683/1325/2328
f 1677/1320/2329 1678/1323/2329 1683/1325/2329
f 1680/1327/2330 1687/1922/2330 1686/1328/2330
f 1681/1923/2331 1682/1921/2331 1688/1924/2331
f 1682/1921/2332 1683/1325/2332 1688/1924/2332
f 1690/1324/2333 1684/1326/2333 1691/1925/2333
f 1699/1330/2334 1693/1926/2334 1706/1333/2334
f 1690/1324/2335 1691/1925/2335 1689/1331/2335
f 1691/1925/2336 1692/1329/2336 1689/1331/2336
f 1692/1329/2337 1693/1926/2337 1699/1330/2337
f 1701/1338/2338 1695/1748/2338 1702/1336/2338
f 1694/1334/2339 1701/1338/2339 1700/1332/2339
f 1697/1927/2340 1698/1928/2340 1705/1335/2340
f 1698/1928/2341 1689/1331/2341 1705/1335/2341
f 1708/1929/2342 1701/1338/2342 1709/1337/2342
f 1712/1342/2343 1703/1339/2343 1704/1343/2343
f 1703/1339/2344 1712/1342/2344 1711/1340/2344
f 1705/1335/2345 1699/1330/2345 1734/1344/2345
f 1699/1330/2346 1706/1333/2346 1758/1346/2346
f 1706/1333/2347 1707/1930/2347 1758/1346/2347
f 1702/1336/2348 1714/1351/2348 1713/1353/2348
f 1708/1929/2349 1709/1337/2349 1713/1353/2349
f 1709/1337/2350 1702/1336/2350 1713/1353/2350
f 1695/1748/2351 1710/1356/2351 1715/1931/2351
f 1711/1340/2352 1718/1932/2352 1717/1347/2352
f 1742/1352/2353 1710/1356/2353 1726/1933/2353
f 1712/1342/2354 1734/1344/2354 1725/1349/2354
f 1714/1351/2355 1715/1931/2355 1742/1352/2355
f 1715/1931/2356 1710/1356/2356 1742/1352/2356
f 1726/1933/2357 1710/1356/2357 1721/1355/2357
f 1719/1350/2358 1725/1349/2358 1724/1361/2358
f 1716/1354/2359 1728/1934/2359 1727/1935/2359
f 1716/1354/2360 1729/1747/2360 1728/1934/2360
f 1722/1358/2361 1732/1936/2361 1731/1359/2361
f 1742/1352/2362 1727/1935/2362 1735/1373/2362
f 1727/1935/2363 1728/1934/2363 1735/1373/2363
f 1736/1937/2364 1729/1747/2364 1737/1938/2364
f 1729/1747/2365 1738/1746/2365 1737/1938/2365
f 1740/1939/2366 1731/1359/2366 1732/1936/2366
f 1731/1359/2367 1740/1939/2367 1739/1360/2367
f 1735/1373/2368 1736/1937/2368 1743/1375/2368
f 1725/1349/2369 1734/1344/2369 1741/1370/2369
f 1734/1344/2370 1720/1345/2370 1751/1366/2370
f 1713/1353/2371 1742/1352/2371 1765/1357/2371
f 1743/1375/2372 1737/1938/2372 1744/1940/2372
f 1736/1937/2373 1737/1938/2373 1743/1375/2373
f 1748/1369/2374 1739/1360/2374 1740/1939/2374
f 1739/1360/2375 1748/1369/2375 1747/1364/2375
f 1748/1369/2376 1740/1939/2376 1749/1362/2376
f 1749/1362/2377 1725/1349/2377 1772/1371/2377
f 1741/1370/2378 1734/1344/2378 1750/1367/2378
f 1742/1352/2379 1735/1373/2379 1774/1372/2379
f 1743/1375/2380 1744/1940/2380 1752/1376/2380
f 1744/1940/2381 1745/1745/2381 1752/1376/2381
f 1753/1941/2382 1746/1744/2382 1754/1743/2382
f 1757/1368/2383 1747/1364/2383 1748/1369/2383
f 1749/1362/2384 1763/1942/2384 1757/1368/2384
f 1751/1366/2385 1720/1345/2385 1773/1381/2385
f 1735/1373/2386 1743/1375/2386 1792/1374/2386
f 1752/1376/2387 1753/1941/2387 1759/1378/2387
f 1753/1941/2388 1754/1743/2388 1759/1378/2388
f 1760/1943/2389 1755/1742/2389 1761/1741/2389
f 1766/1382/2390 1761/1741/2390 1767/1944/2390
f 1757/1368/2391 1763/1942/2391 1780/1398/2391
f 1749/1362/2392 1764/1404/2392 1763/1942/2392
f 1760/1943/2393 1761/1741/2393 1766/1382/2393
f 1761/1741/2394 1768/1945/2394 1767/1944/2394
f 1764/1404/2395 1772/1371/2395 1790/1402/2395
f 1762/1365/2396 1771/1946/2396 1770/1391/2396
f 1750/1367/2397 1751/1366/2397 1783/1379/2397
f 1766/1382/2398 1767/1944/2398 1775/1409/2398
f 1759/1378/2399 1760/1943/2399 1766/1382/2399
f 1775/1409/2400 1767/1944/2400 1768/1945/2400
f 1775/1409/2401 1768/1945/2401 1776/1947/2401
f 1769/1392/2402 1778/1397/2402 1777/1393/2402
f 1764/1404/2403 1788/1411/2403 1763/1942/2403
f 1790/1402/2404 1772/1371/2404 1791/1422/2404
f 1784/1948/2405 1775/1409/2405 1776/1947/2405
f 1784/1948/2406 1776/1947/2406 66/1739/2406
f 1777/1393/2407 1786/1949/2407 1785/1394/2407
f 1793/1383/2408 1785/1394/2408 1794/1950/2408
f 1779/1395/2409 1804/1399/2409 1787/1396/2409
f 1763/1942/2410 1788/1411/2410 1781/1400/2410
f 1764/1404/2411 1789/1403/2411 1788/1411/2411
f 1772/1371/2412 1782/1377/2412 1791/1422/2412
f 1773/1381/2413 1758/1346/2413 1815/1406/2413
f 1792/1374/2414 1766/1382/2414 1810/1408/2414
f 1775/1409/2415 1784/1948/2415 93/1410/2415
f 1830/1434/2416 1758/1346/2416 1765/1357/2416
f 1780/1398/2417 1819/1401/2417 1804/1399/2417
f 1781/1400/2418 1820/1441/2418 1819/1401/2418
f 1811/1407/2419 1766/1382/2419 1775/1409/2419
f 1801/1384/2420 1797/1951/2420 1812/1427/2420
f 1797/1951/2421 1793/1383/2421 1798/1952/2421
f 1790/1402/2422 1791/1422/2422 1806/1429/2422
f 1782/1377/2423 1783/1379/2423 1800/1413/2423
f 1815/1406/2424 1758/1346/2424 1830/1434/2424
f 1765/1357/2425 1774/1372/2425 1831/1417/2425
f 1774/1372/2426 1792/1374/2426 1822/1414/2426
f 1797/1951/2427 1802/1953/2427 1812/1427/2427
f 1781/1400/2428 1805/1412/2428 1820/1441/2428
f 1789/1403/2429 1790/1402/2429 1806/1429/2429
f 1806/1429/2430 1791/1422/2430 1807/1423/2430
f 1791/1422/2431 1782/1377/2431 1837/1416/2431
f 1801/1384/2432 1816/1954/2432 10/1418/2432
f 1813/1425/2433 1818/1955/2433 1817/1426/2433
f 1804/1399/2434 1819/1401/2434 1839/1420/2434
f 1788/1411/2435 1821/1428/2435 1805/1412/2435
f 1823/1450/2436 1810/1408/2436 1811/1407/2436
f 10/1418/2437 1824/1435/2437 9/1437/2437
f 1821/1428/2438 1789/1403/2438 1827/1431/2438
f 1808/1415/2439 1800/1413/2439 1828/1433/2439
f 1800/1413/2440 1814/1424/2440 1829/1432/2440
f 1824/1435/2441 1833/1956/2441 1832/1436/2441
f 1818/1955/2442 1839/1420/2442 1826/1438/2442
f 1819/1401/2443 1835/1442/2443 1839/1420/2443
f 1820/1441/2444 1840/1443/2444 1835/1442/2444
f 1845/1453/2445 1814/1424/2445 1846/1461/2445
f 1829/1432/2446 1814/1424/2446 1845/1453/2446
f 9/1437/2447 1832/1436/2447 1838/1445/2447
f 1809/1405/2448 1815/1406/2448 1846/1461/2448
f 1840/1443/2449 1805/1412/2449 1848/1448/2449
f 1846/1461/2450 1815/1406/2450 1850/1455/2450
f 1823/1450/2451 69/1957/2451 70/1451/2451
f 1835/1442/2452 1840/1443/2452 1852/1456/2452
f 1838/1445/2453 1843/1464/2453 1842/1446/2453
f 1844/1449/2454 1836/1430/2454 1837/1416/2454
f 1863/1482/2455 1822/1414/2455 1810/1408/2455
f 1831/1417/2456 1822/1414/2456 1863/1482/2456
f 1853/1465/2457 1840/1443/2457 1848/1448/2457
f 1840/1443/2458 1853/1465/2458 1852/1456/2458
f 1828/1433/2459 1829/1432/2459 1858/1454/2459
f 1815/1406/2460 1830/1434/2460 1859/1444/2460
f 1848/1448/2461 1821/1428/2461 1854/1457/2461
f 1826/1438/2462 1839/1420/2462 1856/1462/2462
f 1828/1433/2463 1858/1454/2463 1862/1458/2463
f 1845/1453/2464 1846/1461/2464 1855/1460/2464
f 1848/1448/2465 1857/1467/2465 1853/1465/2465
f 1839/1420/2466 1851/1447/2466 1856/1462/2466
f 1843/1464/2467 1878/1463/2467 1842/1446/2467
f 1852/1456/2468 1864/1466/2468 1851/1447/2468
f 1853/1465/2469 1861/1468/2469 1864/1466/2469
f 1827/1431/2470 1865/1475/2470 1854/1457/2470
f 1865/1475/2471 1844/1449/2471 1870/1470/2471
f 1844/1449/2472 1849/1459/2472 1871/1469/2472
f 1862/1458/2473 1858/1454/2473 1888/1472/2473
f 1864/1466/2474 1867/1473/2474 1874/1477/2474
f 1857/1467/2475 1868/1479/2475 1861/1468/2475
f 1857/1467/2476 1869/1474/2476 1868/1479/2476
f 1872/1499/2477 1856/1462/2477 1873/1478/2477
f 1856/1462/2478 1872/1499/2478 1878/1463/2478
f 1864/1466/2479 1874/1477/2479 1851/1447/2479
f 1866/1471/2480 1888/1472/2480 1876/1493/2480
f 1863/1482/2481 1860/1452/2481 71/1483/2481
f 1867/1473/2482 1861/1468/2482 1882/1489/2482
f 1861/1468/2483 1879/1480/2483 1882/1489/2483
f 1870/1470/2484 1880/1481/2484 1875/1486/2484
f 1869/1474/2485 1887/1958/2485 1879/1480/2485
f 1897/1498/2486 1831/1417/2486 1898/1503/2486
f 1875/1486/2487 1884/1485/2487 1883/1959/2487
f 1866/1471/2488 1876/1493/2488 1893/1487/2488
f 1859/1444/2489 1831/1417/2489 1897/1498/2489
f 1886/1490/2490 1879/1480/2490 1887/1958/2490
f 1867/1473/2491 1885/1491/2491 1874/1477/2491
f 1867/1473/2492 1882/1489/2492 1885/1491/2492
f 1882/1489/2493 1879/1480/2493 1886/1490/2493
f 1872/1499/2494 1873/1478/2494 1922/1497/2494
f 1889/1488/2495 1877/1476/2495 1906/1495/2495
f 1876/1493/2496 1894/1492/2496 1893/1487/2496
f 1891/1504/2497 1886/1490/2497 1887/1958/2497
f 1881/1484/2498 71/1483/2498 72/1502/2498
f 1878/1463/2499 1292/1020/2499 7/1550/2499
f 1887/1958/2500 1892/1519/2500 1891/1504/2500
f 1880/1481/2501 1893/1487/2501 1884/1485/2501
f 1878/1463/2502 1901/1500/2502 1292/1020/2502
f 1885/1491/2503 1886/1490/2503 1909/1506/2503
f 1890/1517/2504 1884/1485/2504 1902/1520/2504
f 1884/1485/2505 1896/1501/2505 1902/1520/2505
f 1894/1492/2506 1903/1509/2506 1893/1487/2506
f 1893/1487/2507 1903/1509/2507 1896/1501/2507
f 1889/1488/2508 1905/1960/2508 1894/1492/2508
f 1897/1498/2509 1899/1512/2509 1895/1494/2509
f 1898/1503/2510 72/1502/2510 1915/1516/2510
f 1872/1499/2511 1922/1497/2511 1901/1500/2511
f 1921/1511/2512 1906/1495/2512 1895/1494/2512
f 1908/1496/2513 1885/1491/2513 1909/1506/2513
f 1894/1492/2514 1905/1960/2514 1904/1508/2514
f 1889/1488/2515 1906/1495/2515 1905/1960/2515
f 1899/1512/2516 1900/1513/2516 1907/1514/2516
f 1896/1501/2517 1928/1521/2517 1902/1520/2517
f 1919/1527/2518 1904/1508/2518 1905/1960/2518
f 1907/1514/2519 1898/1503/2519 1915/1516/2519
f 1891/1504/2520 1892/1519/2520 1917/1524/2520
f 1903/1509/2521 1918/1525/2521 1928/1521/2521
f 1904/1508/2522 1919/1527/2522 1911/1522/2522
f 1914/1510/2523 1899/1512/2523 1907/1514/2523
f 1908/1496/2524 1909/1506/2524 1934/1526/2524
f 1911/1522/2525 1924/1530/2525 1918/1525/2525
f 1911/1522/2526 1925/1528/2526 1924/1530/2526
f 1913/1523/2527 1920/1961/2527 1912/1962/2527
f 1921/1511/2528 1914/1510/2528 1940/1529/2528
f 1907/1514/2529 1915/1516/2529 1926/1532/2529
f 1915/1516/2530 96/1963/2530 1926/1532/2530
f 1901/1500/2531 1922/1497/2531 1933/1964/2531
f 1922/1497/2532 1934/1526/2532 1927/1543/2532
f 1902/1520/2533 1935/1536/2533 1910/1518/2533
f 1902/1520/2534 1928/1521/2534 1935/1536/2534
f 1928/1521/2535 1929/1965/2535 1936/1966/2535
f 1931/1531/2536 1918/1525/2536 1924/1530/2536
f 1918/1525/2537 1931/1531/2537 1930/1967/2537
f 1936/1966/2538 1929/1965/2538 1937/1968/2538
f 1910/1518/2539 1935/1536/2539 1917/1524/2539
f 1938/1969/2540 1930/1967/2540 1931/1531/2540
f 1932/1970/2541 1913/1523/2541 1948/1971/2541
f 1292/1020/2542 1933/1964/2542 21/1011/2542
f 1928/1521/2543 1950/1539/2543 1935/1536/2543
f 1928/1521/2544 1942/1537/2544 1950/1539/2544
f 1944/1540/2545 1936/1966/2545 1937/1968/2545
f 12/1844/2546 1948/1971/2546 1921/1511/2546
f 1921/1511/2547 1940/1529/2547 12/1844/2547
f 1949/1533/2548 1926/1532/2548 1291/1030/2548
f 1927/1543/2549 1934/1526/2549 19/1012/2549
f 1923/1505/2550 1917/1524/2550 1941/1535/2550
f 1942/1537/2551 1951/1548/2551 1945/1538/2551
f 1944/1540/2552 1947/1547/2552 1946/1541/2552
f 1947/1547/2553 1938/1969/2553 14/1546/2553
f 1949/1533/2554 12/1844/2554 1940/1529/2554
f 1950/1539/2555 1945/1538/2555 1951/1548/2555
f 1934/1526/2556 1941/1535/2556 19/1012/2556
f 1935/1536/2557 18/1913/2557 1279/1534/2557
f 1935/1536/2558 1950/1539/2558 18/1913/2558
f 66/1739/2559 67/1972/2559 1784/1948/2559
f 1784/1948/2560 67/1972/2560 68/1973/2560
f 1926/1532/2561 96/1963/2561 1291/1030/2561
f 1949/1533/2562 1291/1030/2562 1285/1032/2562
f 12/1844/2563 1949/1533/2563 1285/1032/2563
f 1951/1548/2564 15/1019/2564 16/1306/2564
f 18/1913/2565 1950/1539/2565 17/1974/2565
f 1933/1964/2566 20/1009/2566 21/1011/2566
f 926/1975/2567 7/1550/2567 1292/1020/2567
f 9/1437/2568 1841/1976/2568 8/1977/2568
f 110/1553/2569 104/14/2569 100/1552/2569 105/5/2569
f 98/10/2570 99/65/2570 106/17/2570 103/11/2570
f 112/23/2571 111/1554/2571 105/5/2571 101/8/2571
f 99/65/2572 121/35/2572 114/18/2572 106/17/2572
f 114/18/2573 120/28/2573 113/21/2573
f 127/27/2574 132/1562/2574 126/25/2574 116/24/2574
f 123/30/2575 118/22/2575 119/1556/2575
f 119/1556/2576 131/37/2576 130/1558/2576 123/30/2576
f 130/1558/2577 134/1563/2577 133/1559/2577 129/31/2577
f 121/35/2578 131/37/2578 124/29/2578
f 130/1558/2579 131/37/2579 135/1560/2579 134/1563/2579
f 127/27/2580 149/34/2580 142/1561/2580 132/1562/2580
f 135/1560/2581 145/36/2581 144/46/2581 134/1563/2581
f 143/66/2582 109/15/2582 128/1555/2582
f 133/1559/2583 153/52/2583 152/1565/2583 151/61/2583
f 144/46/2584 154/45/2584 153/52/2584 133/1559/2584
f 139/44/2585 156/48/2585 155/71/2585 146/43/2585
f 149/34/2586 183/1567/2586 182/76/2586 142/1561/2586
f 160/50/2587 169/1568/2587 183/1567/2587 159/1564/2587
f 160/50/2588 159/1564/2588 150/33/2588
f 164/51/2589 154/45/2589 172/70/2589 152/1565/2589
f 161/49/2590 162/68/2590 175/1571/2590 169/1568/2590
f 163/59/2591 172/70/2591 179/69/2591 178/74/2591
f 177/1570/2592 143/66/2592 170/79/2592
f 175/1571/2593 176/67/2593 184/89/2593 201/91/2593
f 171/60/2594 178/74/2594 185/73/2594 170/79/2594
f 184/89/2595 176/67/2595 177/1570/2595
f 185/73/2596 193/82/2596 192/80/2596 170/79/2596
f 183/1567/2597 201/91/2597 211/105/2597 200/77/2597
f 199/87/2598 205/101/2598 204/98/2598 198/88/2598
f 203/95/2599 222/126/2599 221/1575/2599 187/75/2599
f 210/100/2600 223/124/2600 204/98/2600
f 214/110/2601 213/1573/2601 206/99/2601
f 218/1574/2602 213/1573/2602 214/110/2602
f 225/109/2603 230/1578/2603 229/1577/2603 224/1576/2603
f 223/124/2604 210/100/2604 218/1574/2604
f 225/109/2605 224/1576/2605 214/110/2605
f 228/130/2606 195/107/2606 217/108/2606
f 221/1575/2607 242/1580/2607 241/144/2607 217/108/2607
f 232/119/2608 212/112/2608 202/92/2608
f 229/1577/2609 233/134/2609 218/1574/2609
f 235/1579/2610 234/129/2610 230/1578/2610
f 231/118/2611 240/123/2611 216/106/2611
f 234/129/2612 233/134/2612 229/1577/2612
f 244/128/2613 262/152/2613 261/148/2613 233/134/2613
f 221/1575/2614 222/126/2614 242/1580/2614
f 242/1580/2615 243/125/2615 251/135/2615
f 246/122/2616 274/156/2616 256/121/2616 239/117/2616
f 251/135/2617 271/160/2617 254/142/2617 242/1580/2617
f 258/140/2618 249/133/2618 250/157/2618
f 253/139/2619 257/141/2619 265/145/2619 283/155/2619
f 269/158/2620 276/163/2620 275/166/2620 265/145/2620
f 265/145/2621 258/140/2621 269/158/2621
f 274/156/2622 289/175/2622 282/184/2622 256/121/2622
f 278/1582/2623 300/187/2623 292/181/2623 268/151/2623
f 291/176/2624 293/1583/2624 290/165/2624 283/155/2624
f 291/176/2625 284/168/2625 294/178/2625 293/1583/2625
f 285/167/2626 277/159/2626 305/180/2626 313/1585/2626
f 285/167/2627 298/177/2627 284/168/2627
f 286/170/2628 315/185/2628 295/164/2628
f 299/1584/2629 298/177/2629 303/192/2629 311/199/2629
f 313/1585/2630 304/193/2630 303/192/2630 298/177/2630
f 302/191/2631 322/205/2631 336/231/2631 282/184/2631
f 311/199/2632 309/194/2632 312/198/2632
f 321/223/2633 280/154/2633 317/183/2633
f 312/198/2634 319/1588/2634 324/200/2634 311/199/2634
f 312/198/2635 304/193/2635 331/1587/2635 319/1588/2635
f 319/1588/2636 331/1587/2636 330/219/2636 329/1589/2636
f 329/1589/2637 328/218/2637 319/1588/2637
f 326/202/2638 327/204/2638 334/210/2638 333/1592/2638
f 348/222/2639 353/228/2639 352/1597/2639 332/206/2639
f 332/206/2640 326/202/2640 348/222/2640
f 339/1591/2641 326/202/2641 333/1592/2641
f 341/233/2642 336/231/2642 322/205/2642
f 343/1593/2643 342/1594/2643 338/1590/2643
f 367/235/2644 351/1595/2644 343/1593/2644
f 367/235/2645 357/1599/2645 356/240/2645 351/1595/2645
f 354/221/2646 353/228/2646 348/222/2646
f 328/218/2647 329/1589/2647 342/1594/2647
f 352/1597/2648 360/237/2648 359/1978/2648 358/1596/2648
f 352/1597/2649 353/228/2649 361/227/2649 360/237/2649
f 340/209/2650 815/1723/2650 425/230/2650 355/229/2650
f 358/1596/2651 359/1978/2651 371/247/2651 370/1600/2651
f 356/240/2652 357/1599/2652 365/1601/2652
f 366/1598/2653 365/1601/2653 357/1599/2653
f 359/1978/2654 360/237/2654 372/236/2654 371/247/2654
f 369/243/2655 370/1600/2655 379/1979/2655 378/244/2655
f 390/242/2656 375/1602/2656 366/1598/2656
f 377/245/2657 368/225/2657 369/243/2657
f 371/247/2658 394/246/2658 379/1979/2658 370/1600/2658
f 425/230/2659 815/1723/2659 454/1722/2659
f 382/1980/2660 381/266/2660 365/1601/2660 375/1602/2660
f 390/242/2661 383/1981/2661 382/1980/2661 375/1602/2661
f 394/246/2662 401/258/2662 378/244/2662 379/1979/2662
f 385/250/2663 368/225/2663 377/245/2663
f 387/252/2664 386/251/2664 377/245/2664
f 388/1604/2665 381/266/2665 382/1980/2665 383/1981/2665
f 383/1981/2666 390/242/2666 389/254/2666 388/1604/2666
f 401/258/2667 424/298/2667 392/257/2667 393/1603/2667
f 391/256/2668 376/226/2668 385/250/2668
f 393/1603/2669 392/257/2669 385/250/2669
f 393/1603/2670 385/250/2670 386/251/2670
f 400/264/2671 414/277/2671 391/256/2671
f 374/241/2672 404/1605/2672 403/287/2672 373/239/2672
f 398/261/2673 407/1982/2673 406/274/2673 397/262/2673
f 388/1604/2674 397/262/2674 406/274/2674
f 398/261/2675 410/253/2675 408/269/2675 407/1982/2675
f 384/255/2676 414/277/2676 413/279/2676 399/263/2676
f 413/279/2677 420/272/2677 399/263/2677
f 408/269/2678 416/1608/2678 415/1606/2678 407/1982/2678
f 406/274/2679 407/1982/2679 415/1606/2679
f 408/269/2680 409/268/2680 417/276/2680 416/1608/2680
f 410/253/2681 411/270/2681 419/283/2681 418/275/2681
f 412/271/2682 420/272/2682 419/283/2682 411/270/2682
f 404/1605/2683 432/1983/2683 431/299/2683 403/287/2683
f 423/1607/2684 415/1606/2684 416/1608/2684
f 418/275/2685 419/283/2685 436/282/2685
f 428/288/2686 406/274/2686 423/1607/2686
f 405/267/2687 433/289/2687 432/1983/2687 404/1605/2687
f 418/275/2688 436/282/2688 435/294/2688 429/1609/2688
f 423/1607/2689 440/297/2689 434/292/2689 428/288/2689
f 435/294/2690 447/293/2690 440/297/2690 423/1607/2690
f 426/284/2691 445/1611/2691 455/1984/2691 362/224/2691
f 443/296/2692 447/293/2692 446/1612/2692 434/292/2692
f 450/302/2693 449/312/2693 432/1983/2693 433/289/2693
f 449/312/2694 431/299/2694 432/1983/2694
f 447/293/2695 452/303/2695 451/309/2695 446/1612/2695
f 454/1722/2696 48/1721/2696 47/1610/2696 425/230/2696
f 457/308/2697 43/1616/2697 458/1614/2697 442/301/2697
f 35/238/2698 362/224/2698 455/1984/2698
f 44/314/2699 43/1616/2699 457/308/2699 452/303/2699
f 69/319/2700 92/7/2700 91/4/2700 70/1615/2700
f 94/63/2701 97/9/2701 93/318/2701 68/1985/2701
f 68/1985/2702 67/1738/2702 95/64/2702 94/63/2702
f 463/332/2703 476/331/2703 498/344/2703 462/346/2703
f 38/1617/2704 456/306/2704 441/300/2704
f 32/329/2705 483/350/2705 1640/1619/2705
f 469/335/2706 465/333/2706 466/336/2706
f 470/338/2707 469/335/2707 466/336/2707
f 471/337/2708 479/1621/2708 478/1620/2708 470/338/2708
f 475/345/2709 498/344/2709 497/369/2709 484/1622/2709
f 489/352/2710 483/350/2710 32/329/2710
f 484/1622/2711 461/343/2711 475/345/2711
f 477/334/2712 512/1628/2712 491/1623/2712 476/331/2712
f 493/359/2713 499/1626/2713 505/1631/2713 504/356/2713
f 493/359/2714 504/356/2714 492/1624/2714
f 494/358/2715 501/360/2715 500/1627/2715
f 503/370/2716 502/376/2716 474/341/2716
f 500/1627/2717 506/1629/2717 505/1631/2717 499/1626/2717
f 500/1627/2718 501/360/2718 517/380/2718 507/1630/2718
f 517/380/2719 516/1633/2719 515/1632/2719 507/1630/2719
f 495/363/2720 508/590/2720 63/364/2720
f 527/372/2721 495/363/2721 496/366/2721
f 511/377/2722 498/344/2722 491/1623/2722
f 506/1629/2723 538/399/2723 505/1631/2723
f 523/1635/2724 522/1634/2724 516/1633/2724 517/380/2724
f 512/1628/2725 530/398/2725 529/395/2725 511/377/2725
f 529/395/2726 528/378/2726 511/377/2726
f 503/370/2727 535/392/2727 542/1638/2727 502/376/2727
f 543/394/2728 521/393/2728 551/404/2728 550/409/2728
f 535/392/2729 503/370/2729 521/393/2729
f 545/1637/2730 531/1636/2730 524/379/2730
f 529/395/2731 530/398/2731 553/405/2731 552/396/2731
f 552/396/2732 565/1642/2732 560/1640/2732 536/403/2732
f 559/1641/2733 550/409/2733 551/404/2733
f 557/406/2734 567/425/2734 561/412/2734 556/411/2734
f 549/402/2735 534/388/2735 564/416/2735
f 553/405/2736 576/417/2736 552/396/2736
f 555/1639/2737 561/412/2737 566/435/2737
f 551/404/2738 565/1642/2738 579/431/2738 559/1641/2738
f 541/391/2739 574/420/2739 573/422/2739 563/408/2739
f 570/418/2740 579/431/2740 565/1642/2740
f 572/441/2741 554/400/2741 555/1639/2741
f 36/1986/2742 568/415/2742 547/414/2742
f 567/425/2743 582/427/2743 577/433/2743 561/412/2743
f 575/1643/2744 564/416/2744 569/410/2744
f 595/463/2745 555/1639/2745 566/435/2745
f 568/415/2746 36/1986/2746 37/1987/2746 583/1648/2746
f 583/1648/2747 591/426/2747 568/415/2747
f 548/401/2748 585/461/2748 584/436/2748 532/389/2748
f 583/1648/2749 37/1987/2749 38/1988/2749 608/1647/2749
f 578/447/2750 548/401/2750 562/423/2750
f 589/439/2751 580/1644/2751 581/424/2751
f 577/433/2752 582/427/2752 606/459/2752
f 588/432/2753 579/431/2753 589/439/2753
f 606/459/2754 582/427/2754 597/450/2754
f 598/453/2755 591/426/2755 583/1648/2755
f 590/440/2756 602/456/2756 593/438/2756
f 611/454/2757 592/429/2757 588/432/2757
f 605/1646/2758 590/440/2758 615/1645/2758 614/1650/2758
f 602/456/2759 605/1646/2759 614/1650/2759
f 622/460/2760 621/464/2760 584/436/2760 585/461/2760
f 608/1647/2761 620/474/2761 598/453/2761
f 608/1647/2762 38/1988/2762 39/587/2762 630/492/2762
f 629/1654/2763 607/452/2763 616/451/2763
f 611/454/2764 632/1652/2764 631/481/2764 617/455/2764
f 625/449/2765 603/448/2765 634/473/2765 633/472/2765
f 627/1653/2766 611/454/2766 612/476/2766
f 637/1989/2767 60/1990/2767 626/468/2767 621/464/2767
f 626/468/2768 60/1990/2768 61/469/2768
f 630/492/2769 654/484/2769 620/474/2769
f 622/460/2770 638/480/2770 637/1989/2770 621/464/2770
f 659/1655/2771 646/495/2771 635/478/2771 641/471/2771
f 640/483/2772 633/472/2772 634/473/2772
f 637/1989/2773 655/500/2773 59/510/2773 60/1990/2773
f 641/471/2774 642/1651/2774 647/1656/2774
f 642/1651/2775 643/466/2775 648/489/2775
f 651/491/2776 650/1657/2776 643/466/2776
f 653/485/2777 652/490/2777 636/475/2777
f 642/1651/2778 662/1659/2778 661/1658/2778 647/1656/2778
f 637/1989/2779 638/480/2779 655/500/2779
f 656/486/2780 627/1653/2780 612/476/2780
f 652/490/2781 676/1663/2781 663/1662/2781 651/491/2781
f 662/1659/2782 649/488/2782 650/1657/2782
f 663/1662/2783 650/1657/2783 651/491/2783
f 653/485/2784 664/1991/2784 676/1663/2784 652/490/2784
f 639/482/2785 671/1992/2785 670/1660/2785 656/486/2785
f 665/498/2786 664/1991/2786 653/485/2786
f 672/502/2787 671/1992/2787 639/482/2787 645/487/2787
f 646/495/2788 674/505/2788 673/501/2788 657/496/2788
f 650/1657/2789 689/522/2789 688/521/2789 662/1659/2789
f 688/521/2790 660/512/2790 661/1658/2790
f 664/1991/2791 665/498/2791 677/1664/2791 676/1663/2791
f 666/497/2792 667/493/2792 679/507/2792 678/1665/2792
f 670/1660/2793 671/1992/2793 687/518/2793 686/520/2793
f 681/509/2794 1261/1668/2794 59/510/2794
f 686/520/2795 685/1661/2795 670/1660/2795
f 678/1665/2796 690/1667/2796 704/534/2796 677/1664/2796
f 687/518/2797 671/1992/2797 672/502/2797
f 684/1666/2798 685/1661/2798 701/519/2798 694/1672/2798
f 668/526/2799 705/523/2799 644/479/2799
f 694/1672/2800 683/515/2800 684/1666/2800
f 693/516/2801 683/515/2801 700/530/2801 699/532/2801
f 699/532/2802 698/1670/2802 693/516/2802
f 690/1667/2803 695/1671/2803 44/1674/2803 704/534/2803
f 697/1669/2804 698/1670/2804 708/543/2804 707/540/2804
f 709/531/2805 708/543/2805 698/1670/2805 699/532/2805
f 706/529/2806 714/539/2806 713/536/2806 705/523/2806
f 718/556/2807 717/1673/2807 702/511/2807
f 726/541/2808 715/538/2808 696/525/2808 692/524/2808
f 742/542/2809 726/541/2809 707/540/2809 708/543/2809
f 712/537/2810 723/550/2810 722/552/2810 705/523/2810
f 710/535/2811 718/556/2811 703/513/2811
f 720/545/2812 719/1700/2812 711/527/2812
f 721/548/2813 705/523/2813 722/552/2813
f 713/536/2814 725/1676/2814 724/1993/2814 712/537/2814
f 724/1993/2815 723/550/2815 712/537/2815
f 714/539/2816 715/538/2816 725/1676/2816 713/536/2816
f 720/545/2817 729/1994/2817 728/1699/2817 719/1700/2817
f 720/545/2818 731/544/2818 730/1995/2818 729/1994/2818
f 721/548/2819 722/552/2819 735/551/2819 734/554/2819
f 742/542/2820 755/553/2820 723/550/2820 724/1993/2820
f 728/1699/2821 729/1994/2821 736/1681/2821 56/566/2821
f 742/542/2822 724/1993/2822 725/1676/2822
f 742/542/2823 715/538/2823 726/541/2823
f 730/1995/2824 737/1682/2824 736/1681/2824 729/1994/2824
f 731/544/2825 738/1684/2825 737/1682/2825 730/1995/2825
f 739/1679/2826 738/1684/2826 731/544/2826 732/549/2826
f 732/549/2827 733/1675/2827 741/1680/2827 747/1677/2827
f 741/1680/2828 733/1675/2828 734/554/2828
f 739/1679/2829 746/1688/2829 745/1686/2829 738/1684/2829
f 743/1683/2830 737/1682/2830 738/1684/2830
f 745/1686/2831 750/1996/2831 749/1687/2831 744/1685/2831
f 752/559/2832 746/1688/2832 739/1679/2832
f 752/559/2833 739/1679/2833 740/1678/2833
f 751/561/2834 750/1996/2834 745/1686/2834
f 751/561/2835 745/1686/2835 746/1688/2835
f 743/1683/2836 749/1687/2836 753/1690/2836 757/564/2836
f 749/1687/2837 750/1996/2837 754/1689/2837 753/1690/2837
f 754/1689/2838 750/1996/2838 751/561/2838
f 761/558/2839 742/542/2839 766/1694/2839
f 758/1691/2840 753/1690/2840 756/560/2840
f 756/560/2841 764/567/2841 760/1692/2841 758/1691/2841
f 760/1692/2842 764/567/2842 763/569/2842 757/564/2842
f 765/568/2843 769/570/2843 768/1696/2843 762/1693/2843
f 767/1695/2844 1275/565/2844 762/1693/2844
f 767/1695/2845 768/1696/2845 769/570/2845 55/571/2845
f 28/586/2846 462/346/2846 461/343/2846 29/1310/2846
f 26/1307/2847 465/333/2847 464/330/2847 27/1308/2847
f 41/508/2848 42/1997/2848 43/1998/2848 695/1671/2848
f 547/414/2849 518/374/2849 445/1697/2849
f 711/527/2850 719/1700/2850 57/1698/2850 58/1999/2850
f 44/1674/2851 695/1671/2851 43/1998/2851
f 784/1701/2852 786/1702/2852 790/608/2852 783/598/2852
f 784/1701/2853 24/596/2853 785/1720/2853 786/1702/2853
f 786/1702/2854 785/1720/2854 787/601/2854 789/603/2854
f 790/608/2855 5/1758/2855 6/600/2855
f 789/603/2856 793/607/2856 790/608/2856
f 794/1703/2857 795/605/2857 800/1706/2857 796/1704/2857
f 799/1705/2858 801/612/2858 796/1704/2858
f 799/1705/2859 800/1706/2859 802/1708/2859 801/612/2859
f 801/612/2860 802/1708/2860 808/1707/2860 803/613/2860
f 803/613/2861 798/611/2861 801/612/2861
f 813/1709/2862 816/623/2862 812/620/2862 810/618/2862
f 826/624/2863 816/623/2863 813/1709/2863
f 1085/653/2864 3/706/2864 811/622/2864
f 824/634/2865 804/614/2865 812/620/2865
f 833/1724/2866 832/1726/2866 824/634/2866 820/625/2866
f 825/1715/2867 834/630/2867 833/1724/2867 820/625/2867
f 833/1724/2868 834/630/2868 845/645/2868 844/1725/2868
f 856/1727/2869 857/1729/2869 860/644/2869 859/1731/2869
f 851/650/2870 840/1719/2870 841/1718/2870
f 853/1728/2871 844/1725/2871 845/645/2871
f 856/1727/2872 832/1726/2872 857/1729/2872
f 857/1729/2873 832/1726/2873 853/1728/2873
f 855/635/2874 856/1727/2874 858/1730/2874
f 855/635/2875 864/1734/2875 863/658/2875 831/651/2875
f 858/1730/2876 866/2000/2876 865/2001/2876 855/635/2876
f 858/1730/2877 859/1731/2877 867/2002/2877 866/2000/2877
f 860/644/2878 873/655/2878 867/2002/2878 859/1731/2878
f 865/2001/2879 871/2003/2879 870/1733/2879 855/635/2879
f 865/2001/2880 866/2000/2880 872/657/2880 871/2003/2880
f 867/2002/2881 873/655/2881 872/657/2881 866/2000/2881
f 870/1733/2882 871/2003/2882 876/2004/2882 875/1736/2882
f 872/657/2883 882/656/2883 876/2004/2883 871/2003/2883
f 864/1734/2884 875/1736/2884 881/662/2884 880/1737/2884
f 876/2004/2885 882/656/2885 881/662/2885 875/1736/2885
f 880/1737/2886 883/661/2886 884/664/2886 879/659/2886
f 888/665/2887 878/660/2887 879/659/2887
f 892/666/2888 893/674/2888 895/675/2888 890/667/2888
f 888/665/2889 879/659/2889 884/664/2889
f 896/673/2890 895/675/2890 893/674/2890
f 911/691/2891 908/687/2891 910/689/2891
f 914/692/2892 913/694/2892 910/689/2892
f 920/699/2893 1658/1315/2893 918/696/2893
f 34/1754/2894 1658/1315/2894 920/699/2894 922/1755/2894
f 2/705/2895 869/652/2895 874/1735/2895 1/2005/2895
f 874/1735/2896 1059/1757/2896 1/2005/2896
f 929/711/2897 928/1761/2897 924/1760/2897
f 928/1761/2898 931/716/2898 930/721/2898 923/1759/2898
f 929/711/2899 938/717/2899 931/716/2899 928/1761/2899
f 933/713/2900 940/1766/2900 939/1765/2900 932/714/2900
f 935/1386/2901 11/1385/2901 10/1762/2901
f 936/1764/2902 8/708/2902 930/721/2902
f 942/719/2903 945/1768/2903 944/1767/2903 941/720/2903
f 936/1764/2904 943/722/2904 949/2006/2904 948/1770/2904
f 947/1769/2905 10/1762/2905 927/709/2905
f 937/718/2906 957/727/2906 949/2006/2906 943/722/2906
f 939/1765/2907 940/1766/2907 950/729/2907 957/727/2907
f 927/709/2908 948/1770/2908 956/726/2908 955/1774/2908
f 949/2006/2909 957/727/2909 956/726/2909 948/1770/2909
f 950/729/2910 944/1767/2910 951/1771/2910 970/730/2910
f 953/1773/2911 954/723/2911 960/1778/2911 959/1776/2911
f 958/1775/2912 952/1772/2912 953/1773/2912
f 974/731/2913 954/723/2913 88/725/2913
f 959/1776/2914 963/739/2914 993/757/2914 958/1775/2914
f 962/1777/2915 955/1774/2915 956/726/2915
f 972/744/2916 967/733/2916 974/731/2916
f 971/1780/2917 982/740/2917 966/1779/2917
f 980/745/2918 975/747/2918 976/738/2918
f 976/738/2919 965/728/2919 969/736/2919
f 984/749/2920 983/1781/2920 973/742/2920
f 984/749/2921 988/1782/2921 987/766/2921 983/1781/2921
f 979/753/2922 975/747/2922 985/746/2922
f 989/751/2923 988/1782/2923 984/749/2923
f 990/754/2924 996/762/2924 995/752/2924 985/746/2924
f 994/764/2925 988/1782/2925 989/751/2925
f 997/758/2926 996/762/2926 990/754/2926 986/748/2926
f 1001/763/2927 1006/2007/2927 1005/771/2927 995/752/2927
f 1000/761/2928 999/1783/2928 989/751/2928
f 1002/773/2929 991/755/2929 992/756/2929
f 1004/785/2930 999/1783/2930 1000/761/2930
f 1001/763/2931 996/762/2931 997/758/2931 1006/2007/2931
f 1009/765/2932 1008/774/2932 982/740/2932 987/766/2932
f 1000/761/2933 87/750/2933 86/1312/2933 1010/778/2933
f 1006/2007/2934 1014/1784/2934 1011/769/2934 1005/771/2934
f 997/758/2935 1027/768/2935 1014/1784/2935 1006/2007/2935
f 1012/780/2936 1007/767/2936 1002/773/2936
f 1003/759/2937 998/760/2937 1021/775/2937
f 1009/765/2938 994/764/2938 1004/785/2938
f 1014/1784/2939 1017/783/2939 1016/770/2939 1011/769/2939
f 1018/1785/2940 1007/767/2940 1012/780/2940
f 1025/792/2941 1018/1785/2941 1019/779/2941
f 1028/786/2942 1029/777/2942 1040/790/2942
f 1039/799/2943 1019/779/2943 1015/772/2943
f 1049/814/2944 1058/824/2944 1057/826/2944 1046/803/2944
f 1038/798/2945 1039/799/2945 1061/839/2945
f 1051/817/2946 1066/832/2946 1065/827/2946 1059/818/2946
f 1054/810/2947 1043/801/2947 1055/808/2947
f 1062/811/2948 1046/803/2948 1063/823/2948
f 1081/821/2949 1115/851/2949 1055/808/2949 1044/806/2949
f 1066/832/2950 1073/852/2950 1072/843/2950 1065/827/2950
f 1068/812/2951 1062/811/2951 1069/1788/2951
f 1070/841/2952 1063/823/2952 1064/825/2952
f 1083/1793/2953 1082/1790/2953 1081/821/2953 1068/812/2953
f 1070/841/2954 1099/840/2954 1084/1792/2954 1069/1788/2954
f 1077/809/2955 1060/820/2955 1093/849/2955 1092/847/2955
f 1076/830/2956 1077/809/2956 1091/848/2956
f 1114/1789/2957 1113/875/2957 1080/838/2957 1055/808/2957
f 1082/1790/2958 1098/862/2958 1097/2008/2958 1096/1791/2958
f 1084/1792/2959 1099/840/2959 1098/862/2959 1083/1793/2959
f 1088/846/2960 1089/845/2960 1100/870/2960 1087/1794/2960
f 1094/835/2961 1111/1807/2961 1110/1800/2961 1093/849/2961
f 1109/1799/2962 1091/848/2962 1092/847/2962
f 1095/850/2963 1117/869/2963 1116/2009/2963 1115/851/2963
f 1112/860/2964 1111/1807/2964 1094/835/2964
f 1079/837/2965 1127/859/2965 1078/836/2965
f 1095/850/2966 1096/1791/2966 1118/868/2966 1117/869/2966
f 1096/1791/2967 1097/2008/2967 1132/861/2967 1118/868/2967
f 1103/1797/2968 1120/1803/2968 1119/1802/2968 1102/1796/2968
f 1132/861/2969 1097/2008/2969 1098/862/2969
f 1107/865/2970 1153/906/2970 1124/1805/2970 1106/857/2970
f 1103/1797/2971 1104/855/2971 1121/1804/2971
f 1111/1807/2972 1125/1806/2972 1144/898/2972 1110/1800/2972
f 1114/1789/2973 1115/851/2973 1130/877/2973 1129/879/2973
f 1115/851/2974 1116/2009/2974 1131/881/2974 1130/877/2974
f 1117/869/2975 1132/861/2975 1131/881/2975 1116/2009/2975
f 1109/1799/2976 1092/847/2976 1144/898/2976 1162/899/2976
f 1135/873/2977 1121/1804/2977 1122/874/2977
f 1127/859/2978 1137/883/2978 1136/1808/2978 1126/867/2978
f 1113/875/2979 1128/1801/2979 1141/2010/2979 1140/1809/2979
f 1167/880/2980 1152/878/2980 1130/877/2980 1131/881/2980
f 1152/878/2981 1141/2010/2981 1128/1801/2981
f 1152/878/2982 1128/1801/2982 1129/879/2982
f 1109/1799/2983 1143/1810/2983 1161/866/2983 1108/858/2983
f 1136/1808/2984 1137/883/2984 1163/885/2984 1144/898/2984
f 1140/1809/2985 1141/2010/2985 1151/895/2985 1139/876/2985
f 1148/889/2986 1138/886/2986 1139/876/2986
f 1151/895/2987 1150/890/2987 1139/876/2987
f 1100/870/2988 1119/1802/2988 1160/896/2988 1159/871/2988
f 1146/888/2989 1164/893/2989 1163/885/2989 1145/884/2989
f 1147/887/2990 1148/889/2990 1156/901/2990 1155/1811/2990
f 1149/891/2991 1166/894/2991 1157/900/2991 1148/889/2991
f 1157/900/2992 1156/901/2992 1148/889/2992
f 1172/1812/2993 1166/894/2993 1151/895/2993 1141/2010/2993
f 1167/880/2994 1172/1812/2994 1141/2010/2994 1152/878/2994
f 1155/1811/2995 1165/910/2995 1164/893/2995 1154/892/2995
f 1156/901/2996 1166/894/2996 1165/910/2996 1155/1811/2996
f 1185/918/2997 1191/1816/2997 1170/907/2997 1176/908/2997
f 1172/1812/2998 1167/880/2998 1194/913/2998
f 1177/919/2999 1143/1810/2999 1162/899/2999
f 1178/914/3000 1163/885/3000 1164/893/3000
f 1169/922/3001 1174/924/3001 1159/871/3001
f 1175/1813/3002 1160/896/3002 1170/907/3002
f 1181/933/3003 1173/916/3003 1168/903/3003
f 1185/918/3004 1196/929/3004 1204/953/3004 1191/1816/3004
f 1188/928/3005 1178/914/3005 1182/1815/3005
f 1181/933/3006 1168/903/3006 1202/935/3006
f 1202/935/3007 1168/903/3007 76/1224/3007
f 1186/915/3008 1187/1814/3008 1205/1817/3008 1198/940/3008
f 1197/942/3009 1192/921/3009 1186/915/3009
f 1193/927/3010 1206/930/3010 1199/1818/3010 1187/1814/3010
f 1217/946/3011 1206/930/3011 1189/926/3011 1194/913/3011
f 1175/1813/3012 1203/1823/3012 1214/950/3012 1184/925/3012
f 1207/920/3013 1190/917/3013 1218/1819/3013
f 1195/923/3014 1184/925/3014 1214/950/3014
f 1204/953/3015 1203/1823/3015 1175/1813/3015 1191/1816/3015
f 1207/920/3016 1225/967/3016 1217/946/3016 1194/913/3016
f 1209/958/3017 1208/960/3017 1196/929/3017 1192/921/3017
f 1204/953/3018 1196/929/3018 1208/960/3018
f 1206/930/3019 1217/946/3019 1216/948/3019 1211/1822/3019
f 1209/958/3020 1192/921/3020 1197/942/3020
f 1211/1822/3021 1205/1817/3021 1206/930/3021
f 1210/1821/3022 1223/957/3022 1222/962/3022 1198/940/3022
f 1216/948/3023 1224/947/3023 1223/957/3023 1210/1821/3023
f 1228/955/3024 1227/951/3024 1214/950/3024 1203/1823/3024
f 1248/980/3025 1239/982/3025 1215/941/3025 1242/973/3025
f 1239/982/3026 1229/945/3026 1215/941/3026
f 1242/973/3027 1243/974/3027 1249/984/3027 1248/980/3027
f 1250/977/3028 1249/984/3028 1243/974/3028 1224/947/3028
f 1260/2011/3029 1259/1825/3029 1239/982/3029 1253/981/3029
f 1246/998/3030 1221/952/3030 1227/951/3030
f 1254/1824/3031 1248/980/3031 1249/984/3031
f 1274/1005/3032 1236/968/3032 1245/996/3032
f 1234/959/3033 1229/945/3033 1258/988/3033
f 1253/981/3034 1254/1824/3034 1261/983/3034 1260/2011/3034
f 1259/1825/3035 1260/2011/3035 1265/994/3035 1264/1826/3035
f 1227/951/3036 1256/971/3036 1267/992/3036
f 1269/1828/3037 1268/2012/3037 1247/987/3037 1264/1826/3037
f 1265/994/3038 1260/2011/3038 1261/983/3038
f 1266/976/3039 1244/966/3039 61/1827/3039
f 1268/2012/3040 1271/2013/3040 1258/988/3040 1247/987/3040
f 1269/1828/3041 1264/1826/3041 1265/994/3041
f 1268/2012/3042 1269/1828/3042 1272/993/3042 1271/2013/3042
f 1258/988/3043 1271/2013/3043 1277/1007/3043 1276/1834/3043
f 59/999/3044 1250/977/3044 1266/976/3044
f 1275/1008/3045 773/1840/3045 1267/992/3045
f 1257/979/3046 1258/988/3046 56/1000/3046
f 1024/789/3047 85/781/3047 84/1868/3047 1030/1786/3047
f 1277/1007/3048 1271/2013/3048 1272/993/3048
f 84/1868/3049 83/1001/3049 1036/802/3049 1030/1786/3049
f 80/1835/3050 1454/1002/3050 1058/824/3050 1050/1787/3050
f 1277/1007/3051 711/1006/3051 58/1838/3051 1276/1834/3051
f 776/1832/3052 6/1841/3052 1233/963/3052
f 1071/842/3053 1085/844/3053 2/828/3053
f 1280/1843/3054 1288/1016/3054 1287/1025/3054 1279/1534/3054
f 1293/1846/3055 1303/1847/3055 1302/1850/3055 1298/1024/3055
f 1293/1846/3056 1278/1013/3056 1287/1025/3056
f 1295/1845/3057 1296/1018/3057 1308/1853/3057 1304/1852/3057
f 1318/1848/3058 1303/1847/3058 1299/1027/3058
f 1304/1852/3059 1318/1848/3059 1295/1845/3059
f 1306/1035/3060 1302/1850/3060 1314/1851/3060 1313/1047/3060
f 1308/1853/3061 1296/1018/3061 1297/1022/3061
f 1306/1035/3062 1298/1024/3062 1302/1850/3062
f 1318/1848/3063 1304/1852/3063 1323/1856/3063 1342/1052/3063
f 1331/1056/3064 1335/1072/3064 1315/1039/3064 1309/1036/3064
f 1330/1044/3065 1323/1856/3065 1304/1852/3065
f 1324/1055/3066 1300/1029/3066 1316/1041/3066
f 1315/1039/3067 1335/1072/3067 1334/1077/3067 1319/1038/3067
f 1339/1063/3068 1351/1064/3068 1350/1086/3068 1329/1046/3068
f 1328/1051/3069 49/326/3069 1337/1062/3069
f 1333/1045/3070 1367/1076/3070 1345/1069/3070 1323/1856/3070
f 1346/1855/3071 1357/1862/3071 1356/1861/3071 1331/1056/3071
f 1343/1061/3072 1360/1082/3072 1359/1079/3072 1346/1855/3072
f 1357/1862/3073 1371/1080/3073 1386/1101/3073 1356/1861/3073
f 1354/1859/3074 1372/104/3074 1353/1860/3074 1349/1858/3074
f 1365/1863/3075 1375/1125/3075 1374/1095/3075 1364/1068/3075
f 1372/104/3076 1336/1058/3076 51/102/3076
f 1373/1089/3077 1351/1064/3077 1363/1073/3077
f 1370/1864/3078 1386/1101/3078 1378/1093/3078 1355/1071/3078
f 1373/1089/3079 1363/1073/3079 1384/1096/3079 1383/1094/3079
f 1382/1088/3080 1388/1109/3080 1387/1865/3080 1381/1087/3080
f 1378/1093/3081 1386/1101/3081 1392/1103/3081
f 1393/324/3082 1353/1860/3082 1372/104/3082
f 1387/1865/3083 1388/1109/3083 1398/1108/3083 1397/1105/3083
f 1389/1107/3084 1388/1109/3084 1382/1088/3084
f 1390/1097/3085 1385/1098/3085 1422/1115/3085
f 1391/1092/3086 1401/1110/3086 1405/1135/3086 1385/1098/3086
f 85/781/3087 1394/1104/3087 1407/1128/3087 84/1868/3087
f 1404/1866/3088 1403/1111/3088 1396/1106/3088
f 1375/1125/3089 1400/1070/3089 1415/1150/3089
f 1394/1104/3090 1395/1083/3090 1412/1119/3090 1407/1128/3090
f 1404/1866/3091 1428/1113/3091 1410/1124/3091 1403/1111/3091
f 1408/1118/3092 1395/1083/3092 1402/1112/3092
f 1410/1124/3093 1409/1120/3093 1402/1112/3093
f 1410/1124/3094 1421/1123/3094 1414/1867/3094 1409/1120/3094
f 1414/1867/3095 1413/1122/3095 1408/1118/3095
f 1414/1867/3096 1436/1147/3096 1420/1869/3096 1413/1122/3096
f 1416/1127/3097 1405/1135/3097 1401/1110/3097
f 1418/1132/3098 1417/1130/3098 1407/1128/3098
f 1420/1869/3099 1419/1131/3099 1412/1119/3099
f 1420/1869/3100 1436/1147/3100 1427/1870/3100 1419/1131/3100
f 1426/1129/3101 1434/1873/3101 1433/1140/3101 83/1001/3101
f 1415/1150/3102 1390/1097/3102 1437/1136/3102
f 1427/1870/3103 1440/1143/3103 1435/1872/3103 1417/1130/3103
f 1435/1872/3104 1434/1873/3104 1426/1129/3104
f 1435/1872/3105 1440/1143/3105 1439/1145/3105 1434/1873/3105
f 1439/1145/3106 1449/1153/3106 1444/1914/3106 1432/1141/3106
f 1447/1871/3107 1423/1114/3107 1442/1161/3107
f 1451/1159/3108 1423/1114/3108 1429/1134/3108
f 1436/1147/3109 1456/1146/3109 1450/1156/3109 1440/1143/3109
f 1445/1144/3110 1460/1876/3110 1459/1874/3110 1455/1152/3110
f 1461/1157/3111 1460/1876/3111 1445/1144/3111 1440/1143/3111
f 1442/1161/3112 1463/1160/3112 1468/1169/3112 1447/1871/3112
f 1458/1166/3113 1415/1150/3113 1462/1149/3113
f 1461/1157/3114 1465/1877/3114 1464/1875/3114 1460/1876/3114
f 1489/1164/3115 1448/1139/3115 279/172/3115
f 79/863/3116 1454/1002/3116 1459/1874/3116
f 1464/1875/3117 1465/1877/3117 1471/1878/3117 79/863/3117
f 1450/1156/3118 1472/1168/3118 1471/1878/3118 1465/1877/3118
f 1466/1165/3119 1476/2014/3119 1475/1879/3119 1472/1168/3119
f 1477/2015/3120 1476/2014/3120 1466/1165/3120 1456/1146/3120
f 1478/1174/3121 1484/1182/3121 1467/1158/3121 1457/1148/3121
f 1477/2015/3122 1482/1881/3122 1475/1879/3122 1476/2014/3122
f 1479/1167/3123 1458/1166/3123 1485/1183/3123
f 1483/1882/3124 1482/1881/3124 1477/2015/3124 1456/1146/3124
f 1467/1158/3125 1484/1182/3125 1483/1882/3125 1456/1146/3125
f 1463/1160/3126 1488/1187/3126 1494/1884/3126 1468/1169/3126
f 1487/1880/3127 1468/1169/3127 1494/1884/3127
f 1483/1882/3128 1491/1883/3128 1490/1188/3128 1482/1881/3128
f 1484/1182/3129 1499/1181/3129 1498/1189/3129 1491/1883/3129
f 1488/1187/3130 1501/1186/3130 1493/1198/3130 1494/1884/3130
f 1504/1886/3131 1503/1885/3131 1499/1181/3131 1478/1174/3131
f 1497/1172/3132 1510/1211/3132 1474/1177/3132
f 1486/1178/3133 1506/1199/3133 1513/1205/3133 1492/1179/3133
f 1519/1203/3134 1518/1887/3134 1504/1886/3134 1505/1173/3134
f 1511/1196/3135 1503/1885/3135 1504/1886/3135
f 1508/1192/3136 1515/1190/3136 1502/1176/3136
f 1510/1211/3137 1516/1209/3137 1474/1177/3137
f 1521/1202/3138 1525/1197/3138 1524/1888/3138 1518/1887/3138
f 1523/1201/3139 1507/1200/3139 1515/1190/3139
f 1524/1888/3140 1511/1196/3140 1518/1887/3140
f 1520/1194/3141 1523/1201/3141 1536/1220/3141 1530/1206/3141
f 1528/1217/3142 1506/1199/3142 1493/1198/3142
f 1542/2016/3143 1541/1890/3143 1533/1214/3143 1526/1213/3143
f 1531/1225/3144 1524/1888/3144 1532/1889/3144
f 1532/1889/3145 1541/1890/3145 1547/1233/3145 1531/1225/3145
f 1543/1226/3146 1528/1217/3146 1529/1216/3146
f 1542/2016/3147 1548/1237/3147 1547/1233/3147 1541/1890/3147
f 1526/1213/3148 1549/1235/3148 1548/1237/3148 1542/2016/3148
f 1544/1227/3149 1553/1232/3149 1552/1238/3149 1536/1220/3149
f 1534/1219/3150 1564/1239/3150 1563/1891/3150 1543/1226/3150
f 1538/1221/3151 1557/1241/3151 1556/1250/3151 1537/1222/3151
f 1549/1235/3152 1560/1242/3152 1559/1234/3152 1554/1236/3152
f 1559/1234/3153 1547/1233/3153 1554/1236/3153
f 1568/1892/3154 1574/1895/3154 1567/1248/3154 1559/1234/3154
f 1549/1235/3155 1550/1215/3155 1560/1242/3155
f 1569/1893/3156 1575/2017/3156 1574/1895/3156 1568/1892/3156
f 1564/1239/3157 1581/2018/3157 1580/1254/3157 1563/1891/3157
f 1576/1252/3158 1575/2017/3158 1569/1893/3158
f 1579/1255/3159 1578/1253/3159 1562/1244/3159
f 1576/1252/3160 1585/1897/3160 1584/1896/3160 1575/2017/3160
f 1581/2018/3161 1564/1239/3161 1565/1245/3161
f 1584/1896/3162 1574/1895/3162 1575/2017/3162
f 1576/1252/3163 1577/1249/3163 1586/1260/3163 1585/1897/3163
f 1586/1260/3164 1590/1261/3164 1589/1271/3164 1585/1897/3164
f 1580/1254/3165 1581/2018/3165 1592/1262/3165 1591/1268/3165
f 1598/1293/3166 1603/1284/3166 1578/1253/3166
f 1579/1255/3167 1598/1293/3167 1578/1253/3167
f 1590/1261/3168 1577/1249/3168 1597/2019/3168 1596/1898/3168
f 1581/2018/3169 1565/1245/3169 1592/1262/3169
f 1609/1270/3170 1584/1896/3170 1589/1271/3170
f 1597/2019/3171 1601/1899/3171 1600/1272/3171 1596/1898/3171
f 1597/2019/3172 1577/1249/3172 1602/1283/3172 1601/1899/3172
f 1602/1283/3173 1607/1902/3173 1606/1900/3173 1601/1899/3173
f 1607/1902/3174 1602/1283/3174 1612/1903/3174 1611/1901/3174
f 1610/1281/3175 1600/1272/3175 1606/1900/3175
f 1620/1285/3176 1624/2020/3176 1623/1905/3176 1619/1904/3176
f 1620/1285/3177 1619/1904/3177 1612/1903/3177
f 1620/1285/3178 1603/1284/3178 1625/1289/3178 1624/2020/3178
f 1623/1905/3179 1624/2020/3179 1629/1906/3179 1610/1281/3179
f 1625/1289/3180 1630/1908/3180 1629/1906/3180 1624/2020/3180
f 1625/1289/3181 1632/1288/3181 1631/2021/3181 1630/1908/3181
f 1631/2021/3182 1635/1909/3182 1634/1907/3182 1630/1908/3182
f 1631/2021/3183 1632/1288/3183 1636/2022/3183 1635/1909/3183
f 1636/2022/3184 1642/1912/3184 1641/1910/3184 1635/1909/3184
f 1636/2022/3185 1632/1288/3185 1643/1296/3185 1642/1912/3185
f 1643/1296/3186 1647/1298/3186 1646/1911/3186 1642/1912/3186
f 1637/1294/3187 1644/1302/3187 1615/1295/3187
f 1645/1311/3188 1634/1907/3188 1641/1910/3188
f 1632/1288/3189 1626/1290/3189 1654/1300/3189 1648/1297/3189
f 1648/1297/3190 1653/1303/3190 1652/1309/3190 1647/1298/3190
f 1650/1301/3191 1621/1287/3191 1614/1286/3191
f 18/1913/3192 17/1974/3192 1282/1015/3192 1281/1014/3192
f 1654/1300/3193 28/586/3193 29/1310/3193 1653/1303/3193
f 1282/1015/3194 17/1974/3194 16/1306/3194
f 13/1545/3195 1284/1017/3195 14/1546/3195
f 1652/1309/3196 461/343/3196 30/342/3196 1646/1911/3196
f 1444/1914/3197 1449/1153/3197 80/1835/3197 81/813/3197
f 1640/1619/3198 468/349/3198 33/1280/3198
f 80/1835/3199 1449/1153/3199 1454/1002/3199
f 86/1312/3200 1361/1066/3200 1379/1084/3200 85/781/3200
f 1432/1141/3201 81/813/3201 82/815/3201
f 1432/1141/3202 82/815/3202 83/1001/3202
f 1655/1753/3203 1657/1915/3203 1656/1313/3203 34/1754/3203
f 1338/1065/3204 974/731/3204 1326/1043/3204
f 1661/1916/3205 1663/1917/3205 1662/1388/3205 1659/1314/3205
f 1660/1752/3206 1657/1915/3206 1655/1753/3206
f 1660/1752/3207 1659/1314/3207 1657/1915/3207
f 1665/1751/3208 1663/1917/3208 1661/1916/3208
f 1665/1751/3209 1664/1389/3209 1663/1917/3209
f 1668/1316/3210 1666/1918/3210 1665/1751/3210
f 1668/1316/3211 1667/1919/3211 1666/1918/3211
f 1669/1390/3212 1664/1389/3212 1667/1919/3212
f 1675/1750/3213 1673/1920/3213 1672/1317/3213
f 1676/1321/3214 1681/1923/3214 1680/1327/3214 1671/1319/3214
f 1675/1750/3215 1674/1322/3215 1673/1920/3215
f 1678/1323/3216 1677/1320/3216 1675/1750/3216
f 1679/1341/3217 1669/1390/3217 1671/1319/3217
f 1676/1321/3218 1677/1320/3218 1682/1921/3218 1681/1923/3218
f 1680/1327/3219 1681/1923/3219 1688/1924/3219 1687/1922/3219
f 1679/1341/3220 1671/1319/3220 1686/1328/3220
f 1683/1325/3221 1690/1324/3221 1689/1331/3221 1688/1924/3221
f 1685/1749/3222 1692/1329/3222 1691/1925/3222 1684/1326/3222
f 1685/1749/3223 1694/1334/3223 1693/1926/3223 1692/1329/3223
f 1686/1328/3224 1697/1927/3224 1696/2023/3224 1679/1341/3224
f 1686/1328/3225 1687/1922/3225 1698/1928/3225 1697/1927/3225
f 1688/1924/3226 1689/1331/3226 1698/1928/3226 1687/1922/3226
f 1704/1343/3227 1703/1339/3227 1679/1341/3227 1696/2023/3227
f 1706/1333/3228 1693/1926/3228 1694/1334/3228
f 1701/1338/3229 1694/1334/3229 1695/1748/3229
f 1696/2023/3230 1697/1927/3230 1705/1335/3230 1704/1343/3230
f 1701/1338/3231 1708/1929/3231 1707/1930/3231 1700/1332/3231
f 1707/1930/3232 1706/1333/3232 1700/1332/3232
f 1708/1929/3233 1713/1353/3233 1758/1346/3233 1707/1930/3233
f 1695/1748/3234 1715/1931/3234 1714/1351/3234 1702/1336/3234
f 1711/1340/3235 1712/1342/3235 1719/1350/3235 1718/1932/3235
f 1723/2024/3236 1722/1358/3236 1730/1348/3236 1717/1347/3236
f 1717/1347/3237 1718/1932/3237 1724/1361/3237 1723/2024/3237
f 1721/1355/3238 1716/1354/3238 1727/1935/3238 1726/1933/3238
f 1724/1361/3239 1718/1932/3239 1719/1350/3239
f 1722/1358/3240 1723/2024/3240 1733/1363/3240 1732/1936/3240
f 1729/1747/3241 1736/1937/3241 1735/1373/3241 1728/1934/3241
f 1733/1363/3242 1723/2024/3242 1724/1361/3242
f 1742/1352/3243 1726/1933/3243 1727/1935/3243
f 1733/1363/3244 1749/1362/3244 1740/1939/3244 1732/1936/3244
f 1738/1746/3245 1745/1745/3245 1744/1940/3245 1737/1938/3245
f 1746/1744/3246 1753/1941/3246 1752/1376/3246 1745/1745/3246
f 1741/1370/3247 1772/1371/3247 1725/1349/3247
f 1755/1742/3248 1760/1943/3248 1759/1378/3248 1754/1743/3248
f 1762/1365/3249 1747/1364/3249 1757/1368/3249
f 1772/1371/3250 1764/1404/3250 1749/1362/3250
f 1773/1381/3251 1720/1345/3251 1758/1346/3251
f 1757/1368/3252 1780/1398/3252 1771/1946/3252 1762/1365/3252
f 1761/1741/3253 1756/1740/3253 1768/1945/3253
f 66/1739/3254 1776/1947/3254 1768/1945/3254 1756/1740/3254
f 1769/1392/3255 1770/1391/3255 1779/1395/3255 1778/1397/3255
f 1780/1398/3256 1779/1395/3256 1770/1391/3256 1771/1946/3256
f 1777/1393/3257 1778/1397/3257 1787/1396/3257 1786/1949/3257
f 1781/1400/3258 1780/1398/3258 1763/1942/3258
f 1785/1394/3259 1786/1949/3259 1795/2025/3259 1794/1950/3259
f 1787/1396/3260 1804/1399/3260 1795/2025/3260 1786/1949/3260
f 1793/1383/3261 1794/1950/3261 1799/2026/3261 1798/1952/3261
f 1801/1384/3262 1793/1383/3262 1797/1951/3262
f 1795/2025/3263 1804/1399/3263 1799/2026/3263 1794/1950/3263
f 1797/1951/3264 1798/1952/3264 1803/1421/3264 1802/1953/3264
f 1799/2026/3265 1804/1399/3265 1803/1421/3265 1798/1952/3265
f 1802/1953/3266 1818/1955/3266 1813/1425/3266 1812/1427/3266
f 1803/1421/3267 1839/1420/3267 1818/1955/3267 1802/1953/3267
f 1811/1407/3268 93/1410/3268 69/1957/3268 1823/1450/3268
f 1814/1424/3269 1796/1380/3269 1809/1405/3269
f 1817/1426/3270 1816/1954/3270 1801/1384/3270 1812/1427/3270
f 1816/1954/3271 1825/1440/3271 1824/1435/3271 10/1418/3271
f 1816/1954/3272 1817/1426/3272 1826/1438/3272 1825/1440/3272
f 1824/1435/3273 1825/1440/3273 1834/1439/3273 1833/1956/3273
f 1826/1438/3274 1817/1426/3274 1818/1955/3274
f 1832/1436/3275 1833/1956/3275 1843/1464/3275 1838/1445/3275
f 1827/1431/3276 1789/1403/3276 1806/1429/3276
f 1837/1416/3277 1836/1430/3277 1807/1423/3277
f 1846/1461/3278 1814/1424/3278 1809/1405/3278
f 1810/1408/3279 1823/1450/3279 1860/1452/3279 1863/1482/3279
f 1843/1464/3280 1833/1956/3280 1834/1439/3280
f 1808/1415/3281 1844/1449/3281 1837/1416/3281
f 1842/1446/3282 1841/1976/3282 9/1437/3282
f 1827/1431/3283 1836/1430/3283 1844/1449/3283 1865/1475/3283
f 1847/1549/3284 1841/1976/3284 1842/1446/3284
f 1828/1433/3285 1849/1459/3285 1844/1449/3285
f 1870/1470/3286 1875/1486/3286 1869/1474/3286 1865/1475/3286
f 1871/1469/3287 1849/1459/3287 1862/1458/3287
f 1842/1446/3288 1878/1463/3288 7/1550/3288 1847/1549/3288
f 1859/1444/3289 1877/1476/3289 1850/1455/3289
f 1831/1417/3290 1863/1482/3290 1881/1484/3290 1898/1503/3290
f 1873/1478/3291 1856/1462/3291 1851/1447/3291
f 1875/1486/3292 1883/1959/3292 1887/1958/3292 1869/1474/3292
f 1883/1959/3293 1890/1517/3293 1892/1519/3293 1887/1958/3293
f 1889/1488/3294 1855/1460/3294 1877/1476/3294
f 1897/1498/3295 1898/1503/3295 1900/1513/3295 1899/1512/3295
f 1890/1517/3296 1883/1959/3296 1884/1485/3296
f 1908/1496/3297 1874/1477/3297 1885/1491/3297
f 1905/1960/3298 1906/1495/3298 1913/1523/3298 1912/1962/3298
f 1905/1960/3299 1912/1962/3299 1920/1961/3299 1919/1527/3299
f 1930/1967/3300 1929/1965/3300 1928/1521/3300 1918/1525/3300
f 1932/1970/3301 1919/1527/3301 1920/1961/3301
f 1913/1523/3302 1932/1970/3302 1920/1961/3302
f 1933/1964/3303 1292/1020/3303 1901/1500/3303
f 1925/1528/3304 1919/1527/3304 1932/1970/3304 1939/1544/3304
f 1929/1965/3305 1930/1967/3305 1938/1969/3305 1937/1968/3305
f 1921/1511/3306 1948/1971/3306 1913/1523/3306
f 1931/1531/3307 1925/1528/3307 1939/1544/3307 1938/1969/3307
f 1927/1543/3308 20/1009/3308 1933/1964/3308 1922/1497/3308
f 1949/1533/3309 1940/1529/3309 1907/1514/3309
f 1923/1505/3310 1941/1535/3310 1934/1526/3310 1916/1507/3310
f 1936/1966/3311 1943/1542/3311 1942/1537/3311 1928/1521/3311
f 1938/1969/3312 1947/1547/3312 1944/1540/3312 1937/1968/3312
f 1944/1540/3313 1943/1542/3313 1936/1966/3313
f 1942/1537/3314 1943/1542/3314 1946/1541/3314 1951/1548/3314
f 1939/1544/3315 1932/1970/3315 1948/1971/3315 13/1545/3315
f 1939/1544/3316 14/1546/3316 1938/1969/3316
f 8/1977/3317 1841/1976/3317 1847/1549/3317 925/1551/3317
f 93/1410/3318 1784/1948/3318 68/1973/3318
f 90/2027/3319 1860/1452/3319 70/1451/3319
f 71/1483/3320 1860/1452/3320 90/2027/3320
f 12/1844/3321 13/1545/3321 1948/1971/3321
f 15/1019/3322 1946/1541/3322 1947/1547/3322
f 1950/1539/3323 1951/1548/3323 16/1306/3323
f 16/1306/3324 17/1974/3324 1950/1539/3324
f 1279/1534/3325 1278/1013/3325 1941/1535/3325
